"","PLOT_ID","specie","G_sp","N_sp","sp_1","sp_2","sp_3","G_sp_1","G_sp_2","G_sp_3","N_sp_1","N_sp_2","N_sp_3","SUM_DBH","SUM_H","BASAL_AREA","DENSITY","CD_0_75","CD_75_125","CD_125_175","CD_175_225","CD_225_275","CD_275_325","CD_325_375","CD_375_425","CD_425_","MEAN_DBH","MEAN_H","QM_DBH","DOMINANT_H","X","Provincia","Estadillo","ESTRATO","FECHGR","CODGR","NUMPMA","NUMTIP","NUMPME","NUMMAT","VERIFICA","FECHAVE","CODVE","HOJA","VUELO","FOTO","COORDEX","COORDEY","ANO","MUNICI","PROPIED1","PROPIED2","AREAPRO1","AREAPRO2","ALTITUD1","ALTITUD2","PENDIEN1","PENDIEN2","USO1","USO2","FRACCION1","FRACCION2","ESPECIA12","OCUPA11","OCUPA12","ESTADA11","ESTADA12","ESPECIA21","ESPECIA22","OCUPA21","OCUPA22","ESTADA21","ESTADA22","ESPECIA31","ESPECIA32","OCUPA31","OCUPA32","ESTADA31","ESTADA32","ESPECIB1","MASAB1","ORIGEB1","EDADB1","ESPECIB2","MASAB2","ORIGEB2","EDADB2","ESPECIB3","MASAB3","ORIGEB3","EDADB3","ESPECIE1","ESPECIE2","ESPECIE3","ESPECIE4","ESPECIE5","ESPECIE6","ESPECIE7","CLASUELO","ESPESOR","CLACOBER","CUBIERTA","MEROSIVA1","MEROSIVA2","MEROSIVA3","MEROSIVA4","DISESPAC","COMPESPE","PREPSUEL1","PREPSUEL2","TRAVUELO1","TRAVUELO2","CORTAS","DANOS1","DANOS2","DANOS3","ORIENTA1","ORIENTA2","MAXPEND1","MAXPEND2","INVENTORY_ID","AGE","MUNICIPALITY","SPECIE_IFN_ID","Fecha_IFN2","Anyo_IFN2","EXEC_TIME"
"14418","27_1187","21",320182.152777778,1428.8577113139,21,NA,NA,320182.152777778,NA,NA,1428.8577113139,NA,NA,23136.8845937458,12157.6692639642,32.0182152777778,1428.8577113139,0,254.647908947033,668.45076098596,350.14087480217,127.323954473516,28.2942121052258,0,0,0,16.1925742574257,8.50866336633663,16.8911464740532,10,627,27,1187,NA,892212,NA,NA,NA,NA,NA,"S",902501,NA,49,1,"0049K02","649","4792",87,48,"6","6","0","0","07",7,3,4,9,1,"00",90,21,0,0,2,3,NA,NA,NA,NA,NA,NA,NA,NA,NA,NA,NA,NA,21,1,2,27,NA,NA,NA,NA,NA,NA,NA,NA,21,65,41,NA,NA,NA,NA,2,9,"G","17",NA,NA,NA,"1",1,1,NA,0,NA,0,0,NA,NA,"01",151,NA,"4.75",NA,"IFN2",27,48,21,"19892212",1989,9
"14419","27_1190","21",146574.534722222,293.552450591718,21,NA,NA,146574.534722222,NA,NA,293.552450591718,NA,NA,7306.4497596976,2762.22245677267,14.6574534722222,293.552450591718,0,0,31.8309886183791,63.6619772367581,127.323954473516,70.7355302630646,0,0,0,24.8897590361446,9.40963855421687,25.2139836178165,10.3125,630,27,1190,NA,892212,NA,NA,NA,NA,NA,"S",902501,NA,49,1,"0049K02","649","4791",87,18,"3","3","0","0","07",7,3,4,9,1,"00",60,21,0,7,2,4,NA,57,NA,2,NA,2,NA,73,NA,1,NA,3,21,1,2,30,57,3,6,NA,73,3,6,NA,21,57,73,NA,NA,NA,NA,2,9,"G","20",NA,NA,NA,"1",1,2,NA,0,NA,0,0,NA,NA,"01",353,NA,"6.50",NA,"IFN2",30,18,21,"19892212",1989,9
"14421","27_1192","21",288358.423611111,1414.71060526129,21,NA,NA,288358.423611111,NA,NA,1414.71060526129,NA,NA,22275.5026739673,11549.3437037019,28.8358423611111,1414.71060526129,0,381.971863420549,509.295817894065,509.295817894065,14.1471060526129,0,0,0,0,15.745625,8.16375,16.1097045674339,9.53225806451613,632,27,1192,NA,892212,NA,NA,NA,NA,NA,"S",902501,NA,49,1,"0049K03","651","4791",87,18,"3","3","0","0","08",8,3,4,9,1,"00",85,21,0,0,2,3,NA,NA,NA,NA,NA,NA,NA,NA,NA,NA,NA,NA,21,1,2,25,NA,NA,NA,NA,NA,NA,NA,NA,21,NA,NA,NA,NA,NA,NA,2,6,"G","20",NA,NA,NA,"1",1,1,NA,0,NA,0,0,NA,NA,"01",81,NA,"5.50",NA,"IFN2",25,18,21,"19892212",1989,9
"14430","27_1201","21",308811.395833333,1584.47587789265,21,NA,NA,308811.395833333,NA,NA,1584.47587789265,NA,NA,23814.3541348403,10921.5658726172,30.8811395833333,1584.47587789265,0,509.295817894065,541.126806512444,477.464829275686,56.5884242104517,0,0,0,0,15.0297991071429,6.89285714285714,15.7528414741255,8.36764705882353,641,27,1201,NA,892212,NA,NA,NA,NA,NA,"S",902501,NA,49,1,"0049L03","649","4788",87,18,"3","3","0","0","07",7,3,3,9,1,"00",90,21,0,0,2,3,NA,NA,NA,NA,NA,NA,NA,NA,NA,NA,NA,NA,21,1,2,30,NA,NA,NA,NA,NA,NA,NA,NA,21,41,NA,NA,NA,NA,NA,2,12,"G","19",NA,NA,NA,"1",1,1,NA,0,NA,0,0,NA,NA,"01",313,NA,"3.00",NA,"IFN2",30,18,21,"19892212",1989,9
"14432","27_1207","21",92381.875,795.774715459477,21,NA,NA,92381.875,NA,NA,795.774715459477,NA,NA,9415.60643331653,4360.84544071793,9.2381875,795.774715459477,0,509.295817894065,254.647908947033,31.8309886183791,0,0,0,0,0,11.832,5.48,12.1577547269222,7,646,27,1207,NA,892212,NA,NA,NA,NA,NA,"S",902501,NA,49,1,"0049L03","649","4787",87,53,"5","5","0","0","07",7,3,4,9,1,"00",45,21,0,9,2,3,NA,28,NA,1,NA,3,NA,NA,NA,NA,NA,NA,21,1,2,23,28,3,1,NA,NA,NA,NA,NA,21,28,NA,NA,NA,NA,NA,2,8,"G","20",NA,NA,NA,"1",1,2,NA,0,NA,0,0,NA,NA,"01",304,NA,"4.50",NA,"IFN2",23,53,21,"19892212",1989,9
"14466","27_1277","21",284729.277777778,1280.31309776147,21,NA,NA,284729.277777778,NA,NA,1280.31309776147,NA,NA,20911.8984893211,10062.1291799209,28.4729277777778,1280.31309776147,0,127.323954473516,732.112738222719,350.14087480217,28.2942121052258,28.2942121052258,14.1471060526129,0,0,16.3334254143646,7.85911602209945,16.8272454027777,9.03448275862069,715,27,1277,NA,892812,NA,NA,NA,NA,NA,"S",902601,NA,71,2,"0071M11","591","4764",87,20,"7","7","0","0","6",6,3,2,9,1,"70",90,21,0,0,4,3,NA,NA,NA,NA,NA,NA,NA,NA,NA,NA,NA,NA,21,1,2,30,NA,NA,NA,NA,NA,NA,NA,NA,21,73,41,72,NA,NA,NA,2,6,"G","20",NA,NA,NA,"1",1,2,NA,0,NA,4,0,NA,NA,"P714",61,NA,"2.25",NA,"IFN2",30,20,21,"19892812",1989,9
"14562","27_1626","21",200551.75,1432.39448782706,21,NA,NA,200551.75,NA,NA,1432.39448782706,NA,NA,18404.6776191468,8785.35285867262,20.055175,1432.39448782706,0,763.943726841098,509.295817894065,159.154943091895,0,0,0,0,0,12.8488888888889,6.13333333333333,13.351712332964,7.375,1047,27,1626,NA,901701,NA,NA,NA,NA,NA,"S",900102,NA,74,2,"0074J11","670","4778",87,35,"3","3","0","0","08",8,5,5,9,1,"00",70,21,0,0,2,3,NA,NA,NA,NA,NA,NA,NA,NA,NA,NA,NA,NA,21,1,2,25,NA,NA,NA,NA,NA,NA,NA,NA,21,25,NA,NA,NA,NA,NA,2,6,"G","20",NA,NA,NA,"1",1,1,NA,0,NA,0,0,NA,NA,"01",167,NA,"7.25",NA,"IFN2",25,35,21,"19901701",1990,8
"14563","27_1630","21",44116,763.943726841098,21,NA,NA,44116,NA,NA,763.943726841098,NA,NA,6506.25407359668,3055.77490736439,4.4116,763.943726841098,0,763.943726841098,0,0,0,0,0,0,0,8.51666666666667,4,8.57476919028534,4.5,1049,27,1630,NA,901701,NA,NA,NA,NA,NA,"S",900102,NA,74,2,"0074J08","663","4777",87,18,"3","3","0","0","09",9,3,2,9,1,"70",70,21,0,0,3,3,NA,NA,NA,NA,NA,NA,NA,NA,NA,NA,NA,NA,21,1,2,25,NA,NA,NA,NA,NA,NA,NA,NA,21,NA,NA,NA,NA,NA,NA,2,8,"G","20",NA,NA,NA,"1",1,1,NA,0,NA,0,0,NA,NA,"01",7,NA,"1.50",NA,"IFN2",25,18,21,"19901701",1990,8
"14570","27_1649","21",230375.125,1718.87338539247,21,NA,NA,230375.125,NA,NA,1718.87338539247,NA,NA,22004.7624318854,11952.5362262013,23.0375125,1718.87338539247,0,891.267681314614,732.112738222719,95.4929658551372,0,0,0,0,0,12.8018518518519,6.9537037037037,13.0632400552367,8.25,1064,27,1649,NA,901801,NA,NA,NA,NA,NA,"S",900102,NA,74,1,"0074K05","655","4775",87,18,"3","3","0","0","09",9,3,2,9,1,"90",90,21,0,0,3,3,NA,NA,NA,NA,NA,NA,NA,NA,NA,NA,NA,NA,21,1,2,32,NA,NA,NA,NA,NA,NA,NA,NA,21,41,NA,NA,NA,NA,NA,2,3,"W","20",NA,NA,NA,"1",1,1,NA,0,NA,4,0,NA,NA,"P413",353,NA,"2.25",NA,"IFN2",32,18,21,"19901801",1990,8
"14575","27_1667","21",291149.215277778,2051.33037762887,21,NA,NA,291149.215277778,NA,NA,2051.33037762887,NA,NA,26722.9991392575,18426.6056335283,29.1149215277778,2051.33037762887,0,1018.59163578813,859.436692696235,159.154943091895,14.1471060526129,0,0,0,0,13.0271551724138,8.98275862068966,13.4429649272206,11.4354838709677,1081,27,1667,NA,901801,NA,NA,NA,NA,NA,"S",900102,NA,74,1,"0074K08","664","4774",87,18,"3","3","0","0","07",7,4,4,9,1,"70",80,21,0,0,3,3,NA,NA,NA,NA,NA,NA,NA,NA,NA,NA,NA,NA,21,1,2,28,NA,NA,NA,NA,NA,NA,NA,NA,21,72,NA,NA,NA,NA,NA,2,9,"G","20",NA,NA,NA,"1",1,1,NA,0,2,4,0,NA,NA,"M413",274,NA,"6.00",NA,"IFN2",28,18,21,"19901801",1990,8
"14576","27_1679","21",66747.25,827.605704077856,21,NA,NA,66747.25,NA,NA,827.605704077856,NA,NA,8298.33873281142,4217.60599193523,6.674725,827.605704077856,127.323954473516,668.45076098596,31.8309886183791,0,0,0,0,0,0,10.0269230769231,5.09615384615385,10.1335125658913,6.08333333333333,1091,27,1679,NA,901801,NA,NA,NA,NA,NA,"S",900102,NA,74,1,"0074K08","664","4773",87,18,"3","3","0","0","08",8,4,3,9,1,"70",90,21,0,0,3,3,NA,NA,NA,NA,NA,NA,NA,NA,NA,NA,NA,NA,21,1,2,25,NA,NA,NA,NA,NA,NA,NA,NA,21,NA,NA,NA,NA,NA,NA,2,4,"W","20",NA,NA,NA,"1",1,1,NA,0,NA,0,0,NA,NA,"01",18,NA,"2.75",NA,"IFN2",25,18,21,"19901801",1990,8
"14586","27_1687","21",383394.069444444,2751.61212723321,21,NA,NA,383394.069444444,NA,NA,2751.61212723321,NA,NA,35437.0859511901,19593.7418828689,38.3394069444444,2751.61212723321,0,1273.23954473516,1241.40855611678,222.816920328653,14.1471060526129,0,0,0,0,12.8786632390746,7.12082262210797,13.3193842254047,8.7258064516129,1098,27,1687,NA,901801,NA,NA,NA,NA,NA,"S",900102,NA,74,1,"0074L03","652","4770",87,18,"3","3","0","0","07",7,4,5,9,1,"80",90,21,0,0,3,3,NA,NA,NA,NA,NA,NA,NA,NA,NA,NA,NA,NA,21,1,2,25,NA,NA,NA,NA,NA,NA,NA,NA,21,NA,NA,NA,NA,NA,NA,2,4,"W","20",NA,NA,NA,"1",1,1,NA,0,NA,4,0,NA,NA,"01",30,NA,"9.25",NA,"IFN2",25,18,21,"19901801",1990,8
"14587","27_1690","21",386986.340277778,1400.56349920868,21,NA,NA,386986.340277778,NA,NA,1400.56349920868,NA,NA,25982.3981374032,14170.0950999484,38.6986340277778,1400.56349920868,0,0,445.633840657307,827.605704077856,127.323954473516,0,0,0,0,18.5513888888889,10.1174242424242,18.7564859152478,11.3125,1101,27,1690,NA,901801,NA,NA,NA,NA,NA,"S",900102,NA,74,1,"0074L02","649","4768",87,18,"3","3","0","0","08",8,5,3,9,1,"60",90,21,0,0,3,4,NA,NA,NA,NA,NA,NA,NA,NA,NA,NA,NA,NA,21,1,2,29,NA,NA,NA,NA,NA,NA,NA,NA,21,41,NA,NA,NA,NA,NA,2,4,"W","20",NA,NA,NA,"1",1,1,NA,0,NA,4,0,NA,NA,"M414",320,NA,"3.50",NA,"IFN2",29,18,21,"19901801",1990,8
"14588","27_1691","21",303480.548611111,1269.70276822201,21,NA,NA,303480.548611111,NA,NA,1269.70276822201,NA,NA,21276.0096313502,13392.0042670547,30.3480548611111,1269.70276822201,0,381.971863420549,350.14087480217,381.971863420549,127.323954473516,28.2942121052258,0,0,0,16.7566852367688,10.5473537604457,17.4449390462876,12.9375,1102,27,1691,NA,901801,NA,NA,NA,NA,NA,"S",900102,NA,74,1,"0074L06","659","4768",87,18,"7","7","0","0","08",8,3,3,9,1,"80",70,21,0,0,3,3,NA,NA,NA,NA,NA,NA,NA,NA,NA,NA,NA,NA,21,1,2,30,NA,NA,NA,NA,NA,NA,NA,NA,21,43,72,73,NA,NA,NA,2,4,"W","20",NA,NA,NA,"1",1,1,NA,0,NA,4,9,NA,NA,"01",163,NA,"3.50",NA,"IFN2",30,18,21,"19901801",1990,8
"14593","27_1694","21",210470.1875,1878.02832848436,21,NA,NA,210470.1875,NA,NA,1878.02832848436,NA,NA,21828.1004450534,8944.50780176452,21.04701875,1878.02832848436,0,1273.23954473516,541.126806512444,63.6619772367581,0,0,0,0,0,11.6228813559322,4.76271186440678,11.9453611306805,6.875,1105,27,1694,NA,901801,NA,NA,NA,NA,NA,"S",900102,NA,74,0,"0074M02","648","4767",87,4,"5","5","0","0","08",8,4,3,9,1,"60",75,21,0,0,3,3,NA,NA,NA,NA,NA,NA,NA,NA,NA,NA,NA,NA,21,1,2,25,NA,NA,NA,NA,NA,NA,NA,NA,21,73,NA,NA,NA,NA,NA,2,4,"W","20",NA,NA,NA,"1",1,1,NA,0,NA,0,0,NA,NA,"01",49,NA,"3.75",NA,"IFN2",25,4,21,"19901801",1990,8
"14595","27_1698","21",407018.493055556,2040.72004808941,21,NA,NA,407018.493055556,NA,NA,2040.72004808941,NA,NA,31255.0245632121,19839.547850533,40.7018493055556,2040.72004808941,0,636.619772367581,732.112738222719,572.957795130823,84.8826363156775,14.1471060526129,0,0,0,15.3156845753899,9.72183708838822,15.9356731970329,11.3783783783784,1108,27,1698,NA,901801,NA,NA,NA,NA,NA,"S",900102,NA,74,2,"0074M02","648","4766",87,4,"5","5","0","0","08",8,5,5,9,1,"60",95,21,0,0,3,3,NA,NA,NA,NA,NA,NA,NA,NA,NA,NA,NA,NA,21,1,2,27,NA,NA,NA,NA,NA,NA,NA,NA,21,55,72,41,NA,NA,NA,2,7,"G","20",NA,NA,NA,"1",1,1,NA,0,NA,4,0,NA,NA,"01",338,NA,"9.00",NA,"IFN2",27,4,21,"19901801",1990,8
"14602","27_1708","21",541042.645833333,2518.1848773651,21,NA,NA,541042.645833333,NA,NA,2518.1848773651,NA,NA,39849.0378125231,30796.4814882817,54.1042645833333,2518.1848773651,0,700.281749604339,891.267681314614,700.281749604339,198.059484736581,28.2942121052258,0,0,0,15.8245084269663,12.2296348314607,16.53967618615,13.75,1118,27,1708,NA,901801,NA,NA,NA,NA,NA,"S",900102,NA,74,2,"0074M05","656","4764",87,18,"3","3","0","0","08",8,4,4,9,1,"70",85,21,0,0,3,4,NA,NA,NA,NA,NA,NA,NA,NA,NA,NA,NA,NA,21,1,2,29,NA,NA,NA,NA,NA,NA,NA,NA,21,41,43,NA,NA,NA,NA,2,6,"G","19",NA,NA,NA,"1",1,1,NA,0,NA,0,0,NA,NA,"01",328,NA,"5.50",NA,"IFN2",29,18,21,"19901801",1990,8
"14620","27_179","21",29549,381.971863420549,21,NA,NA,29549,NA,NA,381.971863420549,NA,NA,3756.05665696873,1400.56349920868,2.9549,381.971863420549,0,381.971863420549,0,0,0,0,0,0,0,9.83333333333333,3.66666666666667,9.92454868831156,3.5,56,27,179,NA,892012,NA,NA,NA,NA,NA,"S",901203,NA,8,1,"0008L06","604","4822",87,38,"5","6","0","0","05",5,3,5,9,1,"60",20,21,0,0,3,2,NA,NA,NA,NA,NA,NA,NA,NA,NA,NA,NA,NA,21,2,1,20,NA,NA,NA,NA,NA,NA,NA,NA,21,65,NA,NA,NA,NA,NA,3,4,"W","19",NA,NA,NA,"1",1,1,NA,0,NA,0,0,NA,NA,"P811",109,NA,"7.50",NA,"IFN2",20,38,21,"19892012",1989,9
"14716","27_2065","21",250300.618055556,710.892079143799,21,NA,NA,250300.618055556,NA,NA,710.892079143799,NA,NA,14807.245388793,6097.40270867617,25.0300618055556,710.892079143799,0,0,159.154943091895,268.795014999645,254.647908947033,28.2942121052258,0,0,0,20.8291044776119,8.5771144278607,21.1730870311313,8.75,1437,27,2065,NA,903001,NA,NA,NA,NA,NA,"S",901402,NA,98,1,"0098M11","648","4748",87,6,"7","7",NA,"0","10",10,2,3,9,1,"0",70,21,0,0,NA,3,NA,NA,NA,NA,NA,NA,NA,NA,NA,NA,NA,NA,21,2,1,27,NA,NA,NA,NA,NA,NA,NA,NA,21,41,65,55,72,57,NA,2,4,"W","20",NA,NA,NA,"1",1,1,NA,0,NA,4,4,NA,NA,"01",174,NA,"3.25",NA,"IFN2",27,6,21,"19903001",1990,8
"14722","27_2097","21",487834.944444444,2160.97044953662,21,NA,NA,487834.944444444,NA,NA,2160.97044953662,NA,NA,35380.851204631,21347.9830333929,48.7834944444444,2160.97044953662,0,509.295817894065,700.281749604339,795.774715459477,113.176848420903,42.4413181578388,0,0,0,16.3726677577741,9.87888707037643,16.9538016728411,12.25,1468,27,2097,NA,900102,NA,NA,NA,NA,NA,"S",901402,NA,99,1,"0099J01","649","4762",87,4,"5","5","0","0","8",8,3,5,9,1,"75",80,21,0,0,3,3,NA,NA,NA,NA,NA,NA,NA,NA,NA,NA,NA,NA,21,1,2,26,NA,NA,NA,NA,NA,NA,NA,NA,21,41,NA,NA,NA,NA,NA,2,6,"G","20",NA,NA,NA,"1",1,1,NA,0,NA,0,0,NA,NA,"P714",100,NA,"8.00",NA,"IFN2",26,4,21,"19900102",1990,8
"14727","27_2105","21",383167.361111111,2560.62619552294,21,NA,NA,383167.361111111,NA,NA,2560.62619552294,NA,NA,34133.7838060931,19337.3255856653,38.3167361111111,2560.62619552294,0,1273.23954473516,891.267681314614,381.971863420549,14.1471060526129,0,0,0,0,13.3302486187845,7.5517955801105,13.8030868715052,9.7258064516129,1475,27,2105,NA,900102,NA,NA,NA,NA,NA,"S",901402,NA,99,1,"0099J04","655","4761",87,6,"5","5","0","0","09",9,4,5,9,1,"80",80,21,0,0,4,3,NA,NA,NA,NA,NA,NA,NA,NA,NA,NA,NA,NA,21,1,2,27,NA,NA,NA,NA,NA,NA,NA,NA,21,95,NA,NA,NA,NA,NA,2,14,"G","20",NA,NA,NA,"1",1,1,NA,0,NA,4,0,NA,"P414","P202",150,NA,"11.50",NA,"IFN2",27,6,21,"19900102",1990,8
"14735","27_2175","21",23217,413.802852038928,21,NA,NA,23217,NA,NA,413.802852038928,NA,NA,3434.5636719231,1543.80294799138,2.3217,413.802852038928,0,381.971863420549,31.8309886183791,0,0,0,0,0,0,8.3,3.73076923076923,8.45203662302306,4.1,1541,27,2175,NA,900202,NA,NA,NA,NA,NA,"S",901502,NA,99,1,"0099K11","671","4754",87,34,"5","5","0","0","12",12,3,2,9,1,"70",50,21,0,0,3,3,NA,NA,NA,NA,NA,NA,NA,NA,NA,NA,NA,NA,21,1,2,25,NA,NA,NA,NA,NA,NA,NA,NA,21,NA,NA,NA,NA,NA,NA,2,6,"G","20",NA,NA,NA,"1",1,1,NA,0,NA,0,0,NA,NA,"P203",240,NA,"2.00",NA,"IFN2",25,34,21,"19900202",1990,8
"14740","27_2218","21",118656.625,1114.08460164327,21,NA,NA,118656.625,NA,NA,1114.08460164327,NA,NA,12780.1419302792,5777.3244342358,11.8656625,1114.08460164327,0,891.267681314614,190.985931710274,31.8309886183791,0,0,0,0,0,11.4714285714286,5.18571428571429,11.645066398633,6.25,1582,27,2218,NA,900202,NA,NA,NA,NA,NA,"S",901602,NA,99,1,"0099L12","675","4750",87,12,"5","5","0","0","13",13,2,3,9,1,"70",70,21,0,0,3,3,NA,NA,NA,NA,NA,NA,NA,NA,NA,NA,NA,NA,21,1,2,25,NA,NA,NA,NA,NA,NA,NA,NA,21,NA,NA,NA,NA,NA,NA,2,7,"G","20",NA,NA,NA,"1",1,1,NA,0,NA,0,0,NA,NA,"01",92,NA,"3.50",NA,"IFN2",25,12,21,"19900202",1990,8
"14741","27_2239","21",270640.159722222,1266.16599170886,21,NA,NA,270640.159722222,NA,NA,1266.16599170886,NA,NA,20390.754470108,9621.80050403336,27.0640159722222,1266.16599170886,0,286.478897565412,477.464829275686,445.633840657307,56.5884242104517,0,0,0,0,16.1043296089385,7.59916201117318,16.4970335491502,8.67647058823529,1602,27,2239,NA,900502,NA,NA,NA,NA,NA,"S",901902,NA,99,1,"0099M07","663","4747",87,12,"5","5","0","0","10",10,2,3,9,1,"80",80,21,0,8,3,3,NA,21,NA,2,NA,4,NA,NA,NA,NA,NA,NA,21,1,2,28,21,3,1,NA,NA,NA,NA,NA,21,73,41,99,NA,NA,NA,2,18,"G","20",NA,NA,NA,"1",1,1,NA,0,1,4,0,NA,NA,"P714",250,NA,"3.25",NA,"IFN2",28,12,21,"19900502",1990,8
"14753","27_2357","21",183424.125,1368.7325105903,21,NA,NA,183424.125,NA,NA,1368.7325105903,NA,NA,17605.7198048255,8610.28242127154,18.3424125,1368.7325105903,0,763.943726841098,541.126806512444,63.6619772367581,0,0,0,0,0,12.8627906976744,6.2906976744186,13.0624305940072,7.25,1696,27,2357,NA,900802,NA,NA,NA,NA,NA,"S",902002,NA,124,1,"0124J12","646","4743",87,6,"6","6","0","0","9",9,4,4,9,1,"40",70,21,0,0,3,3,NA,NA,NA,NA,NA,NA,NA,NA,NA,NA,NA,NA,21,3,1,NA,NA,NA,NA,NA,NA,NA,NA,NA,21,41,NA,NA,NA,NA,NA,2,8,"G","17",NA,NA,NA,"1",1,1,NA,0,NA,0,0,NA,"P414","G412",10,NA,"4.50",NA,"IFN2",22,6,21,"19900802",1990,8
"14771","27_2432","21",289040.763888889,1365.19573407715,21,NA,NA,289040.763888889,NA,NA,1365.19573407715,NA,NA,22156.843821951,9842.84903610544,28.9040763888889,1365.19573407715,0,0,1018.59163578813,318.309886183791,28.2942121052258,0,0,0,0,16.229792746114,7.20984455958549,16.4186387039606,7.25714285714286,1771,27,2432,NA,901302,NA,NA,NA,NA,NA,"S",902102,NA,125,1,"0125J08","664","4744",87,12,"5","5","0","0","11",11,4,4,9,1,"80",70,21,9,0,4,3,25,NA,1,NA,4,NA,NA,NA,NA,NA,NA,NA,21,1,2,27,NA,NA,NA,NA,NA,NA,NA,NA,21,41,72,95,NA,NA,NA,2,8,"G","13",NA,NA,NA,"1",1,1,NA,0,4,1,0,NA,NA,"P414",310,NA,"5.00",NA,"IFN2",27,12,21,"19901302",1990,8
"14772","27_2448","21",164368.75,622.472666314968,21,43,NA,164368.75,17987.375,NA,622.472666314968,95.4929658551372,NA,12639.3782250557,8389.23388919946,18.2356125,717.965632170106,0,0,413.802852038928,190.985931710274,99.0297423682904,14.1471060526129,0,0,0,17.6044334975369,11.6847290640394,17.9830523664308,12.25,1787,27,2448,NA,901302,NA,NA,NA,NA,NA,"S",902102,NA,125,1,"0125J03","652","4741",87,37,"5","5","0","0","9",9,4,2,9,1,"80",80,21,0,8,4,3,NA,43,NA,1,NA,3,NA,43,NA,1,NA,1,21,1,2,27,43,2,6,34,43,2,6,5,21,43,72,95,99,41,76,2,4,"W","20",NA,NA,NA,"1",1,2,NA,0,1,4,4,NA,NA,"01",47,NA,"1.50",NA,"IFN2",27,37,21,"19901302",1990,8
"14945","27_546","21",14843.25,190.985931710274,21,NA,NA,14843.25,NA,NA,190.985931710274,NA,NA,1830.2818455568,525.211312203255,1.484325,190.985931710274,0,127.323954473516,63.6619772367581,0,0,0,0,0,0,9.58333333333333,2.75,9.94761277895355,2.75,136,27,546,NA,900801,NA,NA,NA,NA,NA,"S",900703,NA,23,2,"0023L10","616","4805",87,65,"3","3","0","0","08",8,2,2,9,1,"00",40,21,0,0,1,3,NA,NA,NA,NA,NA,NA,NA,NA,NA,NA,NA,NA,21,1,2,15,NA,NA,NA,NA,NA,NA,NA,NA,21,NA,NA,NA,NA,NA,NA,2,4,"W","20",NA,NA,NA,"1",1,1,NA,0,3,4,0,NA,NA,"G708",244,NA,"1.50",NA,"IFN2",15,65,21,"19900801",1990,8
"14948","27_560","21",26398.3125,413.802852038928,21,NA,NA,26398.3125,NA,NA,413.802852038928,NA,NA,3697.16932802473,1480.14097075463,2.63983125,413.802852038928,0,381.971863420549,31.8309886183791,0,0,0,0,0,0,8.93461538461538,3.57692307692308,9.01252333828196,3.3,144,27,560,NA,900901,NA,NA,NA,NA,NA,"S",900703,NA,23,2,"0023L11","617","4804",87,65,"3","3","0","0","07",7,4,3,9,1,"00",40,21,0,0,1,3,NA,NA,NA,NA,NA,NA,NA,NA,NA,NA,NA,NA,21,1,2,15,NA,NA,NA,NA,NA,NA,NA,NA,21,NA,NA,NA,NA,NA,NA,2,4,"W","20",NA,NA,NA,"1",1,1,NA,0,4,3,0,NA,NA,"G702",241,NA,"3.75",NA,"IFN2",15,65,21,"19900901",1990,8
"14976","27_668","21",54232.75,509.295817894065,21,NA,NA,54232.75,NA,NA,509.295817894065,NA,NA,5659.5497763478,2228.16920328653,5.423275,509.295817894065,0,381.971863420549,63.6619772367581,63.6619772367581,0,0,0,0,0,11.1125,4.375,11.6439630281103,6,223,27,668,NA,901001,NA,NA,NA,NA,NA,"S",900903,NA,24,1,"0024K04","629","4813",87,30,"3","3","0","0","07",7,4,4,9,1,"00",60,21,0,0,2,3,NA,NA,NA,NA,NA,NA,NA,NA,NA,NA,NA,NA,21,1,2,31,NA,NA,NA,NA,NA,NA,NA,NA,21,26,NA,NA,NA,NA,NA,2,4,"W","20",NA,NA,NA,"1",1,2,NA,0,2,4,0,NA,NA,"01",364,NA,"5.00",NA,"IFN2",31,30,21,"19901001",1990,8
"14995","27_681","21",120980.340277778,809.92182151209,21,NA,NA,120980.340277778,NA,NA,809.92182151209,NA,NA,10869.3984190482,4696.83920946749,12.0980340277778,809.92182151209,0,381.971863420549,318.309886183791,95.4929658551372,14.1471060526129,0,0,0,0,13.4203056768559,5.79912663755459,13.7908460399577,7.41935483870968,236,27,681,NA,901101,NA,NA,NA,NA,NA,"S",900903,NA,24,1,"0024K03","627","4812",87,30,"3","3","0","0","06",6,3,4,9,1,"00",80,21,0,0,2,3,NA,NA,NA,NA,NA,NA,NA,NA,NA,NA,NA,NA,21,1,2,28,NA,NA,NA,NA,NA,NA,NA,NA,21,NA,NA,NA,NA,NA,NA,2,4,"W","20",NA,NA,NA,"1",1,1,NA,0,NA,0,0,NA,NA,"P414",151,NA,"4.25",NA,"IFN2",28,30,21,"19901101",1990,8
"15981","32_1046","21",86028.375,859.436692696235,21,NA,NA,86028.375,NA,NA,859.436692696235,NA,NA,9533.38109120453,4265.3524748628,8.6028375,859.436692696235,0,636.619772367581,222.816920328653,0,0,0,0,0,0,11.0925925925926,4.96296296296296,11.289350931052,6.625,810,32,1046,7,892311,NA,NA,NA,NA,NA,"S",891212,NA,227,1,"0227K10","639","4683",87,63,"6","6","0","0","12",12,4,4,9,1,"0",50,21,0,0,2,2,NA,NA,NA,NA,NA,NA,NA,NA,NA,NA,NA,NA,21,1,2,20,NA,NA,NA,NA,NA,NA,NA,NA,21,NA,NA,NA,NA,NA,NA,2,3,"W","20",NA,NA,NA,"1",1,1,NA,3,NA,0,0,NA,NA,"01",4,NA,"4.25",NA,"IFN2",20,63,21,"19892311",1989,9
"15983","32_1047","21",163496.3125,1114.08460164327,21,NA,NA,163496.3125,NA,NA,1114.08460164327,NA,NA,14739.3392797404,6955.07101311583,16.34963125,1114.08460164327,0,381.971863420549,636.619772367581,95.4929658551372,0,0,0,0,0,13.23,6.24285714285714,13.6694158094422,6.5,811,32,1047,6,892311,NA,NA,NA,NA,NA,"S",891212,NA,227,1,"0227K11","640","4683",87,63,"5","5","0","0","14",14,4,3,9,1,"00",60,21,0,0,1,3,NA,NA,NA,NA,NA,NA,NA,NA,NA,NA,NA,NA,21,1,2,24,NA,NA,NA,NA,NA,NA,NA,NA,21,NA,NA,NA,NA,NA,NA,2,4,"W","20",NA,NA,NA,"1",1,1,NA,3,NA,0,0,NA,NA,"01",320,NA,"3.00",NA,"IFN2",24,63,21,"19892311",1989,9
"15984","32_1048","21",138229.4375,1209.5775674984,21,NA,NA,138229.4375,NA,NA,1209.5775674984,NA,NA,14309.6209333923,5395.35257081525,13.82294375,1209.5775674984,0,891.267681314614,286.478897565412,31.8309886183791,0,0,0,0,0,11.8302631578947,4.46052631578947,12.0625317016218,6,812,32,1048,7,892311,NA,NA,NA,NA,NA,"S",891212,NA,227,1,"0227K11","641","4683",87,63,"5","5","0","0","13",13,3,2,9,1,"00",50,21,0,0,2,2,NA,NA,NA,NA,NA,NA,NA,NA,NA,NA,NA,NA,21,1,2,18,NA,NA,NA,NA,NA,NA,NA,NA,21,NA,NA,NA,NA,NA,NA,2,4,"W","20",NA,NA,NA,"1",1,1,NA,3,NA,0,0,NA,NA,"01",140,NA,"2.25",NA,"IFN2",18,63,21,"19892311",1989,9
"15985","32_1049","21",40244.5625,509.295817894065,21,NA,NA,40244.5625,NA,NA,509.295817894065,NA,NA,4986.32436706908,2069.01426019464,4.02445625,509.295817894065,0,413.802852038928,95.4929658551372,0,0,0,0,0,0,9.790625,4.0625,10.0305237276027,5.75,813,32,1049,6,892311,NA,NA,NA,NA,NA,"S",891212,NA,227,1,"0227K11","642","4683",87,63,"5","5","0","0","13",13,3,4,9,1,"0",50,21,0,0,2,2,NA,NA,NA,NA,NA,NA,NA,NA,NA,NA,NA,NA,21,1,2,16,NA,NA,NA,NA,NA,NA,NA,NA,21,NA,NA,NA,NA,NA,NA,2,3,"W","20",NA,NA,NA,"1",1,1,NA,3,NA,0,0,NA,NA,"01",10,NA,"4.00",NA,"IFN2",16,63,21,"19892311",1989,9
"15986","32_1054","21",129983.402777778,1032.73874184074,21,NA,NA,129983.402777778,NA,NA,1032.73874184074,NA,NA,12857.2436582659,5506.76103097958,12.9983402777778,1032.73874184074,0,636.619772367581,381.971863420549,0,14.1471060526129,0,0,0,0,12.4496575342466,5.33219178082192,12.6591275478989,5.95161290322581,817,32,1054,6,892311,NA,NA,NA,NA,NA,"S",891212,NA,227,1,"0227K11","640","4682",87,63,"5","5","0","0","14",14,5,5,9,1,"80",70,21,0,0,3,3,NA,NA,NA,NA,NA,NA,NA,NA,NA,NA,NA,NA,21,1,2,22,NA,NA,NA,NA,NA,NA,NA,NA,21,92,NA,NA,NA,NA,NA,2,3,"W","20",NA,NA,NA,"1",1,1,NA,3,NA,0,0,NA,NA,"M813",53,NA,"9.00",NA,"IFN2",22,63,21,"19892311",1989,9
"15988","32_1055","21",238732.1875,1351.04862802453,21,NA,NA,238732.1875,NA,NA,1351.04862802453,NA,NA,19863.0674143455,8562.53593834397,23.87321875,1351.04862802453,0,381.971863420549,668.45076098596,286.478897565412,14.1471060526129,0,0,0,0,14.7019633507853,6.33769633507853,14.9994404345891,7.40322580645161,818,32,1055,6,892411,NA,NA,NA,NA,NA,"S",891212,NA,227,1,"0227K11","641","4682",87,63,"5","5","0","0","14",14,4,3,9,1,"80",80,21,0,0,3,3,NA,NA,NA,NA,NA,NA,NA,NA,NA,NA,NA,NA,21,1,2,22,NA,NA,NA,NA,NA,NA,NA,NA,21,NA,NA,NA,NA,NA,NA,2,4,"W","20",NA,NA,NA,"1",1,1,NA,3,NA,0,0,NA,"P813","P413",116,NA,"3.00",NA,"IFN2",22,63,21,"19892411",1989,9
"15989","32_1056","21",179061.625,2387.32414637843,21,NA,NA,179061.625,NA,NA,2387.32414637843,NA,NA,23093.382242634,12111.6911692932,17.9061625,2387.32414637843,0,2291.83118052329,95.4929658551372,0,0,0,0,0,0,9.67333333333333,5.07333333333333,9.77238626607306,5.78571428571429,819,32,1056,6,892411,NA,NA,NA,NA,NA,"S",891212,NA,227,1,"0227K11","642","4682",87,63,"5","5","0","0","14",14,3,2,9,1,"0",75,21,0,0,2,2,NA,NA,NA,NA,NA,NA,NA,NA,NA,NA,NA,NA,21,1,2,19,NA,NA,NA,NA,NA,NA,NA,NA,21,NA,NA,NA,NA,NA,NA,2,3,"W","20",NA,NA,NA,"1",1,1,NA,3,NA,0,0,NA,NA,"01",380,NA,"2.25",NA,"IFN2",19,63,21,"19892411",1989,9
"15990","32_1058","21",13689,127.323954473516,21,NA,NA,13689,NA,NA,127.323954473516,NA,NA,1489.69026734014,445.633840657307,1.3689,127.323954473516,0,127.323954473516,0,0,0,0,0,0,0,11.7,3.5,11.7,3.5,820,32,1058,7,892411,NA,NA,NA,NA,NA,"S",891212,NA,227,1,"0227K11","640","4681",87,63,"5","5","0","0","16",16,4,3,9,1,"80",30,21,0,0,3,2,NA,NA,NA,NA,NA,NA,NA,NA,NA,NA,NA,NA,21,1,2,15,NA,NA,NA,NA,NA,NA,NA,NA,21,NA,NA,NA,NA,NA,NA,2,4,"W","20",NA,NA,NA,"1",1,1,NA,3,NA,0,0,NA,NA,"G413",395,NA,"3.25",NA,"IFN2",15,63,21,"19892411",1989,9
"15991","32_1059","21",61143.5625,572.957795130823,21,NA,NA,61143.5625,NA,NA,572.957795130823,NA,NA,6574.6906991262,2307.74667483248,6.11435625,572.957795130823,0,381.971863420549,190.985931710274,0,0,0,0,0,0,11.475,4.02777777777778,11.6565253542097,4.625,821,32,1059,6,892411,NA,NA,NA,NA,NA,"S",891212,NA,227,1,"0227K11","641","4681",87,63,"5","5","0","0","15",15,5,4,9,1,"00",50,21,0,0,2,3,NA,NA,NA,NA,NA,NA,NA,NA,NA,NA,NA,NA,21,1,2,15,NA,NA,NA,NA,NA,NA,NA,NA,21,NA,NA,NA,NA,NA,NA,2,3,"W","15",NA,NA,NA,"1",1,1,NA,0,NA,0,0,NA,NA,"P713",190,20,"7.00","2.50","IFN2",15,63,21,"19892411",1989,9
"15992","32_1090","21",149197.3125,923.098669932993,21,NA,NA,149197.3125,NA,NA,923.098669932993,NA,NA,13103.2264647557,4551.83137242821,14.91973125,923.098669932993,0,127.323954473516,763.943726841098,31.8309886183791,0,0,0,0,0,14.1948275862069,4.93103448275862,14.3453614995135,5.625,837,32,1090,6,892411,NA,NA,NA,NA,NA,"S",891312,NA,227,1,"0227M03","626","4673",87,49,"6","6","0","0","14",14,5,5,9,1,"00",70,21,0,0,2,3,NA,NA,NA,NA,NA,NA,NA,NA,NA,NA,NA,NA,21,1,2,20,NA,NA,NA,NA,NA,NA,NA,NA,21,73,78,NA,NA,NA,NA,2,7,"G","20",NA,NA,NA,"1",1,1,NA,0,NA,0,0,NA,NA,"P713",246,NA,"8.50",NA,"IFN2",20,49,21,"19892411",1989,9
"15994","32_1102","21",57651.75,763.943726841098,21,NA,NA,57651.75,NA,NA,763.943726841098,NA,NA,7403.88795263497,3310.42281631142,5.765175,763.943726841098,0,763.943726841098,0,0,0,0,0,0,0,9.69166666666667,4.33333333333333,9.80235940985638,4.5,841,32,1102,6,892411,NA,NA,NA,NA,NA,"S",891312,NA,227,1,"0227M03","627","4671",87,89,"3","3","0","0","13",13,5,5,9,1,"00",60,21,0,0,2,2,NA,NA,NA,NA,NA,NA,NA,NA,NA,NA,NA,NA,21,1,2,20,NA,NA,NA,NA,NA,NA,NA,NA,21,78,NA,NA,NA,NA,NA,2,5,"G","20",NA,NA,NA,"1",1,1,NA,0,2,4,0,NA,"M202","M713",280,NA,"8.50",NA,"IFN2",20,89,21,"19892411",1989,9
"16003","32_1113","21",110397.25,1559.71844230057,21,NA,NA,110397.25,NA,NA,1559.71844230057,NA,NA,14639.0716655925,6413.94420660338,11.039725,1559.71844230057,0,1527.8874536822,31.8309886183791,0,0,0,0,0,0,9.38571428571429,4.11224489795918,9.4931661779215,5.1,848,32,1113,6,892411,NA,NA,NA,NA,NA,"S",891312,NA,228,1,"0228J09","669","4689",87,83,"3","3","0","0","14",14,4,5,9,1,"50",75,21,0,0,2,3,NA,NA,NA,NA,NA,NA,NA,NA,NA,NA,NA,NA,21,1,2,20,NA,NA,NA,NA,NA,NA,NA,NA,21,NA,NA,NA,NA,NA,NA,2,3,"W","20",NA,NA,NA,"1",1,1,NA,3,NA,0,0,NA,NA,"01",85,NA,"8.50",NA,"IFN2",20,83,21,"19892411",1989,9
"16004","32_1122","21",110625.3125,1082.25361302489,21,NA,NA,110625.3125,NA,NA,1082.25361302489,NA,NA,12205.5925857175,5029.29620170389,11.06253125,1082.25361302489,0,763.943726841098,318.309886183791,0,0,0,0,0,0,11.2779411764706,4.64705882352941,11.4082174975142,4.875,854,32,1122,4,892411,NA,NA,NA,NA,NA,"S",891312,NA,228,1,"0228J07","665","4688",87,83,"3","3","0","0","12",12,4,4,9,1,"0",75,21,0,0,3,3,NA,NA,NA,NA,NA,NA,NA,NA,NA,NA,NA,NA,21,1,2,18,NA,NA,NA,NA,NA,NA,NA,NA,21,NA,NA,NA,NA,NA,NA,2,3,"W","20",NA,NA,NA,"1",1,1,NA,9,NA,4,0,NA,NA,"01",169,NA,"4.50",NA,"IFN2",18,83,21,"19892411",1989,9
"16005","32_1123","21",117518.5625,1496.05646506382,21,NA,NA,117518.5625,NA,NA,1496.05646506382,NA,NA,14739.3392797404,6254.78926351149,11.75185625,1496.05646506382,0,1400.56349920868,95.4929658551372,0,0,0,0,0,0,9.85212765957447,4.18085106382979,10.0007898624229,4.35714285714286,855,32,1123,6,892411,NA,NA,NA,NA,NA,"S",891312,NA,228,1,"0228J07","666","4688",87,83,"3","3","0","0","12",12,5,5,9,1,"50",60,21,0,9,2,2,NA,43,NA,1,NA,2,NA,NA,NA,NA,NA,NA,21,1,2,19,43,3,6,NA,NA,NA,NA,NA,21,43,NA,NA,NA,NA,NA,2,3,"W","19",NA,NA,NA,"1",1,2,NA,9,NA,0,0,NA,NA,"01",268,NA,"9.50",NA,"IFN2",19,83,21,"19892411",1989,9
"16007","32_1132","21",74445.0625,1177.74657888003,21,NA,NA,74445.0625,NA,NA,1177.74657888003,NA,NA,10403.9586299172,4313.09895779036,7.44450625,1177.74657888003,0,1145.91559026165,31.8309886183791,0,0,0,0,0,0,8.83378378378378,3.66216216216216,8.97112861621372,3.9,862,32,1132,6,892411,NA,NA,NA,NA,NA,"S",891312,NA,228,1,"0228J08","667","4687",87,83,"3","3","0","0","13",13,4,2,9,1,"50",65,21,0,0,2,2,NA,NA,NA,NA,NA,NA,NA,NA,NA,NA,NA,NA,21,1,2,20,NA,NA,NA,NA,NA,NA,NA,NA,21,NA,NA,NA,NA,NA,NA,2,3,"W","20",NA,NA,NA,"1",1,1,NA,0,NA,0,0,NA,NA,"01",149,NA,"1.25",NA,"IFN2",20,83,21,"19892411",1989,9
"16008","32_1133","21",12247.25,254.647908947033,21,NA,NA,12247.25,NA,NA,254.647908947033,NA,NA,1992.61988751053,891.267681314614,1.224725,254.647908947033,0,254.647908947033,0,0,0,0,0,0,0,7.825,3.5,7.82535941666579,3.5,863,32,1133,6,892411,NA,NA,NA,NA,NA,"S",891312,NA,228,1,"0228J08","668","4687",87,83,"3","3","0","0","14",14,4,4,9,1,"50",60,21,0,0,2,2,NA,NA,NA,NA,NA,NA,NA,NA,NA,NA,NA,NA,21,1,2,15,NA,NA,NA,NA,NA,NA,NA,NA,21,NA,NA,NA,NA,NA,NA,2,2,"W","20",NA,NA,NA,"1",1,1,NA,9,NA,0,0,NA,NA,"01",350,NA,"4.25",NA,"IFN2",15,83,21,"19892411",1989,9
"16009","32_1143","21",208221.625,2196.33821466816,21,73,NA,208221.625,10764.0625,NA,2196.33821466816,31.8309886183791,NA,24269.5372720831,14753.6632246187,21.89856875,2228.16920328653,0,1909.85931710274,254.647908947033,63.6619772367581,0,0,0,0,0,10.8921428571429,6.62142857142857,11.1863612748484,11.875,873,32,1143,6,892411,NA,NA,NA,NA,NA,"S",891312,NA,228,1,"0228J09","669","4686",87,83,"3","3","0","0","13",13,4,5,9,1,"80",70,21,0,0,3,3,NA,NA,NA,NA,NA,NA,NA,NA,NA,NA,NA,NA,21,1,2,24,NA,NA,NA,NA,NA,NA,NA,NA,21,73,NA,NA,NA,NA,NA,2,4,"W","20",NA,NA,NA,"1",1,1,NA,3,NA,0,0,NA,NA,"G413",267,NA,"9.00",NA,"IFN2",24,83,21,"19892411",1989,9
"16011","32_1151","21",17216,254.647908947033,21,NA,NA,17216,NA,NA,254.647908947033,NA,NA,2342.7607623127,763.943726841098,1.7216,254.647908947033,0,254.647908947033,0,0,0,0,0,0,0,9.2,3,9.27793080379456,3,880,32,1151,6,892411,NA,NA,NA,NA,NA,"S",891312,NA,228,1,"0228J09","670","4685",87,83,"3","3","0","0","12",12,4,4,9,1,"0",55,21,0,0,1,2,NA,NA,NA,NA,NA,NA,NA,NA,NA,NA,NA,NA,21,1,2,15,NA,NA,NA,NA,NA,NA,NA,NA,21,NA,NA,NA,NA,NA,NA,2,4,"W","20",NA,NA,NA,"1",1,1,NA,3,NA,0,0,NA,NA,"01",48,NA,"5.25",NA,"IFN2",15,83,21,"19892411",1989,9
"16012","32_1153","21",93752.875,1050.42262440651,21,NA,NA,93752.875,NA,NA,1050.42262440651,NA,NA,10908.4797995185,4329.01445209955,9.3752875,1050.42262440651,127.323954473516,636.619772367581,286.478897565412,0,0,0,0,0,0,10.3848484848485,4.12121212121212,10.6601992704099,5,882,32,1153,6,892411,NA,NA,NA,NA,NA,"S",891312,NA,228,1,"0228J10","672","4685",87,83,"3","3","0","0","13",13,5,2,9,1,"60",70,21,0,0,3,3,NA,NA,NA,NA,NA,NA,NA,NA,NA,NA,NA,NA,21,1,2,24,NA,NA,NA,NA,NA,NA,NA,NA,21,NA,NA,NA,NA,NA,NA,2,2,"W","20",NA,NA,NA,"1",1,1,NA,3,NA,0,0,NA,NA,"01",390,NA,"1.75",NA,"IFN2",24,83,21,"19892411",1989,9
"16013","32_1161","21",349892.736111111,1665.82173769517,21,NA,NA,349892.736111111,NA,NA,1665.82173769517,NA,NA,26767.3856844976,15616.6366938281,34.9892736111111,1665.82173769517,0,254.647908947033,891.267681314614,477.464829275686,42.4413181578388,0,0,0,0,16.0685774946921,9.37473460721868,16.3534075479355,11.2833333333333,889,32,1161,6,892411,NA,NA,NA,NA,NA,"S",891312,NA,228,1,"0228J10","672","4684",87,83,"3","3","0","0","12",12,5,5,9,1,"60",75,21,0,0,3,3,NA,NA,NA,NA,NA,NA,NA,NA,NA,NA,NA,NA,21,1,2,23,NA,NA,NA,NA,NA,NA,NA,NA,21,NA,NA,NA,NA,NA,NA,2,4,"W","20",NA,NA,NA,"1",1,1,NA,3,NA,0,0,NA,NA,"M413",303,NA,"9.50",NA,"IFN2",23,83,21,"19892411",1989,9
"16032","32_1284","21",7056,127.323954473516,21,NA,NA,7056,NA,NA,127.323954473516,NA,NA,1069.52121757754,445.633840657307,0.7056,127.323954473516,0,127.323954473516,0,0,0,0,0,0,0,8.4,3.5,8.4,3.5,987,32,1284,7,891611,NA,NA,NA,NA,NA,"S",892911,NA,263,1,"0263L07","579","4656",87,41,"3","3","0","0","11",11,2,3,9,1,"60",20,21,0,0,3,2,NA,NA,NA,NA,NA,NA,NA,NA,NA,NA,NA,NA,21,1,2,16,NA,NA,NA,NA,NA,NA,NA,NA,21,NA,NA,NA,NA,NA,NA,2,2,"W","18",NA,NA,NA,"1",1,1,NA,0,NA,0,0,NA,NA,"G412",204,NA,"04.00",NA,"IFN2",16,41,21,"19891611",1989,9
"16054","32_1372","21",162901.125,1846.19733986599,21,NA,NA,162901.125,NA,NA,1846.19733986599,NA,NA,19308.6776959087,8403.38099525207,16.2901125,1846.19733986599,127.323954473516,1527.8874536822,190.985931710274,0,0,0,0,0,0,10.4586206896552,4.55172413793103,10.5993208956176,4.875,1057,32,1372,6,891711,NA,NA,NA,NA,NA,"S",890112,NA,265,1,"0265J03","627","4669",87,39,"3","3","0","0","13",13,2,2,9,1,"80",65,21,0,7,3,3,NA,21,NA,3,NA,2,NA,NA,NA,NA,NA,NA,21,1,2,20,21,3,1,NA,NA,NA,NA,NA,21,NA,NA,NA,NA,NA,NA,2,5,"G","20",NA,NA,NA,"1",1,1,NA,0,NA,0,0,NA,NA,"01",50,NA,"1.00",NA,"IFN2",20,39,21,"19891711",1989,9
"16055","32_1373","21",116016.875,1241.40855611678,21,NA,NA,116016.875,NA,NA,1241.40855611678,NA,NA,13413.5786037849,6031.97234318283,11.6016875,1241.40855611678,0,1145.91559026165,95.4929658551372,0,0,0,0,0,0,10.8051282051282,4.85897435897436,10.9083301502415,5.35714285714286,1058,32,1373,6,891711,NA,NA,NA,NA,NA,"S",890112,NA,265,1,"0265J04","628","4669",87,39,"5","5","0","0","12",12,5,5,9,1,"80",60,21,0,7,3,3,NA,21,NA,3,NA,2,NA,NA,NA,NA,NA,NA,21,1,2,15,21,3,1,NA,NA,NA,NA,NA,21,65,78,NA,NA,NA,NA,2,10,"G","20",NA,NA,NA,"1",1,1,NA,0,NA,0,0,NA,NA,"01",220,NA,"13.50",NA,"IFN2",15,39,21,"19891711",1989,9
"16057","32_1394","21",119951.5,1527.8874536822,21,NA,NA,119951.5,NA,NA,1527.8874536822,NA,NA,15177.0153732431,8467.04297248883,11.99515,1527.8874536822,0,1527.8874536822,0,0,0,0,0,0,0,9.93333333333333,5.54166666666667,9.99797896243702,6.5,1071,32,1394,7,891711,NA,NA,NA,NA,NA,"S",890112,NA,265,1,"0265J04","629","4667",87,39,"5","5","0","0","12",12,4,5,9,1,"00",70,21,0,7,2,3,NA,21,NA,3,NA,2,NA,NA,NA,NA,NA,NA,21,1,2,20,21,3,1,NA,NA,NA,NA,NA,21,NA,NA,NA,NA,NA,NA,2,4,"W","20",NA,NA,NA,"1",1,1,NA,0,NA,0,0,NA,NA,"01",346,NA,"9.75",NA,"IFN2",20,39,21,"19891711",1989,9
"16058","32_1415","21",46790.0625,445.633840657307,21,NA,NA,46790.0625,NA,NA,445.633840657307,NA,NA,5110.46522268076,2419.15513499681,4.67900625,445.633840657307,0,381.971863420549,63.6619772367581,0,0,0,0,0,0,11.4678571428571,5.42857142857143,11.5622615805535,5.66666666666667,1087,32,1415,7,891711,NA,NA,NA,NA,NA,"S",890112,NA,265,1,"0265J09","638","4666",87,92,"6","6","0","0","12",12,4,5,9,1,"80",40,21,0,6,9,3,NA,43,NA,4,NA,2,NA,NA,NA,NA,NA,NA,21,1,2,20,43,3,6,NA,NA,NA,NA,NA,21,43,NA,NA,NA,NA,NA,2,1,"W","19",NA,NA,NA,"1",1,2,NA,0,NA,0,0,NA,NA,"M412",70,NA,"9.50",NA,"IFN2",20,92,21,"19891711",1989,9
"16064","32_1420","21",94163.875,1145.91559026165,21,NA,NA,94163.875,NA,NA,1145.91559026165,NA,NA,11532.3671764387,6366.19772367581,9.4163875,1145.91559026165,0,1018.59163578813,127.323954473516,0,0,0,0,0,0,10.0638888888889,5.55555555555556,10.2287109538679,6,1090,32,1420,6,891811,NA,NA,NA,NA,NA,"S",890112,NA,265,1,"0265J11","643","4666",87,92,"6","6","0","0","13",13,5,5,9,1,"0",50,21,0,0,2,3,NA,NA,NA,NA,NA,NA,NA,NA,NA,NA,NA,NA,21,1,2,20,NA,NA,NA,NA,NA,NA,NA,NA,21,NA,NA,NA,NA,NA,NA,2,3,"W","20",NA,NA,NA,"5",1,1,NA,0,NA,0,0,NA,NA,"01",355,NA,"11.00",NA,"IFN2",20,92,21,"19891811",1989,9
"16066","32_1442","21",134513.9375,1015.05485927498,21,43,NA,134513.9375,33012.25,NA,1015.05485927498,381.971863420549,NA,16572.8042241591,9448.49845488885,16.75261875,1397.02672269553,0,891.267681314614,413.802852038928,63.6619772367581,28.2942121052258,0,0,0,0,11.8629113924051,6.76329113924051,12.3564596441177,8.95714285714286,1101,32,1442,7,891811,NA,NA,NA,NA,NA,"S",890112,NA,265,1,"0265K08","636","4664",87,92,"5","5","0","0","11",11,4,5,9,1,"60",60,21,0,8,3,3,NA,43,NA,2,NA,3,NA,NA,NA,NA,NA,NA,21,1,2,25,43,3,6,NA,NA,NA,NA,NA,21,43,NA,NA,NA,NA,NA,2,2,"W","20",NA,NA,NA,"1",1,2,NA,0,3,4,0,NA,NA,"P402",3,NA,"9.50",NA,"IFN2",25,92,21,"19891811",1989,9
"16070","32_1443","21",97061.2222222222,328.92021572325,21,NA,NA,97061.2222222222,NA,NA,328.92021572325,NA,NA,6331.1836361956,3939.9690356527,9.70612222222222,328.92021572325,0,0,63.6619772367581,222.816920328653,42.4413181578388,0,0,0,0,19.2483870967742,11.9784946236559,19.3835203256543,12.8333333333333,1102,32,1443,7,891811,NA,NA,NA,NA,NA,"S",890112,NA,265,1,"0265K08","637","4664",87,92,"6","6","0","0","10",10,3,5,9,1,"80",50,21,0,9,3,4,NA,43,NA,1,NA,2,NA,NA,NA,NA,NA,NA,21,1,2,25,43,3,6,NA,NA,NA,NA,NA,21,43,NA,NA,NA,NA,NA,2,3,"W","20",NA,NA,NA,"1",1,2,NA,0,NA,4,4,NA,NA,"P402",290,NA,"8.75",NA,"IFN2",25,92,21,"19891811",1989,9
"16071","32_1447","21",131073.3125,1655.21140815571,21,NA,NA,131073.3125,NA,NA,1655.21140815571,NA,NA,16407.2830833435,9119.5782391656,13.10733125,1655.21140815571,0,1527.8874536822,127.323954473516,0,0,0,0,0,0,9.9125,5.50961538461539,10.0411963928608,6.125,1104,32,1447,7,891811,NA,NA,NA,NA,NA,"S",890112,NA,265,1,"0265K11","642","4664",87,92,"6","6","0","0","08",8,2,5,9,1,"0",80,21,0,0,2,3,NA,NA,NA,NA,NA,NA,NA,NA,NA,NA,NA,NA,21,1,2,20,NA,NA,NA,NA,NA,NA,NA,NA,21,NA,NA,NA,NA,NA,NA,2,2,"W","20",NA,NA,NA,"1",1,1,NA,0,1,4,0,NA,NA,"01",350,NA,"10.00",NA,"IFN2",20,92,21,"19891811",1989,9
"16072","32_1448","21",149616.631944444,1000.90775322236,21,NA,NA,149616.631944444,NA,NA,1000.90775322236,NA,NA,13440.9886217619,5890.5012826567,14.9616631944444,1000.90775322236,0,413.802852038928,477.464829275686,95.4929658551372,14.1471060526129,0,0,0,0,13.4287985865724,5.88515901060071,13.7958343049491,6.98387096774194,1105,32,1448,7,891811,NA,NA,NA,NA,NA,"S",890112,NA,265,1,"0265K11","643","4664",87,92,"6","6","0","0","11",11,5,5,9,1,"40",40,21,0,0,3,3,NA,NA,NA,NA,NA,NA,NA,NA,NA,NA,NA,NA,21,1,2,20,NA,NA,NA,NA,NA,NA,NA,NA,21,NA,NA,NA,NA,NA,NA,2,4,"W","20",NA,NA,NA,"1",1,1,NA,0,NA,0,0,NA,NA,"01",264,NA,"8.00",NA,"IFN2",20,92,21,"19891811",1989,9
"16073","32_1455","21",68127,381.971863420549,21,NA,NA,68127,NA,NA,381.971863420549,NA,NA,5716.84555586088,2323.66216914167,6.8127,381.971863420549,0,0,350.14087480217,31.8309886183791,0,0,0,0,0,14.9666666666667,6.08333333333333,15.0695056322362,6.25,1110,32,1455,7,891811,NA,NA,NA,NA,NA,"S",890112,NA,265,1,"0265K09","638","4663",87,22,"3","3","0","0","10",10,3,4,9,1,"40",40,21,0,0,3,3,NA,NA,NA,NA,NA,NA,NA,NA,NA,NA,NA,NA,21,1,2,25,NA,NA,NA,NA,NA,NA,NA,NA,21,NA,NA,NA,NA,NA,NA,2,2,"W","20",NA,NA,NA,"1",1,1,NA,0,NA,0,0,NA,NA,"01",225,NA,"7.00",NA,"IFN2",25,22,21,"19891811",1989,9
"16075","32_1457","21",229035.25,2100.84524881302,21,NA,NA,229035.25,NA,NA,2100.84524881302,NA,NA,24220.1992397246,13384.9307140284,22.903525,2100.84524881302,0,1273.23954473516,827.605704077856,0,0,0,0,0,0,11.5287878787879,6.37121212121212,11.7817334218799,7.25,1111,32,1457,6,891811,NA,NA,NA,NA,NA,"S",890112,NA,265,1,"0265K10","640","4663",87,92,"3","3","0","0","10",10,2,4,9,1,"80",80,21,0,0,3,3,NA,NA,NA,NA,NA,NA,NA,NA,NA,NA,NA,NA,21,1,2,25,NA,NA,NA,NA,NA,NA,NA,NA,21,NA,NA,NA,NA,NA,NA,2,3,"W","20",NA,NA,NA,"1",1,1,NA,0,3,4,0,NA,NA,"01",3,NA,"6.00",NA,"IFN2",25,92,21,"19891811",1989,9
"16076","32_1458","21",88543.8125,700.281749604339,21,NA,NA,88543.8125,NA,NA,700.281749604339,NA,NA,8710.55003541943,3851.54962282387,8.85438125,700.281749604339,0,381.971863420549,318.309886183791,0,0,0,0,0,0,12.4386363636364,5.5,12.6881342206015,6.625,1112,32,1458,6,891811,NA,NA,NA,NA,NA,"S",890112,NA,265,1,"0265K10","641","4663",87,92,"6","6","0","0","10",10,4,5,9,1,"80",70,21,0,0,3,3,NA,NA,NA,NA,NA,NA,NA,NA,NA,NA,NA,NA,21,1,2,25,NA,NA,NA,NA,NA,NA,NA,NA,21,NA,NA,NA,NA,NA,NA,2,3,"W","20",NA,NA,NA,"1",1,1,NA,0,NA,0,0,NA,NA,"01",30,NA,"13.00",NA,"IFN2",25,92,21,"19891811",1989,9
"16078","32_1465","21",156064,1400.56349920868,21,NA,NA,156064,NA,NA,1400.56349920868,NA,NA,16233.8041953733,8339.71901801532,15.6064,1400.56349920868,0,763.943726841098,636.619772367581,0,0,0,0,0,0,11.5909090909091,5.95454545454546,11.911186491545,6.5,1119,32,1465,7,891811,NA,NA,NA,NA,NA,"S",890112,NA,265,1,"0265K07","634","4662",87,39,"3","3","0","0","10",10,4,5,9,1,"40",80,21,0,0,3,3,NA,NA,NA,NA,NA,NA,NA,NA,NA,NA,NA,NA,21,1,2,20,NA,NA,NA,NA,NA,NA,NA,NA,21,NA,NA,NA,NA,NA,NA,2,2,"W","20",NA,NA,NA,"1",1,1,NA,0,NA,0,0,NA,NA,"01",107,NA,"7.25",NA,"IFN2",20,39,21,"19891811",1989,9
"16080","32_1466","21",7098.0625,31.8309886183791,21,NA,NA,7098.0625,NA,NA,31.8309886183791,NA,NA,536.352158219687,175.070437401085,0.70980625,31.8309886183791,0,0,31.8309886183791,0,0,0,0,0,0,16.85,5.5,16.85,5.5,1120,32,1466,7,891811,NA,NA,NA,NA,NA,"S",890112,NA,265,1,"0265K08","635","4662",87,39,"3","3","0","0","10",10,4,5,9,1,"40",20,21,0,8,3,3,NA,21,NA,2,NA,2,NA,NA,NA,NA,NA,NA,21,1,2,20,21,3,1,NA,NA,NA,NA,NA,21,NA,NA,NA,NA,NA,NA,2,2,"W","20",NA,NA,NA,"1",1,1,NA,0,NA,0,0,NA,NA,"01",192,NA,"10.25",NA,"IFN2",20,39,21,"19891811",1989,9
"16081","32_1467","21",24897.25,381.971863420549,21,NA,NA,24897.25,NA,NA,381.971863420549,NA,NA,3469.57775940332,1400.56349920868,2.489725,381.971863420549,0,381.971863420549,0,0,0,0,0,0,0,9.08333333333333,3.66666666666667,9.10993047906148,4,1121,32,1467,6,891811,NA,NA,NA,NA,NA,"S",890112,NA,265,1,"0265K08","636","4662",87,39,"3","3","0","0","11",11,5,5,9,1,"40",30,21,0,0,3,3,NA,NA,NA,NA,NA,NA,NA,NA,NA,NA,NA,NA,21,1,2,15,NA,NA,NA,NA,NA,NA,NA,NA,21,NA,NA,NA,NA,NA,NA,2,2,"W","20",NA,NA,NA,"1",1,1,NA,0,NA,0,0,NA,NA,"01",230,NA,"12.00",NA,"IFN2",15,39,21,"19891811",1989,9
"16085","32_1476","21",79799.3125,1050.42262440651,21,NA,NA,79799.3125,NA,NA,1050.42262440651,NA,NA,10283.0008731674,5204.36663910498,7.97993125,1050.42262440651,0,1018.59163578813,31.8309886183791,0,0,0,0,0,0,9.78939393939394,4.95454545454546,9.8349600606174,5.1,1126,32,1476,6,891811,NA,NA,NA,NA,NA,"S",890112,NA,265,1,"0265K07","634","4661",87,22,"3","3","0","0","11",11,3,4,9,1,"40",60,21,0,0,3,3,NA,NA,NA,NA,NA,NA,NA,NA,NA,NA,NA,NA,21,1,2,20,NA,NA,NA,NA,NA,NA,NA,NA,21,NA,NA,NA,NA,NA,NA,2,2,"W","20",NA,NA,NA,"1",1,1,NA,0,3,4,0,NA,NA,"01",283,NA,"6.75",NA,"IFN2",20,22,21,"19891811",1989,9
"16086","32_1479","21",39694,509.295817894065,21,NA,NA,39694,NA,NA,509.295817894065,NA,NA,5042.02859715124,2673.80304394384,3.9694,509.295817894065,0,509.295817894065,0,0,0,0,0,0,0,9.9,5.25,9.96167656571925,5.5,1128,32,1479,7,891811,NA,NA,NA,NA,NA,"S",890112,NA,265,1,"0265K08","637","4661",87,22,"3","3","0","0","10",10,4,5,9,1,"40",30,21,0,0,3,3,NA,NA,NA,NA,NA,NA,NA,NA,NA,NA,NA,NA,21,1,2,15,NA,NA,NA,NA,NA,NA,NA,NA,21,NA,NA,NA,NA,NA,NA,2,2,"W","20",NA,NA,NA,"1",1,1,NA,0,NA,0,0,NA,NA,"01",85,NA,"9.25",NA,"IFN2",15,22,21,"19891811",1989,9
"16087","32_1482","21",108008.5,891.267681314614,21,NA,NA,108008.5,NA,NA,891.267681314614,NA,NA,10879.831909762,4758.73279844767,10.80085,891.267681314614,0,636.619772367581,222.816920328653,31.8309886183791,0,0,0,0,0,12.2071428571429,5.33928571428571,12.4216688549831,6.75,1131,32,1482,6,891811,NA,NA,NA,NA,NA,"S",890112,NA,265,1,"0265K10","640","4661",87,22,"3","3","0","0","10",10,3,4,9,1,"80",60,21,0,0,3,3,NA,NA,NA,NA,NA,NA,NA,NA,NA,NA,NA,NA,21,1,2,25,NA,NA,NA,NA,NA,NA,NA,NA,21,NA,NA,NA,NA,NA,NA,2,2,"W","20",NA,NA,NA,"1",1,1,NA,0,NA,0,0,NA,NA,"01",158,NA,"5.75",NA,"IFN2",25,22,21,"19891811",1989,9
"16108","32_1516","21",68394.0277777778,491.611935328299,21,NA,NA,68394.0277777778,NA,NA,491.611935328299,NA,NA,6311.37768772194,3183.09886183791,6.83940277777778,491.611935328299,0,254.647908947033,190.985931710274,31.8309886183791,14.1471060526129,0,0,0,0,12.8381294964029,6.47482014388489,13.3092303124858,7.98387096774194,1156,32,1516,6,891811,NA,NA,NA,NA,NA,"S",890112,NA,265,1,"0265L08","636","4658",87,22,"3","3","0","0","11",11,4,4,9,1,"60",40,21,0,0,3,3,NA,NA,NA,NA,NA,NA,NA,NA,NA,NA,NA,NA,21,1,2,20,NA,NA,NA,NA,NA,NA,NA,NA,21,43,NA,NA,NA,NA,NA,2,2,"W","20",NA,NA,NA,"1",1,1,NA,0,NA,0,0,NA,NA,"01",133,NA,"5.75",NA,"IFN2",20,22,21,"19891811",1989,9
"16115","32_1533","21",86555.1875,954.929658551372,21,NA,NA,86555.1875,NA,NA,954.929658551372,NA,NA,9808.71914275351,6143.38080334716,8.65551875,954.929658551372,0,763.943726841098,127.323954473516,63.6619772367581,0,0,0,0,0,10.2716666666667,6.43333333333333,10.7427611286236,10.25,1168,32,1533,6,892011,NA,NA,NA,NA,NA,"S",890112,NA,265,1,"0265L08","637","4657",87,22,"3","3","0","0","11",11,3,4,9,1,"60",40,21,0,0,3,3,NA,NA,NA,NA,NA,NA,NA,NA,NA,NA,NA,NA,21,1,2,20,NA,NA,NA,NA,NA,NA,NA,NA,21,NA,NA,NA,NA,NA,NA,2,2,"W","20",NA,NA,NA,"1",1,1,NA,0,NA,4,9,NA,NA,"P402",315,NA,"6.00",NA,"IFN2",20,22,21,"19892011",1989,9
"16119","32_1548","21",221440.9375,2864.78897565412,21,NA,NA,221440.9375,NA,NA,2864.78897565412,NA,NA,27974.6643472624,22074.7906068459,22.14409375,2864.78897565412,0,2673.80304394384,190.985931710274,0,0,0,0,0,0,9.765,7.70555555555556,9.92059446023495,8.75,1179,32,1548,6,892111,NA,NA,NA,NA,NA,"S",890212,NA,265,1,"0265L08","636","4656",87,22,"3","3","0","0","11",11,3,4,9,1,"60",70,21,0,0,3,3,NA,NA,NA,NA,NA,NA,NA,NA,NA,NA,NA,NA,21,1,2,20,NA,NA,NA,NA,NA,NA,NA,NA,21,NA,NA,NA,NA,NA,NA,2,2,"W","20",NA,NA,NA,"1",1,1,NA,0,4,3,0,NA,NA,"01",112,NA,"6.50",NA,"IFN2",20,22,21,"19892111",1989,9
"16120","32_1549","21",6972.25,127.323954473516,21,NA,NA,6972.25,NA,NA,127.323954473516,NA,NA,1063.15501985386,318.309886183791,0.697225,127.323954473516,0,127.323954473516,0,0,0,0,0,0,0,8.35,2.5,8.35,2.5,1180,32,1549,7,892111,NA,NA,NA,NA,NA,"S",890212,NA,265,1,"0265L08","637","4656",87,22,"3","3","0","0","12",12,3,4,9,1,"60",40,21,0,0,3,2,NA,NA,NA,NA,NA,NA,NA,NA,NA,NA,NA,NA,21,1,2,15,NA,NA,NA,NA,NA,NA,NA,NA,21,NA,NA,NA,NA,NA,NA,2,2,"W","20",NA,NA,NA,"1",1,1,NA,3,NA,4,0,NA,NA,"01",183,NA,"5.75",NA,"IFN2",15,22,21,"19892111",1989,9
"16121","32_1550","21",5852.25,127.323954473516,21,NA,NA,5852.25,NA,NA,127.323954473516,NA,NA,974.028251722399,381.971863420549,0.585225,127.323954473516,0,127.323954473516,0,0,0,0,0,0,0,7.65,3,7.65,3,1181,32,1550,7,892111,NA,NA,NA,NA,NA,"S",890212,NA,265,1,"0265L08","638","4656",87,22,"3","3","0","0","12",12,2,3,9,1,"0",70,21,0,0,1,2,NA,NA,NA,NA,NA,NA,NA,NA,NA,NA,NA,NA,21,1,2,15,NA,NA,NA,NA,NA,NA,NA,NA,21,NA,NA,NA,NA,NA,NA,2,3,"W","20",NA,NA,NA,"1",1,1,NA,0,NA,0,0,NA,NA,"01",183,NA,"3.75",NA,"IFN2",15,22,21,"19892111",1989,9
"16125","32_1567","21",6162.25,127.323954473516,21,NA,NA,6162.25,NA,NA,127.323954473516,NA,NA,999.493042617103,636.619772367581,0.616225,127.323954473516,0,127.323954473516,0,0,0,0,0,0,0,7.85,5,7.85,5,1192,32,1567,7,892111,NA,NA,NA,NA,NA,"S",890212,NA,265,1,"0265M09","639","4655",87,71,"3","3","0","0","11",11,2,4,9,1,"60",30,21,0,0,3,3,NA,NA,NA,NA,NA,NA,NA,NA,NA,NA,NA,NA,21,1,2,20,NA,NA,NA,NA,NA,NA,NA,NA,21,NA,NA,NA,NA,NA,NA,2,1,"W","20",NA,NA,NA,"1",1,1,NA,0,NA,4,0,NA,NA,"01",250,NA,"4.25",NA,"IFN2",20,71,21,"19892111",1989,9
"16130","32_1570","21",107347.375,954.929658551372,21,NA,NA,107347.375,NA,NA,954.929658551372,NA,NA,11201.3248948076,6477.60618384014,10.7347375,954.929658551372,0,763.943726841098,190.985931710274,0,0,0,0,0,0,11.73,6.78333333333333,11.9636881158501,7.25,1195,32,1570,6,892111,NA,NA,NA,NA,NA,"S",890212,NA,265,1,"0265M10","642","4655",87,71,"7","7","0","0","10",10,3,4,9,1,"60",60,21,0,0,3,3,NA,NA,NA,NA,NA,NA,NA,NA,NA,NA,NA,NA,21,1,2,20,NA,NA,NA,NA,NA,NA,NA,NA,21,NA,NA,NA,NA,NA,NA,2,2,"W","20",NA,NA,NA,"1",1,1,NA,0,NA,4,0,NA,NA,"01",356,NA,"5.25",NA,"IFN2",20,71,21,"19892111",1989,9
"16131","32_1571","21",29149.25,381.971863420549,21,NA,NA,29149.25,NA,NA,381.971863420549,NA,NA,3736.9580637977,2100.84524881302,2.914925,381.971863420549,0,381.971863420549,0,0,0,0,0,0,0,9.78333333333333,5.5,9.85718857822385,5.5,1196,32,1571,7,892111,NA,NA,NA,NA,NA,"S",890212,NA,265,1,"0265M11","643","4655",87,71,"7","7","0","0","10",10,4,4,9,1,"30",30,21,0,0,3,3,NA,NA,NA,NA,NA,NA,NA,NA,NA,NA,NA,NA,21,1,2,20,NA,NA,NA,NA,NA,NA,NA,NA,21,NA,NA,NA,NA,NA,NA,2,2,"W","20",NA,NA,NA,"1",1,1,NA,0,NA,0,0,NA,NA,"01",110,NA,"4.00",NA,"IFN2",20,71,21,"19892111",1989,9
"16133","32_1589","21",307022.423611111,1701.1895028267,21,NA,NA,307022.423611111,NA,NA,1701.1895028267,NA,NA,25044.445006115,12460.0636558388,30.7022423611111,1701.1895028267,0,413.802852038928,891.267681314614,381.971863420549,14.1471060526129,0,0,0,0,14.7217255717256,7.32432432432433,15.1587628952891,8.54838709677419,1210,32,1589,6,892111,NA,NA,NA,NA,NA,"S",890212,NA,265,1,"0265M10","641","4654",87,71,"3","3","0","0","08",8,3,4,9,1,"60",70,21,0,9,3,3,NA,26,NA,1,NA,3,NA,NA,NA,NA,NA,NA,21,1,2,20,26,1,2,20,NA,NA,NA,NA,21,26,NA,NA,NA,NA,NA,2,2,"W","20",NA,NA,NA,"1",1,2,NA,0,NA,4,0,NA,NA,"01",267,NA,"4.25",NA,"IFN2",20,71,21,"19892111",1989,9
"16138","32_1591","21",123868.5,1273.23954473516,21,NA,NA,123868.5,NA,NA,1273.23954473516,NA,NA,13766.9025774489,7416.62034808232,12.38685,1273.23954473516,0,1018.59163578813,222.816920328653,31.8309886183791,0,0,0,0,0,10.8125,5.825,11.1296226351121,6.125,1212,32,1591,7,892111,NA,NA,NA,NA,NA,"S",890212,NA,265,1,"0265M11","643","4654",87,71,"7","7","0","0","09",9,3,3,9,1,"30",70,21,0,0,3,3,NA,NA,NA,NA,NA,NA,NA,NA,NA,NA,NA,NA,21,1,2,20,NA,NA,NA,NA,NA,NA,NA,NA,21,NA,NA,NA,NA,NA,NA,2,2,"W","20",NA,NA,NA,"1",1,1,NA,0,3,4,0,NA,NA,"01",300,NA,"4.00",NA,"IFN2",20,71,21,"19892111",1989,9
"16149","32_1606","21",310785.5,2705.63403256222,21,NA,NA,310785.5,NA,NA,2705.63403256222,NA,NA,31913.7491887869,20897.0440279659,31.07855,2705.63403256222,0,1687.04239677409,891.267681314614,127.323954473516,0,0,0,0,0,11.7952941176471,7.72352941176471,12.0934693119882,8.875,1226,32,1606,4,892111,NA,NA,NA,NA,NA,"S",890412,NA,265,1,"0265M08","636","4653",87,22,"3","3","0","0","10",10,2,2,9,1,"50",85,21,0,0,3,3,NA,NA,NA,NA,NA,NA,NA,NA,NA,NA,NA,NA,21,1,2,19,NA,NA,NA,NA,NA,NA,NA,NA,21,43,NA,NA,NA,NA,NA,2,4,"W","20",NA,NA,NA,"1",1,1,NA,0,NA,0,0,NA,NA,"01",302,NA,"1.25",NA,"IFN2",19,22,21,"19892111",1989,9
"16150","32_1607","21",356438.1875,3692.39467973197,21,NA,NA,356438.1875,NA,NA,3692.39467973197,NA,NA,39994.0456495624,28934.3686541066,35.64381875,3692.39467973197,0,3055.77490736439,604.788783749202,31.8309886183791,0,0,0,0,0,10.8314655172414,7.83620689655172,11.0864656147749,8.625,1227,32,1607,6,892111,NA,NA,NA,NA,NA,"S",890412,NA,265,1,"0265M11","643","4653",87,71,"7","7","0","0","09",9,3,4,9,1,"60",99,21,0,0,3,3,NA,NA,NA,NA,NA,NA,NA,NA,NA,NA,NA,NA,21,1,2,24,NA,NA,NA,NA,NA,NA,NA,NA,21,NA,NA,NA,NA,NA,NA,2,3,"W","20",NA,NA,NA,"1",1,1,NA,0,NA,0,0,NA,NA,"01",137,NA,"6.00",NA,"IFN2",24,71,21,"19892111",1989,9
"16153","32_1609","21",97292.3125,1082.25361302489,21,NA,NA,97292.3125,NA,NA,1082.25361302489,NA,NA,11371.6206839159,7543.94430255584,9.72923125,1082.25361302489,0,891.267681314614,190.985931710274,0,0,0,0,0,0,10.5073529411765,6.97058823529412,10.6986702032377,8.5,1229,32,1609,5,892111,NA,NA,NA,NA,NA,"S",890412,NA,265,1,"0265M11","645","4653",87,34,"3","3","0","0","08",8,3,4,9,1,"60",65,21,0,0,3,3,NA,NA,NA,NA,NA,NA,NA,NA,NA,NA,NA,NA,21,1,2,20,NA,NA,NA,NA,NA,NA,NA,NA,21,NA,NA,NA,NA,NA,NA,2,2,"W","20",NA,NA,NA,"1",1,1,NA,0,NA,0,0,NA,NA,"01",30,NA,"7.00",NA,"IFN2",20,34,21,"19892111",1989,9
"16174","32_1641","21",97521.75,1209.5775674984,21,NA,NA,97521.75,NA,NA,1209.5775674984,NA,NA,12162.6207510826,5236.19762772336,9.752175,1209.5775674984,0,1145.91559026165,63.6619772367581,0,0,0,0,0,0,10.0552631578947,4.32894736842105,10.1318544050046,4.41666666666667,1259,32,1641,7,892111,NA,NA,NA,NA,NA,"S",890512,NA,266,1,"0266J07","664","4668",87,86,"5","5","0","0","13",13,4,3,9,1,"20",60,21,0,0,2,3,NA,NA,NA,NA,NA,NA,NA,NA,NA,NA,NA,NA,21,1,2,15,NA,NA,NA,NA,NA,NA,NA,NA,21,NA,NA,NA,NA,NA,NA,2,4,"W","20",NA,NA,NA,"1",1,1,NA,1,NA,4,0,NA,NA,"01",220,NA,"2.50",NA,"IFN2",15,86,21,"19892111",1989,9
"16183","32_1676","21",201812.951388889,870.047022235694,21,NA,NA,201812.951388889,NA,NA,870.047022235694,NA,NA,14803.7086122798,6969.21811916844,20.1812951388889,870.047022235694,0,0,572.957795130823,254.647908947033,42.4413181578388,0,0,0,0,17.014837398374,8.01016260162602,17.1853433606304,8.68333333333333,1287,32,1676,6,892211,NA,NA,NA,NA,NA,"S",890512,NA,266,1,"0266K05","659","4661",87,34,"5","5","0","0","14",14,3,2,9,1,"50",80,21,0,0,3,3,NA,NA,NA,NA,NA,NA,NA,NA,NA,NA,NA,NA,21,1,2,25,NA,NA,NA,NA,NA,NA,NA,NA,21,NA,NA,NA,NA,NA,NA,2,9,"G","20",NA,NA,NA,"1",1,1,NA,0,4,3,0,NA,NA,"P413",172,NA,"1.75",NA,"IFN2",25,34,21,"19892211",1989,9
"16184","32_1677","21",45834.625,572.957795130823,21,NA,NA,45834.625,NA,NA,572.957795130823,NA,NA,5732.76105017007,2244.08469759572,4.5834625,572.957795130823,0,509.295817894065,63.6619772367581,0,0,0,0,0,0,10.0055555555556,3.91666666666667,10.0923100538094,4.75,1288,32,1677,6,892211,NA,NA,NA,NA,NA,"S",890512,NA,266,1,"0266K05","660","4661",87,86,"5","5","0","0","13",13,3,3,9,1,"50",50,21,0,0,3,3,NA,NA,NA,NA,NA,NA,NA,NA,NA,NA,NA,NA,21,3,1,NA,NA,NA,NA,NA,NA,NA,NA,NA,21,NA,NA,NA,NA,NA,NA,2,12,"G","20",NA,NA,NA,"1",1,1,NA,0,NA,0,0,NA,"P413","G813",386,NA,"3.50",NA,"IFN2",9,86,21,"19892211",1989,9
"16185","32_1678","21",96049.1875,827.605704077856,21,NA,NA,96049.1875,NA,NA,827.605704077856,NA,NA,9929.67689950335,4504.08488950064,9.60491875,827.605704077856,0,541.126806512444,286.478897565412,0,0,0,0,0,0,11.9980769230769,5.44230769230769,12.1559853886565,6.125,1289,32,1678,6,892211,NA,NA,NA,NA,NA,"S",890512,NA,266,1,"0266K06","661","4661",87,86,"5","5","0","0","13",13,4,4,9,1,"50",60,21,0,0,3,3,NA,NA,NA,NA,NA,NA,NA,NA,NA,NA,NA,NA,21,1,2,20,NA,NA,NA,NA,NA,NA,NA,NA,21,57,78,NA,NA,NA,NA,2,10,"G","18",NA,NA,NA,"1",1,1,NA,0,NA,0,0,NA,"M813","M413",183,NA,"4.25",NA,"IFN2",20,86,21,"19892211",1989,9
"16186","32_1682","21",75965.1875,827.605704077856,21,NA,NA,75965.1875,NA,NA,827.605704077856,NA,NA,8841.05708875479,3803.8031398963,7.59651875,827.605704077856,0,636.619772367581,190.985931710274,0,0,0,0,0,0,10.6826923076923,4.59615384615385,10.8106206681563,4.875,1293,32,1682,7,892211,NA,NA,NA,NA,NA,"S",890512,NA,266,1,"0266L06","660","4660",87,34,"5","5","0","0","13",13,4,4,9,1,"50",60,21,0,0,3,3,NA,NA,NA,NA,NA,NA,NA,NA,NA,NA,NA,NA,21,1,2,20,NA,NA,NA,NA,NA,NA,NA,NA,21,NA,NA,NA,NA,NA,NA,2,3,"W","20",NA,NA,NA,"1",1,1,NA,0,NA,0,0,NA,NA,"01",250,NA,"6.00",NA,"IFN2",20,34,21,"19892211",1989,9
"16187","32_1702","21",183133.25,1400.56349920868,21,43,NA,183133.25,8930.25,NA,1400.56349920868,127.323954473516,NA,18824.8466689094,9358.31065380345,19.20635,1527.8874536822,0,1018.59163578813,381.971863420549,127.323954473516,0,0,0,0,0,12.3208333333333,6.125,12.651202182665,7.25,1302,32,1702,6,892211,NA,NA,NA,NA,NA,"S",890512,NA,266,1,"0266M07","666","4655",87,48,"5","5","0","0","12",12,5,4,9,1,"70",70,21,0,7,3,3,NA,25,NA,2,NA,2,NA,43,NA,1,NA,2,21,1,2,22,25,1,2,20,43,3,6,NA,21,25,43,78,NA,NA,NA,2,10,"G","19",NA,NA,NA,"1",1,3,NA,0,NA,0,0,NA,NA,"M106",399,NA,"4.75",NA,"IFN2",22,48,21,"19892211",1989,9
"16203","32_1841","21",132194.25,763.943726841098,21,NA,NA,132194.25,NA,NA,763.943726841098,NA,NA,11134.479818709,4599.57785535577,13.219425,763.943726841098,0,127.323954473516,477.464829275686,159.154943091895,0,0,0,0,0,14.575,6.02083333333333,14.8433065723241,6.75,1405,32,1841,7,892311,NA,NA,NA,NA,NA,"S",891112,NA,302,1,"0302J02","597","4646",87,16,"5","5","0","0","11",11,3,2,9,1,"50",65,21,6,0,2,3,26,NA,4,NA,3,NA,NA,NA,NA,NA,NA,NA,21,1,2,11,NA,NA,NA,NA,NA,NA,NA,NA,21,NA,NA,NA,NA,NA,NA,2,11,"G","20",NA,NA,NA,"1",1,1,NA,0,NA,0,0,NA,NA,"01",144,NA,"1.25",NA,"IFN2",11,16,21,"19892311",1989,9
"16204","32_1843","21",50300.625,509.295817894065,21,43,NA,50300.625,5625,NA,509.295817894065,127.323954473516,NA,6585.83154514263,3103.52139029196,5.5925625,636.619772367581,127.323954473516,413.802852038928,95.4929658551372,0,0,0,0,0,0,10.345,4.875,10.575975132346,6.875,1407,32,1843,7,892311,NA,NA,NA,NA,NA,"S",891112,NA,302,1,"0302J03","599","4646",87,12,"6","6","0","0","11",11,2,5,9,1,"50",65,21,6,7,2,3,26,43,4,3,3,3,NA,NA,NA,NA,NA,NA,21,1,1,15,43,3,6,NA,NA,NA,NA,NA,21,43,NA,NA,NA,NA,NA,2,4,"W","20",NA,NA,NA,"1",1,2,NA,0,NA,0,0,NA,NA,"01",288,NA,"8.00",NA,"IFN2",15,12,21,"19892311",1989,9
"16208","32_1847","21",55299.75,763.943726841098,21,26,NA,55299.75,8556.25,NA,763.943726841098,31.8309886183791,NA,7852.70489215412,3262.67633338385,6.3856,795.774715459477,0,763.943726841098,0,31.8309886183791,0,0,0,0,0,9.868,4.1,10.1078979021357,5.3,1410,32,1847,7,892411,NA,NA,NA,NA,NA,"S",891312,NA,302,1,"0302K03","600","4645",87,12,"5","5","0","0","11",11,4,3,9,1,"50",40,21,6,7,2,3,26,26,4,3,3,3,NA,NA,NA,NA,NA,NA,21,1,1,20,26,3,1,NA,NA,NA,NA,NA,21,26,99,43,NA,NA,NA,2,2,"W","20",NA,NA,NA,"1",1,2,NA,0,NA,0,0,NA,NA,"01",163,NA,"2.75",NA,"IFN2",20,12,21,"19892411",1989,9
"16212","32_1855","21",40652.5,445.633840657307,21,NA,NA,40652.5,NA,NA,445.633840657307,NA,NA,4675.97222803989,2435.070629306,4.06525,445.633840657307,0,381.971863420549,31.8309886183791,31.8309886183791,0,0,0,0,0,10.4928571428571,5.46428571428571,10.7772909397492,5.75,1418,32,1855,7,892411,NA,NA,NA,NA,NA,"S",891312,NA,302,1,"0302L04","603","4640",87,5,"5","5","0","0","11",11,2,3,9,1,"60",30,21,0,0,3,3,NA,NA,NA,NA,NA,NA,NA,NA,NA,NA,NA,NA,21,1,2,20,NA,NA,NA,NA,NA,NA,NA,NA,21,NA,NA,NA,NA,NA,NA,2,3,"W","17",NA,NA,NA,"1",2,1,NA,0,NA,0,0,NA,NA,"01",104,NA,"3.00",NA,"IFN2",20,5,21,"19892411",1989,9
"16244","32_416","21",322226.5625,2355.49315776005,21,NA,NA,322226.5625,NA,NA,2355.49315776005,NA,NA,30543.4251287656,17096.4239869314,32.22265625,2355.49315776005,0,891.267681314614,1368.7325105903,95.4929658551372,0,0,0,0,0,12.9668918918919,7.25810810810811,13.1975952457359,9.125,324,32,416,4,892211,NA,NA,NA,NA,NA,"S",890612,NA,188,1,"0188M07","612","4690",87,37,"3","3",NA,"0","10",10,3,5,9,1,"50",95,21,0,0,3,3,NA,NA,NA,NA,NA,NA,NA,NA,NA,NA,NA,NA,21,1,2,20,NA,NA,NA,NA,NA,NA,NA,NA,21,NA,NA,NA,NA,NA,NA,2,7,"G","20",NA,NA,NA,"1",1,1,NA,0,NA,0,0,NA,NA,"01",269,NA,"8.75",NA,"IFN2",20,37,21,"19892211",1989,9
"16246","32_417","21",233519.736111111,1319.21763940615,21,NA,NA,233519.736111111,NA,NA,1319.21763940615,NA,NA,19542.4586234282,10723.5063878806,23.3519736111111,1319.21763940615,0,127.323954473516,1050.42262440651,127.323954473516,14.1471060526129,0,0,0,0,14.813672922252,8.12868632707775,15.0126939138943,9.54838709677419,325,32,417,7,892211,NA,NA,NA,NA,NA,"S",890612,NA,188,1,"0188M08","613","4690",87,37,"3","3",NA,"0","10",10,4,3,9,1,"70",85,21,0,0,3,3,NA,NA,NA,NA,NA,NA,NA,NA,NA,NA,NA,NA,21,1,2,25,NA,NA,NA,NA,NA,NA,NA,NA,21,41,NA,NA,NA,NA,NA,1,7,"G","20",NA,NA,NA,"1",1,1,NA,0,NA,4,0,NA,NA,"01",188,NA,"3.00",NA,"IFN2",25,37,21,"19892211",1989,9
"16255","32_627","21",160066.5,1559.71844230057,21,NA,NA,160066.5,NA,NA,1559.71844230057,NA,NA,17437.0155651481,10376.9022895916,16.00665,1559.71844230057,0,1018.59163578813,541.126806512444,0,0,0,0,0,0,11.1795918367347,6.6530612244898,11.4309461818454,7.375,466,32,627,6,892311,NA,NA,NA,NA,NA,"S",891312,NA,190,1,"0190M08","667","4691",87,83,"3","3","0","0","13",13,4,4,9,1,"80",90,21,0,0,3,3,NA,NA,NA,NA,NA,NA,NA,NA,NA,NA,NA,NA,21,1,2,25,NA,NA,NA,NA,NA,NA,NA,NA,21,NA,NA,NA,NA,NA,NA,2,4,"W","20",NA,NA,NA,"1",1,1,NA,3,NA,0,0,NA,NA,"01",165,NA,"4.50",NA,"IFN2",25,83,21,"19892311",1989,9
"16256","32_633","21",216559,1973.5212943395,21,NA,NA,216559,NA,NA,1973.5212943395,NA,NA,22724.1427746608,10742.9586587029,21.6559,1973.5212943395,0,1527.8874536822,381.971863420549,63.6619772367581,0,0,0,0,0,11.5145161290323,5.44354838709677,11.8201304506747,6.375,471,32,633,6,892411,NA,NA,NA,NA,NA,"S",891312,NA,190,1,"0190M08","667","4690",87,83,"3","3","0","0","12",12,4,4,9,1,"80",75,21,0,0,3,3,NA,NA,NA,NA,NA,NA,NA,NA,NA,NA,NA,NA,21,1,2,26,NA,NA,NA,NA,NA,NA,NA,NA,21,NA,NA,NA,NA,NA,NA,2,3,"W","20",NA,NA,NA,"1",1,1,NA,3,NA,4,0,NA,NA,"01",269,NA,"4.25",NA,"IFN2",26,83,21,"19892411",1989,9
"16257","32_640","21",407201.201388889,2348.41960473374,21,NA,NA,407201.201388889,NA,NA,2348.41960473374,NA,NA,33722.6335364391,30145.7146098616,40.7201201388889,2348.41960473374,0,1018.59163578813,859.436692696235,413.802852038928,56.5884242104517,0,0,0,0,14.3597138554217,12.8365963855422,14.8583894043995,14.8382352941176,475,32,640,4,892411,NA,NA,NA,NA,NA,"S",891312,NA,190,1,"0190M07","665","4689",87,83,"3","3","0","0","09",9,4,5,9,1,"80",95,21,0,0,3,3,NA,NA,NA,NA,NA,NA,NA,NA,NA,NA,NA,NA,21,1,2,28,NA,NA,NA,NA,NA,NA,NA,NA,21,43,NA,NA,NA,NA,NA,2,4,"W","20",NA,NA,NA,"1",1,1,NA,3,NA,0,0,NA,NA,"01",212,NA,"9.25",NA,"IFN2",28,83,21,"19892411",1989,9
"16321","32_985","21",179739.805555556,997.370976709211,21,26,NA,179739.805555556,175237.126666667,NA,997.370976709211,144.866365978756,NA,20055.8571020775,11005.6704181,35.4976932222222,1142.23734268797,0,381.971863420549,350.14087480217,222.816920328653,42.4413181578388,28.2942121052258,28.2942121052258,42.4413181578388,45.8366236104659,17.5583973247461,9.6351870200644,19.8919311828392,15.0994475138122,764,32,985,6,892311,NA,NA,NA,NA,NA,"S",891112,NA,226,1,"0226L09","613","4676",87,7,"7","7","0","0","05",5,1,4,9,1,"80",70,21,8,6,4,3,25,26,2,4,3,4,NA,NA,NA,NA,NA,NA,21,2,1,20,26,3,1,NA,NA,NA,NA,NA,21,26,41,NA,NA,NA,NA,2,7,"G","20",NA,NA,NA,"1",1,2,NA,0,NA,0,4,NA,NA,"01",126,NA,"4.25",NA,"IFN2",20,7,21,"19892311",1989,9
