,PLOT_ID,specie,G_sp,N_sp,sp_1,sp_2,sp_3,G_sp_1,G_sp_2,G_sp_3,N_sp_1,N_sp_2,N_sp_3,SUM_DBH,SUM_H,BASAL_AREA,DENSITY,CD_0_75,CD_75_125,CD_125_175,CD_175_225,CD_225_275,CD_275_325,CD_325_375,CD_375_425,CD_425_,MEAN_DBH,MEAN_H,QM_DBH,DOMINANT_H,X,Provincia,Estadillo,ESTRATO,FECHGR,CODGR,NUMPMA,NUMTIP,NUMPME,NUMMAT,VERIFICA,FECHAVE,CODVE,HOJA,VUELO,FOTO,COORDEX,COORDEY,ANO,MUNICI,PROPIED1,PROPIED2,AREAPRO1,AREAPRO2,ALTITUD1,ALTITUD2,PENDIEN1,PENDIEN2,USO1,USO2,FRACCION1,FRACCION2,ESPECIA12,OCUPA11,OCUPA12,ESTADA11,ESTADA12,ESPECIA21,ESPECIA22,OCUPA21,OCUPA22,ESTADA21,ESTADA22,ESPECIA31,ESPECIA32,OCUPA31,OCUPA32,ESTADA31,ESTADA32,ESPECIB1,MASAB1,ORIGEB1,EDADB1,ESPECIB2,MASAB2,ORIGEB2,EDADB2,ESPECIB3,MASAB3,ORIGEB3,EDADB3,ESPECIE1,ESPECIE2,ESPECIE3,ESPECIE4,ESPECIE5,ESPECIE6,ESPECIE7,CLASUELO,ESPESOR,CLACOBER,CUBIERTA,MEROSIVA1,MEROSIVA2,MEROSIVA3,MEROSIVA4,DISESPAC,COMPESPE,PREPSUEL1,PREPSUEL2,TRAVUELO1,TRAVUELO2,CORTAS,DANOS1,DANOS2,DANOS3,ORIENTA1,ORIENTA2,MAXPEND1,MAXPEND2,INVENTORY_ID,AGE,MUNICIPALITY,SPECIE_IFN_ID,Fecha_IFN2,Anyo_IFN2,EXEC_TIME
15103,28_10_IFN2,21,112677375,1050.42262440651,21,NA,NA,112677375,NA,NA,1050.42262440651,NA,NA,12070.3108840893,6732.25409278717,11.2677375,1050.42262440651,0,763.943726841098,286.478897565412,0,0,0,0,0,0,11.4909090909091,6.40909090909091,11.6866862866955,7,10,28,10,0,911024,NA,NA,NA,NA,NA,6,911111,NA,458,1,0458J13,456,4554,90,88,1,1,0,0,16,16,5,5,1,1,40,60,21,0,0,2,3,NA,NA,NA,NA,NA,NA,NA,NA,NA,NA,NA,NA,21,1,1,18,NA,NA,NA,NA,NA,NA,NA,NA,21,78,37,NA,NA,NA,NA,2,2,W,20,NA,NA,NA,1,1,1,NA,1,NA,0,0,NA,NA,1,397,NA,10.50,NA,IFN2,18,88,21,19911024,1991,9
15105,28_104_IFN2,21,402339.145833333,1679.96884374778,21,NA,NA,402339.145833333,NA,NA,1679.96884374778,NA,NA,28767.2559638601,10597.9508216637,40.2339145833333,1679.96884374778,0,159.154943091895,859.436692696235,604.788783749202,42.4413181578388,14.1471060526129,0,0,0,17.1236842105263,6.30842105263158,17.4622656334346,7,104,28,104,0,911025,NA,NA,NA,NA,NA,6,911113,NA,458,1,0458M07,437,4540,90,97,1,1,0,0,18,18,4,4,1,1,80,80,21,0,0,4,3,NA,NA,NA,NA,NA,NA,NA,NA,NA,NA,NA,NA,21,1,2,34,NA,NA,NA,NA,NA,NA,NA,NA,21,37,NA,NA,NA,NA,NA,2,3,W,20,NA,NA,NA,1,1,1,NA,0,NA,0,0,NA,NA,1,356,NA,4.50,NA,IFN2,34,97,21,19911025,1991,9
15107,28_105_IFN2,21,286407.263888889,2143.28656697086,21,NA,NA,286407.263888889,NA,NA,2143.28656697086,NA,NA,27128.1368888392,12486.5894796875,28.6407263888889,2143.28656697086,0,1145.91559026165,859.436692696235,95.4929658551372,42.4413181578388,0,0,0,0,12.6572607260726,5.82590759075908,13.0438847374126,7.88333333333333,105,28,105,0,911025,NA,NA,NA,NA,NA,6,911113,NA,458,1,0458M07,438,4540,90,97,1,1,0,0,16,16,4,4,1,1,80,85,21,0,0,4,3,NA,NA,NA,NA,NA,NA,NA,NA,NA,NA,NA,NA,21,1,1,26,NA,NA,NA,NA,NA,NA,NA,NA,21,NA,NA,NA,NA,NA,NA,2,2,W,20,NA,NA,NA,1,1,1,NA,0,NA,0,0,NA,NA,1,290,NA,5.50,NA,IFN2,26,97,21,19911025,1991,9
15118,28_112_IFN2,21,122618.930555556,392.582192960009,21,NA,NA,122618.930555556,NA,NA,392.582192960009,NA,NA,7707.34337746352,3529.70296012692,12.2618930555556,392.582192960009,0,0,127.323954473516,222.816920328653,28.2942121052258,14.1471060526129,0,0,0,19.6324324324324,8.99099099099099,19.9419913252919,8.96666666666667,112,28,112,0,911028,NA,NA,NA,NA,NA,6,911113,NA,459,3,459284,457,4553,90,88,1,1,0,0,16,16,5,5,1,1,30,65,21,0,0,2,3,NA,NA,NA,NA,NA,NA,NA,NA,NA,NA,NA,NA,21,2,1,23,NA,NA,NA,NA,NA,NA,NA,NA,21,43,37,NA,NA,NA,NA,2,5,G,20,NA,NA,NA,1,1,1,NA,0,NA,0,0,NA,NA,P914,336,NA,12.25,NA,IFN2,23,88,21,19911028,1991,9
15119,28_113_IFN2,21,482519.458333333,1559.71844230057,21,NA,NA,482519.458333333,NA,NA,1559.71844230057,NA,NA,30404.9603282757,16856.2768616883,48.2519458333333,1559.71844230057,0,31.8309886183791,445.633840657307,700.281749604339,353.677651315323,28.2942121052258,0,0,0,19.4938775510204,10.8072562358277,19.8467487356028,10.9375,113,28,113,0,911028,NA,64,5,2,3,6,911113,NA,459,3,459284,457,4552,90,88,1,1,0,0,16,16,5,5,1,1,30,90,21,0,0,2,3,NA,NA,NA,NA,NA,NA,NA,NA,NA,NA,NA,NA,21,2,1,24,NA,NA,NA,NA,NA,NA,NA,NA,21,78,37,43,NA,NA,NA,2,2,W,20,NA,NA,NA,1,1,1,NA,1,NA,0,0,NA,NA,1,88,NA,9.50,NA,IFN2,24,88,21,19911028,1991,9
15129,28_115_IFN2,21,6642.25,127.323954473516,21,NA,NA,6642.25,NA,NA,127.323954473516,NA,NA,1037.69022895916,445.633840657307,0.664225,127.323954473516,0,127.323954473516,0,0,0,0,0,0,0,8.15,3.5,8.15,3.5,115,28,115,0,911028,NA,NA,NA,NA,NA,6,911113,NA,459,3,459284,458,4551,90,88,4,4,0,0,14,14,3,3,1,1,40,30,21,0,0,3,2,NA,NA,NA,NA,NA,NA,NA,NA,NA,NA,NA,NA,21,1,1,10,NA,NA,NA,NA,NA,NA,NA,NA,21,37,43,78,NA,NA,NA,2,2,W,20,NA,NA,NA,1,1,1,NA,1,NA,0,0,NA,NA,1,283,NA,3.00,NA,IFN2,10,88,21,19911028,1991,9
15130,28_118_IFN2,21,389947.993055556,2206.94854420762,21,NA,NA,389947.993055556,NA,NA,2206.94854420762,NA,NA,32045.8477915531,26043.0538546038,38.9947993055556,2206.94854420762,0,763.943726841098,891.267681314614,523.442923946678,28.2942121052258,0,0,0,0,14.5204326923077,11.8004807692308,14.9989998331085,13.85,118,28,118,0,911028,NA,NA,NA,NA,NA,6,911113,NA,459,3,459328,460,4548,90,69,4,4,0,0,15,15,5,5,1,1,70,85,21,0,0,1,3,NA,NA,NA,NA,NA,NA,NA,NA,NA,NA,NA,NA,21,2,1,36,NA,NA,NA,NA,NA,NA,NA,NA,21,37,43,NA,NA,NA,NA,2,4,W,17,NA,NA,NA,1,1,1,NA,0,NA,0,0,NA,NA,M914,226,NA,9.25,NA,IFN2,36,69,21,19911028,1991,9
15131,28_122_IFN2,21,10920.25,31.8309886183791,21,NA,NA,10920.25,NA,NA,31.8309886183791,NA,NA,665.267662124122,206.901426019464,1.092025,31.8309886183791,0,0,0,31.8309886183791,0,0,0,0,0,20.9,6.5,20.9,6.5,122,28,122,0,911028,NA,NA,NA,NA,NA,6,911113,NA,459,3,459328,460,4547,90,69,4,4,0,0,15,15,5,5,1,1,70,25,21,0,0,1,3,NA,NA,NA,NA,NA,NA,NA,NA,NA,NA,NA,NA,21,2,1,39,NA,NA,NA,NA,NA,NA,NA,NA,21,25,NA,NA,NA,NA,NA,2,1,W,11,NA,NA,NA,1,1,1,NA,0,NA,0,0,NA,NA,1,343,NA,9.25,NA,IFN2,39,69,21,19911028,1991,9
15137,28_129_IFN2,21,358041.173611111,1955.83741177374,21,NA,NA,358041.173611111,NA,NA,1955.83741177374,NA,NA,29007.4030891032,20263.9610321114,35.8041173611111,1955.83741177374,0,509.295817894065,954.929658551372,477.464829275686,14.1471060526129,0,0,0,0,14.8311934900543,10.3607594936709,15.2670515052401,11.0645161290323,129,28,129,0,911028,NA,NA,NA,NA,NA,6,911113,NA,459,3,459327,461,4545,90,69,4,4,0,0,15,15,5,5,1,1,40,95,21,0,0,3,3,NA,NA,NA,NA,NA,NA,NA,NA,NA,NA,NA,NA,21,2,1,22,NA,NA,NA,NA,NA,NA,NA,NA,21,78,57,NA,NA,NA,NA,2,4,W,20,NA,NA,NA,1,1,1,NA,1,NA,4,0,NA,NA,P914,198,NA,8.75,NA,IFN2,22,69,21,19911028,1991,9
15138,28_130_IFN2,21,159972125,1623.38041953733,21,NA,NA,159972125,NA,NA,1623.38041953733,NA,NA,17901.7479989764,8880.84582452776,15.9972125,1623.38041953733,0,1145.91559026165,477.464829275686,0,0,0,0,0,0,11.0274509803922,5.47058823529412,11.2012648095353,6625,130,28,130,0,911028,NA,NA,NA,NA,NA,6,911113,NA,459,3,459327,462,4545,90,69,4,4,0,0,16,16,5,5,1,1,40,55,21,0,0,2,2,NA,NA,NA,NA,NA,NA,NA,NA,NA,NA,NA,NA,21,1,1,20,NA,NA,NA,NA,NA,NA,NA,NA,21,57,NA,NA,NA,NA,NA,2,3,W,20,NA,NA,NA,1,1,1,NA,1,NA,0,0,NA,NA,1,173,NA,11.25,NA,IFN2,20,69,21,19911028,1991,9
15139,28_134_IFN2,21,197888875,2196.33821466816,21,NA,NA,197888875,NA,NA,2196.33821466816,NA,NA,23042.4526608446,11077.1840391959,19.7888875,2196.33821466816,0,1782.53536262923,413.802852038928,0,0,0,0,0,0,10.4913043478261,5.04347826086957,10.7106577018313,6125,134,28,134,0,911028,NA,27,4,2,2,6,911113,NA,459,3,459328,460,4544,90,118,4,4,0,0,16,16,3,3,1,1,90,70,21,0,0,1,1,NA,NA,NA,NA,NA,NA,NA,NA,NA,NA,NA,NA,21,1,1,30,NA,NA,NA,NA,NA,NA,NA,NA,21,78,NA,NA,NA,NA,NA,2,3,W,20,NA,NA,NA,1,1,1,NA,0,NA,0,0,NA,NA,P914,185,NA,4.00,NA,IFN2,30,118,21,19911028,1991,9
15140,28_135_IFN2,21,388375.4375,1955.83741177374,21,NA,NA,388375.4375,NA,NA,1955.83741177374,NA,NA,30517.9603378709,21018.0017847157,38.83754375,1955.83741177374,0,381.971863420549,923.098669932993,636.619772367581,14.1471060526129,0,0,0,0,15.6035262206148,10.7462929475588,15.9006384429465,11.4677419354839,135,28,135,0,911028,NA,NA,NA,NA,NA,6,911114,NA,459,3,459327,461,4544,90,118,4,4,0,0,16,16,5,5,1,1,90,95,21,0,0,3,3,NA,NA,NA,NA,NA,NA,NA,NA,NA,NA,NA,NA,21,2,1,41,NA,NA,NA,NA,NA,NA,NA,NA,21,78,95,NA,NA,NA,NA,2,3,W,20,NA,NA,NA,1,1,1,NA,0,NA,4,4,NA,NA,1,325,NA,7.50,NA,IFN2,41,118,21,19911028,1991,9
15141,28_136_IFN2,21,458586.458333333,2097.30847229987,21,NA,NA,458586.458333333,NA,NA,2097.30847229987,NA,NA,33571.4363405018,24478.0302475335,45.8586458333333,2097.30847229987,0,509.295817894065,827.605704077856,604.788783749202,127.323954473516,28.2942121052258,0,0,0,16.0069139966273,11.6711635750422,16.6853191016669,13125,136,28,136,0,911028,NA,NA,NA,NA,NA,6,911114,NA,459,3,459327,462,4544,90,118,4,4,0,0,15,15,5,5,1,1,90,95,21,0,0,3,3,NA,NA,NA,NA,NA,NA,NA,NA,NA,NA,NA,NA,21,2,1,38,NA,NA,NA,NA,NA,NA,NA,NA,21,78,15,95,43,NA,NA,2,3,W,20,NA,NA,NA,1,1,1,NA,0,NA,0,0,NA,NA,1,60,NA,7.25,NA,IFN2,38,118,21,19911028,1991,9
15144,28_137_IFN2,21,65596.1875,668.45076098596,21,NA,NA,65596.1875,NA,NA,668.45076098596,NA,NA,7243.14146011216,3214.92985045629,6.55961875,668.45076098596,0,381.971863420549,286.478897565412,0,0,0,0,0,0,10.8357142857143,4.80952380952381,11.1778852672417,6,137,28,137,0,911028,NA,NA,NA,NA,NA,6,911114,NA,459,3,459326,463,4544,90,69,4,4,0,0,15,15,5,5,1,1,40,40,21,0,0,2,2,NA,NA,NA,NA,NA,NA,NA,NA,NA,NA,NA,NA,21,1,1,20,NA,NA,NA,NA,NA,NA,NA,NA,21,78,57,NA,NA,NA,NA,2,3,W,14,NA,NA,NA,1,1,1,NA,1,NA,0,0,NA,NA,1,225,NA,15.00,NA,IFN2,20,69,21,19911028,1991,9
15155,28_140_IFN2,21,414193.361111111,2189.26466164185,21,NA,NA,414193.361111111,NA,NA,2189.26466164185,NA,NA,33166.829107397,21770.6278267147,41.4193361111111,2189.26466164185,0,509.295817894065,1114.08460164327,509.295817894065,56.5884242104517,0,0,0,0,15.1497576736672,9.94426494345719,15.5205637732155,11.2352941176471,140,28,140,0,911028,NA,59,5,2,2,6,911114,NA,459,3,459435,462,4543,90,118,4,4,0,0,15,15,4,4,1,1,90,99,21,0,0,3,3,NA,NA,NA,NA,NA,NA,NA,NA,NA,NA,NA,NA,21,2,1,42,NA,NA,NA,NA,NA,NA,NA,NA,21,78,15,43,NA,NA,NA,2,4,W,20,NA,NA,NA,1,1,1,NA,1,NA,1,0,NA,NA,1,108,NA,5.25,NA,IFN2,42,118,21,19911028,1991,9
15160,28_142_IFN2,21,242012.4375,3278.59182769304,21,NA,NA,242012.4375,NA,NA,3278.59182769304,NA,NA,31425.1435134947,16759.0155075766,24.20124375,3278.59182769304,0,3055.77490736439,222.816920328653,0,0,0,0,0,0,9.58495145631068,5.11165048543689,9.69460739903165,6,142,28,142,0,911028,NA,31,4,1,0,6,911114,NA,459,3,459433,459,4542,90,118,3,3,0,0,16,16,4,4,1,1,40,85,21,0,0,3,3,NA,NA,NA,NA,NA,NA,NA,NA,NA,NA,NA,NA,21,1,1,39,NA,NA,NA,NA,NA,NA,NA,NA,21,78,NA,NA,NA,NA,NA,2,3,W,20,NA,NA,NA,1,1,1,NA,0,NA,0,0,NA,NA,P908,124,NA,4.75,NA,IFN2,39,118,21,19911028,1991,9
15161,28_143_IFN2,21,152225.9375,1941.69030572112,21,NA,NA,152225.9375,NA,NA,1941.69030572112,NA,NA,19097.0016215965,11602.3953513992,15.22259375,1941.69030572112,0,1782.53536262923,159.154943091895,0,0,0,0,0,0,9.83524590163934,5.97540983606557,9.99101030353016,6.5,143,28,143,0,911028,NA,NA,NA,NA,NA,6,911114,NA,459,3,459434,460,4542,90,118,4,4,0,0,14,14,5,5,1,1,40,70,21,0,9,1,3,NA,NA,NA,NA,NA,NA,NA,NA,NA,NA,NA,NA,21,1,1,22,NA,NA,NA,NA,NA,NA,NA,NA,21,43,15,NA,NA,NA,NA,2,2,W,20,NA,NA,NA,1,1,2,NA,1,NA,4,0,NA,NA,1,12,NA,8.00,NA,IFN2,22,118,21,19911028,1991,9
15164,28_148_IFN2,21,83525.6666666667,226.353696841807,21,NA,NA,83525.6666666667,NA,NA,226.353696841807,NA,NA,4743.1709817898,2125.60268440509,8.35256666666667,226.353696841807,0,0,95.4929658551372,31.8309886183791,56.5884242104517,42.4413181578388,0,0,0,20.9546875,9.390625,21.675605527874,10.8918918918919,148,28,148,0,911028,NA,11,5,0,0,6,911114,NA,459,3,459433,459,4541,90,118,3,3,0,0,15,15,4,4,1,1,40,55,21,0,0,3,4,NA,NA,NA,NA,NA,NA,NA,NA,NA,NA,NA,NA,21,2,1,38,NA,NA,NA,NA,NA,NA,NA,NA,21,43,NA,NA,NA,NA,NA,2,1,W,2,NA,NA,NA,1,1,1,NA,0,2,4,0,NA,P112,P212,92,NA,6.25,NA,IFN2,38,118,21,19911028,1991,9
15165,28_149_IFN2,21,129754.3125,827.605704077856,21,NA,NA,129754.3125,NA,NA,827.605704077856,NA,NA,11623.0854940011,5936.4793773277,12.97543125,827.605704077856,0,127.323954473516,700.281749604339,0,0,0,0,0,0,14.0442307692308,7.17307692307692,14.1287656655056,7.5,149,28,149,0,911028,NA,23,5,2,2,6,911114,NA,459,3,459434,460,4541,90,118,4,4,0,0,15,15,5,5,1,1,40,75,21,0,0,1,3,NA,NA,NA,NA,NA,NA,NA,NA,NA,NA,NA,NA,21,2,1,21,NA,NA,NA,NA,NA,NA,NA,NA,21,73,57,NA,NA,NA,NA,2,2,W,20,NA,NA,NA,1,1,1,NA,1,NA,4,0,NA,NA,1,230,NA,10.25,NA,IFN2,21,118,21,19911028,1991,9
15166,28_15_IFN2,21,161749.0625,954.929658551372,21,NA,NA,161749.0625,NA,NA,954.929658551372,NA,NA,13940.3814654191,6509.43717245852,16.17490625,954.929658551372,0,0,891.267681314614,63.6619772367581,0,0,0,0,0,14.5983333333333,6.81666666666667,14.685551289164,7125,15,28,15,0,911024,NA,NA,NA,NA,NA,6,911111,NA,458,1,0458J13,455,4553,90,71,1,1,0,0,17,17,4,4,1,1,40,70,21,0,0,2,3,NA,NA,NA,NA,NA,NA,NA,NA,NA,NA,NA,NA,21,1,1,26,NA,NA,NA,NA,NA,NA,NA,NA,21,NA,NA,NA,NA,NA,NA,2,2,W,20,NA,NA,NA,1,1,1,NA,0,3,4,0,NA,NA,1,170,NA,6.25,NA,IFN2,26,71,21,19911024,1991,9
15176,28_153_IFN2,21,214815.840277778,1206.04079098525,21,25,NA,214815.840277778,7656.25,NA,1206.04079098525,127.323954473516,NA,18785.4116107877,8574.91465614,22.2472090277778,1333.36474545877,0,509.295817894065,572.957795130823,222.816920328653,28.2942121052258,0,0,0,0,14.0887267904509,6.43103448275862,14.575328205831,7.94285714285714,153,28,153,0,911028,NA,31,4,3,2,6,911114,NA,459,3,459433,458,4540,90,27,1,1,0,0,13,13,5,5,1,1,40,70,21,0,0,3,3,NA,NA,NA,NA,NA,NA,NA,NA,NA,NA,NA,NA,21,2,1,39,NA,NA,NA,NA,NA,NA,NA,NA,21,25,45,15,NA,NA,NA,2,2,W,20,NA,NA,NA,1,1,1,NA,0,NA,0,0,NA,NA,P204,369,NA,9.25,NA,IFN2,39,27,21,19911028,1991,9
15178,28_154_IFN2,21,164139.3125,1687.04239677409,21,43,NA,164139.3125,13456,NA,1687.04239677409,5.09295817894065,NA,18555.2381953117,8953.42047857766,17.75953125,1692.13535495303,127.323954473516,1145.91559026165,381.971863420549,31.8309886183791,0,0,0,0,5.09295817894065,10.9655756207675,5.29119638826185,11.5598782184061,7.36708860759494,154,28,154,0,911028,NA,24,5,1,2,6,911114,NA,459,3,459433,459,4540,90,118,3,3,0,0,15,15,5,5,1,1,40,70,21,0,0,3,3,NA,NA,NA,NA,NA,NA,NA,NA,NA,NA,NA,NA,21,2,1,28,NA,NA,NA,NA,NA,NA,NA,NA,21,43,25,NA,NA,NA,NA,1,2,W,20,NA,NA,NA,1,1,1,NA,0,NA,0,0,NA,NA,1,22,NA,7.50,NA,IFN2,28,118,21,19911028,1991,9
15189,28_155_IFN2,21,126576.5,1145.91559026165,21,NA,NA,126576.5,NA,NA,1145.91559026165,NA,NA,13330.8180333772,6016.05684887364,12.65765,1145.91559026165,0,763.943726841098,381.971863420549,0,0,0,0,0,0,11.6333333333333,5.25,11.8591970873055,5375,155,28,155,0,911028,NA,18,4,1,1,6,911114,NA,459,3,459434,460,4540,90,118,4,4,0,0,16,16,4,4,1,1,40,65,21,0,0,1,3,NA,NA,NA,NA,NA,NA,NA,NA,NA,NA,NA,NA,21,2,1,19,NA,NA,NA,NA,NA,NA,NA,NA,21,NA,NA,NA,NA,NA,NA,2,2,W,20,NA,NA,NA,1,1,1,NA,1,NA,4,0,NA,NA,1,292,NA,6.75,NA,IFN2,19,118,21,19911028,1991,9
15190,28_156_IFN2,21,50077.9375,381.971863420549,21,NA,NA,50077.9375,NA,NA,381.971863420549,NA,NA,4865.36661031924,2116.76074312221,5.00779375,381.971863420549,0,127.323954473516,222.816920328653,31.8309886183791,0,0,0,0,0,12.7375,5.54166666666667,12.9200022574817,6125,156,28,156,0,911028,NA,NA,NA,NA,NA,6,911114,NA,459,3,459434,461,4540,90,118,6,6,0,0,13,13,5,5,1,1,40,55,21,0,9,1,2,NA,NA,NA,NA,NA,NA,NA,NA,NA,NA,NA,NA,21,1,1,19,NA,NA,NA,NA,NA,NA,NA,NA,21,43,15,57,NA,NA,NA,2,2,W,20,NA,NA,NA,1,1,2,NA,1,NA,4,0,NA,NA,1,222,NA,9.50,NA,IFN2,19,118,21,19911028,1991,9
15194,28_16_IFN2,21,35033.25,509.295817894065,21,NA,NA,35033.25,NA,NA,509.295817894065,NA,NA,4742.81730413848,2037.18327157626,3.503325,509.295817894065,0,509.295817894065,0,0,0,0,0,0,0,9.3125,4,9.35858563031829,3.5,16,28,16,0,911024,NA,NA,NA,NA,NA,6,911111,NA,458,1,0458J13,456,4553,90,71,1,1,0,0,18,18,4,4,1,1,40,40,21,0,0,2,2,NA,NA,NA,NA,NA,NA,NA,NA,NA,NA,NA,NA,21,1,1,18,NA,NA,NA,NA,NA,NA,NA,NA,21,37,NA,NA,NA,NA,NA,2,2,W,20,NA,NA,NA,1,1,1,NA,1,NA,0,0,NA,NA,1,100,NA,6.50,NA,IFN2,18,71,21,19911024,1991,9
15195,28_165_IFN2,21,74665875,413.802852038928,21,NA,NA,74665875,NA,NA,413.802852038928,NA,NA,6226.14137375495,2244.08469759572,7.4665875,413.802852038928,0,0,350.14087480217,63.6619772367581,0,0,0,0,0,15.0461538461538,5.42307692307692,15.1572145807254,6125,165,28,165,0,911028,NA,NA,NA,NA,NA,6,911114,NA,483,1,0483K11,424,4531,90,120,1,1,0,0,16,16,4,4,1,1,40,60,21,0,0,1,1,NA,NA,NA,NA,NA,NA,NA,NA,NA,NA,NA,NA,21,1,2,19,NA,NA,NA,NA,NA,NA,NA,NA,21,NA,NA,NA,NA,NA,NA,2,3,W,20,NA,NA,NA,1,1,1,NA,1,NA,0,0,NA,NA,1,80,NA,5.00,NA,IFN2,19,120,21,19911028,1991,9
15203,28_168_IFN2,21,31891.25,413.802852038928,21,NA,NA,31891.25,NA,NA,413.802852038928,NA,NA,4026.62006022495,1941.69030572112,3.189125,413.802852038928,0,381.971863420549,31.8309886183791,0,0,0,0,0,0,9.73076923076923,4.69230769230769,9.90590344577026,5,168,28,168,0,911028,NA,NA,NA,NA,NA,6,911114,NA,483,1,0483L14,423,4530,90,120,1,1,0,0,16,16,5,5,1,1,40,40,21,0,0,1,1,NA,NA,NA,NA,NA,NA,NA,NA,NA,NA,NA,NA,21,1,2,15,NA,NA,NA,NA,NA,NA,NA,NA,21,NA,NA,NA,NA,NA,NA,2,2,W,20,NA,NA,NA,1,1,1,NA,1,NA,0,0,NA,NA,1,120,NA,10.50,NA,IFN2,15,120,21,19911028,1991,9
15209,28_172_IFN2,21,39815,509.295817894065,21,52,NA,39815,14252.4722222222,NA,509.295817894065,28.2942121052258,NA,5771.31191416344,2666.72949091754,5.40674722222222,537.590029999291,0,509.295817894065,0,0,28.2942121052258,0,0,0,0,10.7355263157895,4.96052631578947,11.3161185692659,6.09090909090909,172,28,172,0,911028,NA,NA,NA,NA,NA,6,911114,NA,483,1,0483L14,423,4529,90,120,1,1,0,0,15,15,4,4,1,1,40,70,21,0,9,1,2,NA,NA,NA,NA,NA,NA,NA,NA,NA,NA,NA,NA,21,1,1,26,NA,NA,NA,NA,NA,NA,NA,NA,21,52,57,NA,NA,NA,NA,2,1,W,20,NA,NA,NA,1,1,2,NA,1,NA,0,0,NA,NA,1,184,NA,5.75,NA,IFN2,26,120,21,19911028,1991,9
15231,28_18_IFN2,21,11556.25,127.323954473516,21,NA,NA,11556.25,NA,NA,127.323954473516,NA,NA,1368.7325105903,445.633840657307,1.155625,127.323954473516,0,127.323954473516,0,0,0,0,0,0,0,10.75,3.5,10.75,3.5,18,28,18,0,911024,NA,NA,NA,NA,NA,6,911111,NA,458,1,0458K08,447,4552,90,1,4,4,0,0,17,17,4,4,1,1,40,60,21,0,0,4,2,NA,NA,NA,NA,NA,NA,NA,NA,NA,NA,NA,NA,21,1,1,10,NA,NA,NA,NA,NA,NA,NA,NA,21,37,57,NA,NA,NA,NA,2,2,W,20,NA,NA,NA,1,1,1,NA,1,NA,0,0,NA,NA,1,249,NA,5.75,NA,IFN2,10,1,21,19911024,1991,9
15254,28_2_IFN2,21,23043.5,381.971863420549,21,NA,NA,23043.5,NA,NA,381.971863420549,NA,NA,3323.15521175877,1464.22547644544,2.30435,381.971863420549,0,381.971863420549,0,0,0,0,0,0,0,8.7,3.83333333333333,8.76422652985799,4,2,28,2,0,911024,NA,NA,NA,NA,NA,6,911107,NA,458,1,0458J12,453,4556,90,143,1,1,0,0,15,15,5,5,1,1,70,40,21,0,0,3,3,NA,NA,NA,NA,NA,NA,NA,NA,NA,NA,NA,NA,21,1,1,14,NA,NA,NA,NA,NA,NA,NA,NA,21,37,NA,NA,NA,NA,NA,2,4,W,20,NA,NA,NA,1,1,1,NA,1,NA,0,0,NA,NA,1,398,NA,11.00,NA,IFN2,14,143,21,19911024,1991,9
15263,28_21_IFN2,21,231520.604166667,848.826363156775,21,NA,NA,231520.604166667,NA,NA,848.826363156775,NA,NA,15065.0763966018,6875.49354156988,23.1520604166667,848.826363156775,0,127.323954473516,254.647908947033,254.647908947033,198.059484736581,14.1471060526129,0,0,0,17.748125,8.1,18.6354744036743,9,21,28,21,0,911024,NA,32,6,1,2,6,911111,NA,458,1,0458K12,452,4552,90,126,6,6,0,0,16,16,5,5,1,1,85,90,21,0,0,4,4,NA,NA,NA,NA,NA,NA,NA,NA,NA,NA,NA,NA,21,2,1,31,NA,NA,NA,NA,NA,NA,NA,NA,21,78,65,37,43,NA,NA,2,6,G,17,NA,NA,NA,1,1,1,NA,0,NA,0,0,NA,NA,1,154,NA,7.01,NA,IFN2,31,126,21,19911024,1991,9
15265,28_218_IFN2,21,235192.020833333,1011.51808276182,21,NA,NA,235192.020833333,NA,NA,1011.51808276182,NA,NA,17157.4333817833,7227.40280462862,23.5192020833333,1011.51808276182,0,0,668.45076098596,286.478897565412,42.4413181578388,14.1471060526129,0,0,0,16.9620629370629,7.14510489510489,17.2059844341918,7.42647058823529,217,28,218,0,911029,NA,NA,NA,NA,NA,6,911115,NA,483,1,0483M15,428,4522,90,120,6,6,0,0,16,16,3,3,1,1,40,70,21,0,0,3,3,NA,NA,NA,NA,NA,NA,NA,NA,NA,NA,NA,NA,21,1,1,30,NA,NA,NA,NA,NA,NA,NA,NA,21,NA,NA,NA,NA,NA,NA,2,1,W,20,NA,NA,NA,1,1,1,NA,0,NA,0,0,NA,NA,1,389,NA,3.75,NA,IFN2,30,120,21,19911029,1991,9
15266,28_22_IFN2,21,12168.5,254.647908947033,21,NA,NA,12168.5,NA,NA,254.647908947033,NA,NA,1986.25368978685,891.267681314614,1.21685,254.647908947033,0,254.647908947033,0,0,0,0,0,0,0,7.8,3.5,7.800160254764,3.5,22,28,22,0,911024,NA,NA,NA,NA,NA,6,911111,NA,458,1,0458K12,453,4552,90,126,1,1,0,0,17,17,5,5,1,1,40,40,21,0,0,2,2,NA,NA,NA,NA,NA,NA,NA,NA,NA,NA,NA,NA,21,1,1,16,NA,NA,NA,NA,NA,NA,NA,NA,21,NA,NA,NA,NA,NA,NA,2,4,W,20,NA,NA,NA,1,1,1,NA,1,NA,0,0,NA,NA,1,185,NA,7.25,NA,IFN2,16,126,21,19911024,1991,9
15267,28_224_IFN2,21,290431.75,1142.37881374849,21,NA,NA,290431.75,NA,NA,1142.37881374849,NA,NA,20328.3303646508,10205.3686287036,29.043175,1142.37881374849,0,0,604.788783749202,509.295817894065,28.2942121052258,0,0,0,0,17.7947368421053,8.93343653250774,17.9916931296592,9.41428571428571,223,28,224,0,911029,NA,NA,NA,NA,NA,6,911115,NA,483,1,0483M14,427,4521,90,120,2,2,0,0,16,16,3,3,1,1,90,90,21,0,0,3,3,NA,NA,NA,NA,NA,NA,NA,NA,NA,NA,NA,NA,21,1,2,21,NA,NA,NA,NA,NA,NA,NA,NA,21,NA,NA,NA,NA,NA,NA,1,2,W,20,NA,NA,NA,1,1,1,NA,2,2,1,0,NA,NA,1,276,NA,3.75,NA,IFN2,21,120,21,19911029,1991,9
15276,28_24_IFN2,21,180820.1875,1400.56349920868,21,NA,NA,180820.1875,NA,NA,1400.56349920868,NA,NA,17680.5226280787,10249.5783351181,18.08201875,1400.56349920868,0,668.45076098596,732.112738222719,0,0,0,0,0,0,12.6238636363636,7.31818181818182,12.8211539510437,7.5,24,28,24,0,911024,NA,NA,NA,NA,NA,6,911111,NA,458,1,0458K12,455,4552,90,71,4,4,0,0,14,14,5,5,1,1,40,60,21,0,0,2,3,NA,NA,NA,NA,NA,NA,NA,NA,NA,NA,NA,NA,21,1,1,20,NA,NA,NA,NA,NA,NA,NA,NA,21,15,37,NA,NA,NA,NA,2,4,W,20,NA,NA,NA,1,1,1,NA,1,NA,0,0,NA,NA,1,113,NA,10.25,NA,IFN2,20,71,21,19911024,1991,9
15288,28_26_IFN2,21,235573.402777778,1351.04862802453,21,NA,NA,235573.402777778,NA,NA,1351.04862802453,NA,NA,19694.5400134938,9662.47343393462,23.5573402777778,1351.04862802453,0,509.295817894065,445.633840657307,381.971863420549,14.1471060526129,0,0,0,0,14.5772251308901,7.15183246073298,14.8998774547826,7.56451612903226,26,28,26,0,911024,NA,NA,NA,NA,NA,6,911111,NA,458,1,0458K08,446,4551,90,1,1,1,0,0,16,16,3,3,1,1,80,80,21,0,0,4,3,NA,NA,NA,NA,NA,NA,NA,NA,NA,NA,NA,NA,21,2,1,35,NA,NA,NA,NA,NA,NA,NA,NA,21,NA,NA,NA,NA,NA,NA,2,4,W,16,NA,NA,NA,1,1,1,NA,0,NA,0,0,NA,NA,1,34,NA,2.75,NA,IFN2,35,1,21,19911024,1991,9
15291,28_27_IFN2,21,133178.9375,954.929658551372,21,NA,NA,133178.9375,NA,NA,954.929658551372,NA,NA,12574.8320536907,5618.16949114391,13.31789375,954.929658551372,0,381.971863420549,572.957795130823,0,0,0,0,0,0,13.1683333333333,5.88333333333333,13.3256113055524,6,27,28,27,0,911024,NA,NA,NA,NA,NA,6,911111,NA,458,1,0458K12,452,4551,90,70,5,5,0,0,16,16,5,5,1,1,40,60,21,0,0,3,3,NA,NA,NA,NA,NA,NA,NA,NA,NA,NA,NA,NA,21,1,1,23,NA,NA,NA,NA,NA,NA,NA,NA,21,NA,NA,NA,NA,NA,NA,2,4,W,20,NA,NA,NA,1,1,1,NA,0,NA,0,0,NA,NA,1,85,NA,7.75,NA,IFN2,23,70,21,19911024,1991,9
15292,28_31_IFN2,21,336975125,1513.74034762958,21,NA,NA,336975125,NA,NA,1513.74034762958,NA,NA,24353.8893919218,13441.5191382388,33.6975125,1513.74034762958,0,381.971863420549,572.957795130823,318.309886183791,240.50080289442,0,0,0,0,16.0885514018692,8.87967289719626,16.8355879323544,10,31,28,31,0,911024,NA,NA,NA,NA,NA,6,911111,NA,458,1,0458K08,445,4550,90,1,1,1,0,0,15,15,4,4,1,1,80,90,21,0,0,4,4,NA,NA,NA,NA,NA,NA,NA,NA,NA,NA,NA,NA,21,2,1,35,NA,NA,NA,NA,NA,NA,NA,NA,21,NA,NA,NA,NA,NA,NA,2,3,W,20,NA,NA,NA,1,1,1,NA,0,NA,4,4,NA,NA,1,128,NA,6.75,NA,IFN2,35,1,21,19911024,1991,9
15297,28_363_IFN2,21,413277.319444444,2539.40553644402,21,NA,NA,413277.319444444,NA,NA,2539.40553644402,NA,NA,35625.9498169925,20760.8781322095,41.3277319444444,2539.40553644402,0,1145.91559026165,1018.59163578813,318.309886183791,42.4413181578388,14.1471060526129,0,0,0,14.0292479108635,8.17548746518106,14.3949385158344,9.05882352941176,343,28,363,0,911030,NA,NA,NA,NA,NA,6,911120,NA,484,3,484363,443,4528,90,62,4,4,0,0,16,16,4,4,1,9,70,90,21,0,0,4,3,NA,NA,NA,NA,NA,NA,NA,NA,NA,NA,NA,NA,21,1,2,35,NA,NA,NA,NA,NA,NA,NA,NA,21,NA,NA,NA,NA,NA,NA,2,4,W,20,NA,NA,NA,1,1,1,NA,0,NA,0,0,NA,NA,1,315,NA,5.75,NA,IFN2,35,62,21,19911030,1991,9
15298,28_4_IFN2,21,379623,2450.98612361519,21,NA,NA,379623,NA,NA,2450.98612361519,NA,NA,33584.8760912518,19512.3960230664,37.9623,2450.98612361519,0,1018.59163578813,1145.91559026165,286.478897565412,0,0,0,0,0,13.7025974025974,7.96103896103896,14.0430321956034,8.75,4,28,4,0,911024,NA,NA,NA,NA,NA,6,911111,NA,458,1,0458J10,449,4555,90,126,1,1,0,0,15,15,3,3,1,1,80,90,21,0,0,4,3,NA,NA,NA,NA,NA,NA,NA,NA,NA,NA,NA,NA,21,2,1,33,NA,NA,NA,NA,NA,NA,NA,NA,21,NA,NA,NA,NA,NA,NA,2,3,W,20,NA,NA,NA,1,1,1,NA,0,NA,0,0,NA,NA,1,263,NA,2.75,NA,IFN2,33,126,21,19911024,1991,9
15299,28_402_IFN2,21,16556.0625,190.985931710274,21,NA,NA,16556.0625,NA,NA,190.985931710274,NA,NA,1956.01425059939,811.690209768666,1.65560625,190.985931710274,0,127.323954473516,63.6619772367581,0,0,0,0,0,0,10.2416666666667,4.25,10.5058912044624,4.25,377,28,402,0,911104,NA,NA,NA,NA,NA,6,911120,NA,484,3,484475,430,4524,90,120,1,1,0,0,16,16,2,2,1,1,40,40,21,0,0,4,2,NA,NA,NA,NA,NA,NA,NA,NA,NA,NA,NA,NA,21,1,2,18,NA,NA,NA,NA,NA,NA,NA,NA,21,NA,NA,NA,NA,NA,NA,2,4,W,20,NA,NA,NA,1,1,1,NA,0,NA,0,0,NA,NA,1,310,NA,1.50,NA,IFN2,18,120,21,19911104,1991,9
15300,28_403_IFN2,21,118447.826388889,710.892079143799,21,NA,NA,118447.826388889,NA,NA,710.892079143799,NA,NA,9824.6346370627,4129.1865791064,11.8447826388889,710.892079143799,0,254.647908947033,318.309886183791,95.4929658551372,42.4413181578388,0,0,0,0,13.8201492537313,5.80845771144279,14.5652106300087,7.26666666666667,378,28,403,0,911104,NA,18,5,2,1,6,911120,NA,484,3,484475,431,4524,90,3,1,1,0,0,17,17,5,5,1,1,40,70,21,0,9,4,3,NA,21,NA,1,NA,2,NA,NA,NA,NA,NA,NA,21,1,2,37,21,3,1,NA,NA,NA,NA,NA,21,37,NA,NA,NA,NA,NA,2,2,W,20,NA,NA,NA,1,1,1,NA,0,NA,0,0,NA,NA,1,380,NA,8.75,NA,IFN2,37,3,21,19911104,1991,9
15301,28_411_IFN2,21,25835.0625,413.802852038928,21,NA,NA,25835.0625,NA,NA,413.802852038928,NA,NA,3646.23974623532,1734.78887970166,2.58350625,413.802852038928,0,381.971863420549,31.8309886183791,0,0,0,0,0,0,8.81153846153846,4.19230769230769,8.91585666102815,4.1,385,28,411,0,911104,NA,4,4,1,1,6,911120,NA,484,3,484475,430,4523,90,120,1,1,0,0,16,17,5,5,1,1,40,60,21,0,0,4,2,NA,NA,NA,NA,NA,NA,NA,NA,NA,NA,NA,NA,21,1,2,15,NA,NA,NA,NA,NA,NA,NA,NA,21,NA,NA,NA,NA,NA,NA,2,3,W,20,NA,NA,NA,1,1,1,NA,1,NA,0,0,NA,NA,1,5,NA,7.50,NA,IFN2,15,120,21,19911104,1991,9
15302,28_412_IFN2,21,70961.1875,732.112738222719,21,NA,NA,70961.1875,NA,NA,732.112738222719,NA,NA,8042.09927443347,4233.52148624442,7.09611875,732.112738222719,0,636.619772367581,95.4929658551372,0,0,0,0,0,0,10.9847826086957,5.78260869565217,11.1090396015842,6.14285714285714,1113,28,412,0,911122,NA,NA,NA,NA,NA,2,911122,NA,484,3,484475,431,4523,90,120,1,1,0,0,16,17,2,2,1,1,40,40,21,0,0,4,3,NA,NA,NA,NA,NA,NA,NA,NA,NA,NA,NA,NA,21,1,2,16,NA,NA,NA,NA,NA,NA,NA,NA,21,NA,NA,NA,NA,NA,NA,2,3,W,20,NA,NA,NA,1,1,1,NA,1,NA,0,0,NA,NA,1,210,NA,1.75,NA,IFN2,16,120,21,19911122,1991,9
15303,28_421_IFN2,21,57045,413.802852038928,21,22,NA,57045,8418.0625,NA,413.802852038928,31.8309886183791,NA,6020.8314971664,2387.32414637843,6.54630625,445.633840657307,0,254.647908947033,159.154943091895,31.8309886183791,0,0,0,0,0,13.5107142857143,5.35714285714286,13.6761588696743,6.75,1114,28,421,0,911122,NA,NA,NA,NA,NA,2,911122,NA,484,3,484474,429,4522,90,120,1,1,0,0,16,16,1,1,1,1,40,40,21,0,0,3,3,NA,NA,NA,NA,NA,NA,NA,NA,NA,NA,NA,NA,21,1,2,22,NA,NA,NA,NA,NA,NA,NA,NA,21,22,NA,NA,NA,NA,NA,3,1,W,20,NA,NA,NA,1,1,2,NA,1,NA,0,0,NA,NA,1,190,NA,0.50,NA,IFN2,22,120,21,19911122,1991,9
15305,28_432_IFN2,21,198940.465277778,1160.06269631426,21,NA,NA,198940.465277778,NA,NA,1160.06269631426,NA,NA,16782.1813937377,8339.71901801532,19.8940465277778,1160.06269631426,0,254.647908947033,700.281749604339,190.985931710274,14.1471060526129,0,0,0,0,14.4666158536585,7.1890243902439,14.7766468171415,8.85483870967742,403,28,432,0,911104,NA,NA,NA,NA,NA,6,911121,NA,484,3,484474,429,4521,90,120,1,1,0,0,17,17,4,4,1,1,40,70,21,0,0,3,3,NA,NA,NA,NA,NA,NA,NA,NA,NA,NA,NA,NA,21,1,2,28,NA,NA,NA,NA,NA,NA,NA,NA,21,NA,NA,NA,NA,NA,NA,2,2,W,20,NA,NA,NA,1,1,1,NA,0,NA,0,0,NA,NA,1,315,NA,5.75,NA,IFN2,28,120,21,19911104,1991,9
15327,28_48_IFN2,21,114821.243055556,435.023511117847,21,NA,NA,114821.243055556,NA,NA,435.023511117847,NA,NA,7840.14933553242,2458.05967664149,11.4821243055556,435.023511117847,0,0,190.985931710274,159.154943091895,84.8826363156775,0,0,0,0,18.0223577235772,5.65040650406504,18.3319986579955,5.92424242424242,48,28,48,0,911024,NA,NA,NA,NA,NA,6,911112,NA,458,1,0458L06,440,4547,90,64,6,6,0,0,18,18,4,4,1,1,80,40,21,0,0,4,3,NA,NA,NA,NA,NA,NA,NA,NA,NA,NA,NA,NA,21,2,1,33,NA,NA,NA,NA,NA,NA,NA,NA,21,NA,NA,NA,NA,NA,NA,2,1,W,20,NA,NA,NA,1,1,1,NA,0,NA,0,0,NA,NA,1,126,NA,5.75,NA,IFN2,33,64,21,19911024,1991,9
15328,28_512_IFN2,21,212147.722222222,788.70116243317,21,NA,NA,212147.722222222,NA,NA,788.70116243317,NA,NA,14434.6459831323,6463.45907778753,21.2147722222222,788.70116243317,0,0,381.971863420549,350.14087480217,56.5884242104517,0,0,0,0,18.3017937219731,8.19506726457399,18.5062321341404,8.48529411764706,482,28,512,0,911106,NA,NA,NA,NA,NA,6,911125,NA,508,2,0508K13,424,4515,90,82,1,1,J,J,14,14,5,5,1,1,40,70,21,0,0,2,4,NA,NA,NA,NA,NA,NA,NA,NA,NA,NA,NA,NA,21,1,2,16,NA,NA,NA,NA,NA,NA,NA,NA,21,37,NA,NA,NA,NA,NA,3,3,W,20,NA,NA,NA,1,1,1,NA,9,2,4,0,NA,NA,P204,177,NA,8.50,NA,IFN2,16,82,21,19911106,1991,9
15331,28_564_IFN2,21,7849.96,5.09295817894065,21,NA,NA,7849.96,NA,NA,5.09295817894065,NA,NA,225.618047327071,38.1971863420549,0.784996,5.09295817894065,0,0,0,0,0,0,0,0,5.09295817894065,44.3,7.5,44.3,7.5,2125,28,564,NA,930204,0,1,1,2,1,S,930204,0,508,3,0508L0K,406,4510,90,87,3,3,0,0,15,15,5,5,1,1,40,40,26,0,7,1,2,NA,21,NA,3,NA,2,NA,NA,NA,NA,NA,NA,26,3,1,NA,21,3,1,NA,NA,NA,NA,NA,26,21,NA,NA,NA,NA,NA,2,1,W,10,NA,NA,NA,1,1,2,NA,0,NA,0,0,NA,NA,1,132,NA,7.50,NA,IFN2,16,87,21,19930204,1993,7
15332,28_59_IFN2,21,300512.583333333,650.766878420194,21,NA,NA,300512.583333333,NA,NA,650.766878420194,NA,NA,15396.64919471,6039.04589620914,30.0512583333333,650.766878420194,0,0,95.4929658551372,159.154943091895,212.206590789194,141.471060526129,42.4413181578388,0,0,23.6592391304348,9.27989130434783,24.2478741784494,11.6875,59,28,59,0,911024,NA,NA,NA,NA,NA,6,911112,NA,458,1,0458L07,442,4546,90,24,1,1,0,0,15,15,4,4,1,1,80,80,21,0,0,4,4,NA,NA,NA,NA,NA,NA,NA,NA,NA,NA,NA,NA,21,2,1,39,NA,NA,NA,NA,NA,NA,NA,NA,21,65,NA,NA,NA,NA,NA,2,4,W,20,NA,NA,NA,1,1,1,NA,0,NA,0,0,NA,NA,1,224,NA,6.00,NA,IFN2,39,24,21,19911024,1991,9
15333,28_60_IFN2,21,386171.965277778,2479.28033572041,21,NA,NA,386171.965277778,NA,NA,2479.28033572041,NA,NA,34278.9684819581,23867.9362990146,38.6171965277778,2479.28033572041,0,795.774715459477,1432.39448782706,222.816920328653,28.2942121052258,0,0,0,0,13.8261768901569,9.62696148359487,14.0825925012024,10.6285714285714,60,28,60,0,911024,NA,NA,NA,NA,NA,6,911112,NA,458,1,0458L08,443,4546,90,24,1,1,0,0,15,15,5,5,1,1,80,95,21,0,0,4,3,NA,NA,NA,NA,NA,NA,NA,NA,NA,NA,NA,NA,21,3,1,NA,NA,NA,NA,NA,NA,NA,NA,NA,21,37,NA,NA,NA,NA,NA,2,3,W,20,NA,NA,NA,1,1,1,NA,0,NA,0,0,NA,NA,P902,72,NA,7.75,NA,IFN2,31,24,21,19911024,1991,9
15334,28_61_IFN2,21,320652.32,368.956525852145,21,NA,NA,320652.32,NA,NA,368.956525852145,NA,NA,12131.4263822366,5996.95825570262,32.065232,368.956525852145,0,0,0,0,56.5884242104517,113.176848420903,141.471060526129,42.4413181578388,15.278874536822,32.8803680981595,16.2538343558282,33.2647799154314,17.5,61,28,61,0,911024,NA,NA,NA,NA,NA,6,911112,NA,458,1,0458L08,444,4546,90,24,1,1,0,0,14,14,5,5,1,1,70,70,21,0,0,4,4,NA,NA,NA,NA,NA,NA,NA,NA,NA,NA,NA,NA,21,2,1,73,NA,NA,NA,NA,NA,NA,NA,NA,21,37,95,NA,NA,NA,NA,1,2,W,20,NA,NA,NA,1,1,2,NA,0,NA,0,0,NA,NA,P902,45,NA,9.50,NA,IFN2,73,24,21,19911024,1991,9
15346,28_654_IFN2,21,489223.131944444,2790.5166688779,21,NA,NA,489223.131944444,NA,NA,2790.5166688779,NA,NA,40082.1113847399,25806.0898282225,48.9223131944444,2790.5166688779,0,891.267681314614,1273.23954473516,541.126806512444,84.8826363156775,0,0,0,0,14.3636882129278,9.24778200253485,14.9405381420701,10.2878787878788,1181,28,654,0,911104,NA,NA,NA,NA,NA,2,911114,NA,509,4,509105,431,4520,90,85,2,2,0,0,15,15,4,4,1,1,70,85,21,0,0,4,3,NA,NA,NA,NA,NA,NA,NA,NA,NA,NA,NA,NA,21,1,1,29,NA,NA,NA,NA,NA,NA,NA,NA,21,43,NA,NA,NA,NA,NA,2,5,G,17,NA,NA,NA,1,1,1,NA,0,NA,4,0,NA,NA,P112,300,NA,6.50,NA,IFN2,29,85,21,19911104,1991,9
15347,28_664_IFN2,21,210170.25,268.795014999645,21,43,NA,210170.25,9312.25,NA,268.795014999645,14.1471060526129,NA,8807.9882283568,2956.7451649961,21.94825,282.942121052258,0,0,0,14.1471060526129,42.4413181578388,99.0297423682904,113.176848420903,14.1471060526129,0,31.13,10.45,31.4272373905184,10.6875,1191,28,664,0,911122,NA,NA,NA,NA,NA,2,911126,NA,509,3,509103,435,4519,90,85,6,6,0,0,12,12,4,4,1,1,40,50,21,0,8,4,4,NA,43,NA,2,NA,4,NA,NA,NA,NA,NA,NA,21,1,1,45,43,3,6,NA,NA,NA,NA,NA,21,43,37,NA,NA,NA,NA,2,2,W,17,NA,NA,NA,1,1,2,NA,0,NA,0,0,NA,NA,P414,390,NA,6.75,NA,IFN2,45,85,21,19911122,1991,9
15351,28_668_IFN2,21,445417.736111111,2359.0299342732,21,NA,NA,445417.736111111,NA,NA,2359.0299342732,NA,NA,35016.2095461249,15451.8229083151,44.5417736111111,2359.0299342732,0,891.267681314614,827.605704077856,541.126806512444,99.0297423682904,0,0,0,0,14.8434782608696,6.55007496251874,15.5050112806342,8.59459459459459,1195,28,668,0,911105,NA,NA,NA,NA,NA,2,911114,NA,509,3,509105,430,4518,90,144,1,1,J,J,18,18,5,5,1,1,70,90,21,0,0,4,4,NA,NA,NA,NA,NA,NA,NA,NA,NA,NA,NA,NA,21,1,1,43,NA,NA,NA,NA,NA,NA,NA,NA,21,NA,NA,NA,NA,NA,NA,2,5,G,16,NA,NA,NA,1,1,1,NA,0,NA,0,0,NA,NA,1,245,NA,11.75,NA,IFN2,43,144,21,19911105,1991,9
15352,28_669_IFN2,21,32398.5902777778,109.64007190775,21,NA,NA,32398.5902777778,NA,NA,109.64007190775,NA,NA,2095.36324521763,557.042300821634,3.23985902777778,109.64007190775,0,0,63.6619772367581,31.8309886183791,14.1471060526129,0,0,0,0,19.1112903225806,5.08064516129032,19.3969506249923,5.08064516129032,1196,28,669,0,911105,NA,NA,NA,NA,NA,2,911114,NA,509,3,509105,431,4518,90,85,1,1,0,0,17,17,5,5,1,1,70,10,21,0,9,4,4,NA,37,NA,1,NA,1,NA,NA,NA,NA,NA,NA,21,1,1,51,37,3,6,NA,NA,NA,NA,NA,21,37,NA,NA,NA,NA,NA,1,1,W,18,NA,NA,NA,1,1,1,NA,0,NA,0,0,NA,NA,1,280,NA,9.50,NA,IFN2,51,85,21,19911105,1991,9
15353,28_670_IFN2,21,62123.9444444444,70.7355302630646,21,NA,NA,62123.9444444444,NA,NA,70.7355302630646,NA,NA,2362.56671078636,749.796620788485,6.21239444444444,70.7355302630646,0,0,0,0,0,28.2942121052258,42.4413181578388,0,0,33.4,10.6,33.4399611243793,10.6,1197,28,670,0,911105,NA,NA,NA,NA,NA,2,911114,NA,509,3,509104,432,4518,90,85,1,1,0,0,13,15,4,4,1,1,70,35,21,0,0,4,4,NA,NA,NA,NA,NA,NA,NA,NA,NA,NA,NA,NA,21,1,1,57,NA,NA,NA,NA,NA,NA,NA,NA,21,43,37,NA,NA,NA,NA,2,2,W,12,NA,NA,NA,1,1,1,NA,0,NA,0,0,NA,NA,P414,165,NA,6.50,NA,IFN2,57,85,21,19911105,1991,9
15354,28_680_IFN2,21,163267.493333333,179.951188989236,21,37,NA,163267.493333333,6765.0625,NA,179.951188989236,31.8309886183791,NA,6547.62728524755,2130.69564258403,17.0032555833333,211.782177607615,0,0,31.8309886183791,0,28.2942121052258,56.5884242104517,56.5884242104517,28.2942121052258,10.1859163578813,30.9168002672011,10.060788243153,31.9724852745178,11.7694300518135,1207,28,680,0,911105,NA,NA,NA,NA,NA,1,911218,NA,509,3,509105,430,4517,90,144,1,1,J,J,14,14,5,5,1,1,70,60,21,0,9,4,4,NA,NA,NA,NA,NA,NA,NA,NA,NA,NA,NA,NA,21,1,1,49,NA,NA,NA,NA,NA,NA,NA,NA,21,37,76,NA,NA,NA,NA,1,3,W,18,NA,NA,NA,4,1,1,NA,0,NA,0,0,NA,NA,1,230,NA,12.00,NA,IFN2,49,144,21,19911105,1991,9
15356,28_681_IFN2,21,533113.402777778,1510.20357111643,21,NA,NA,533113.402777778,NA,NA,1510.20357111643,NA,NA,30868.6317291501,18398.3114214231,53.3113402777778,1510.20357111643,0,127.323954473516,222.816920328653,636.619772367581,339.53054526271,183.912378683968,0,0,0,20.4400468384075,12.1826697892272,21.2005492947265,14.1875,1208,28,681,0,911105,NA,NA,NA,NA,NA,2,911118,NA,509,4,509105,431,4517,90,85,1,1,J,J,15,15,5,5,1,1,70,95,21,0,0,4,4,NA,NA,NA,NA,NA,NA,NA,NA,NA,NA,NA,NA,21,1,1,44,NA,NA,NA,NA,NA,NA,NA,NA,21,76,37,NA,NA,NA,NA,1,6,G,19,NA,NA,NA,1,1,1,NA,0,NA,0,0,NA,NA,1,150,NA,7.75,NA,IFN2,44,85,21,19911105,1991,9
15357,28_689_IFN2,21,479475.840277778,1588.0126544058,21,36,NA,479475.840277778,71372,NA,1588.0126544058,763.943726841098,NA,37484.7027134802,27652.2871680885,55.0847840277778,2351.9563812469,0,1018.59163578813,477.464829275686,459.78094670992,254.647908947033,127.323954473516,14.1471060526129,0,0,15.9376691729323,11.7571428571429,17.2685651432093,13.0625,1216,28,689,0,911105,NA,NA,NA,NA,NA,2,911118,NA,509,3,509236,429,4516,90,82,1,1,J,J,13,13,5,5,1,1,70,90,21,0,9,4,4,NA,NA,NA,NA,NA,NA,NA,NA,NA,NA,NA,NA,21,1,1,30,NA,NA,NA,NA,NA,NA,NA,NA,21,36,45,NA,NA,NA,NA,1,4,W,20,NA,NA,NA,1,1,1,NA,0,4,1,0,NA,NA,P414,35,NA,8.00,NA,IFN2,30,82,21,19911105,1991,9
15361,28_69_IFN2,21,582169.916666667,3126.51043762745,21,NA,NA,582169.916666667,NA,NA,3126.51043762745,NA,NA,46760.4296357015,31662.638056353,58.2169916666667,3126.51043762745,0,1018.59163578813,1241.40855611678,795.774715459477,70.7355302630646,0,0,0,0,14.9561085972851,10.127149321267,15.397492376787,11.051724137931,69,28,69,0,911024,NA,NA,NA,NA,NA,6,911112,NA,458,1,0458L08,443,4545,90,24,4,4,0,0,13,13,5,5,1,1,80,95,21,0,0,4,3,NA,NA,NA,NA,NA,NA,NA,NA,NA,NA,NA,NA,21,2,1,27,NA,NA,NA,NA,NA,NA,NA,NA,21,15,NA,NA,NA,NA,NA,2,4,W,16,NA,NA,NA,1,1,1,NA,0,NA,0,0,NA,NA,1,244,NA,7.75,NA,IFN2,27,24,21,19911024,1991,9
15362,28_7_IFN2,21,165604.763888889,488.075158815146,21,NA,NA,165604.763888889,NA,NA,488.075158815146,NA,NA,9945.06187733557,4481.09584216514,16.5604763888889,488.075158815146,0,0,95.4929658551372,222.816920328653,155.618166578742,14.1471060526129,0,0,0,20.3760869565217,9.18115942028986,20.7849086487343,10.25,7,28,7,0,911024,NA,NA,NA,NA,NA,6,911111,NA,458,1,0458J10,448,4554,90,126,1,1,0,0,16,16,5,5,1,1,80,80,21,0,0,4,3,NA,NA,NA,NA,NA,NA,NA,NA,NA,NA,NA,NA,21,2,1,36,NA,NA,NA,NA,NA,NA,NA,NA,21,37,NA,NA,NA,NA,NA,2,6,G,20,NA,NA,NA,1,1,1,NA,0,NA,0,0,NA,NA,P908,206,NA,8.00,NA,IFN2,36,126,21,19911024,1991,9
15364,28_73_IFN2,21,118268.847222222,389.045416446855,21,NA,NA,118268.847222222,NA,NA,389.045416446855,NA,NA,7513.88170219404,2362.56671078636,11.8268847222222,389.045416446855,0,0,127.323954473516,205.133037762887,42.4413181578388,14.1471060526129,0,0,0,19.3136363636364,6.07272727272727,19.6738832419576,6.58620689655172,73,28,73,0,911024,NA,NA,NA,NA,NA,6,911112,NA,458,1,0458L06,438,4544,90,182,1,1,0,0,18,18,4,4,1,1,80,55,21,0,0,4,4,NA,NA,NA,NA,NA,NA,NA,NA,NA,NA,NA,NA,21,2,1,37,NA,NA,NA,NA,NA,NA,NA,NA,21,37,NA,NA,NA,NA,NA,2,2,W,20,NA,NA,NA,1,1,1,NA,0,NA,0,0,NA,NA,1,296,NA,6.75,NA,IFN2,37,182,21,19911024,1991,9
15365,28_74_IFN2,21,543580.923611111,1623.38041953733,21,NA,NA,543580.923611111,NA,NA,1623.38041953733,NA,NA,32697.3220252759,17224.1016190562,54.3580923611111,1623.38041953733,0,127.323954473516,381.971863420549,604.788783749202,452.707393683613,56.5884242104517,0,0,0,20.1415032679739,10.6100217864924,20.6479533925964,11.5,74,28,74,0,911024,NA,NA,NA,NA,NA,6,911112,NA,458,1,0458L06,439,4544,90,182,1,1,0,0,15,15,4,4,1,1,80,95,21,0,0,4,4,NA,NA,NA,NA,NA,NA,NA,NA,NA,NA,NA,NA,21,2,1,41,NA,NA,NA,NA,NA,NA,NA,NA,21,37,NA,NA,NA,NA,NA,2,6,G,13,NA,NA,NA,1,1,1,NA,0,NA,0,0,NA,NA,1,115,NA,6.50,NA,IFN2,41,182,21,19911024,1991,9
15366,28_75_IFN2,21,404741.388888889,1863.88122243175,21,NA,NA,404741.388888889,NA,NA,1863.88122243175,NA,NA,29544.8162802768,15985.8761618013,40.4741388888889,1863.88122243175,0,509.295817894065,636.619772367581,477.464829275686,212.206590789194,28.2942121052258,0,0,0,15.8512333965844,8.57666034155598,16.6277984476124,12.4375,75,28,75,0,911024,NA,56,4,4,2,6,911112,NA,458,1,0458L06,440,4544,90,182,1,1,0,0,14,14,5,5,1,1,80,90,21,0,9,4,4,NA,NA,NA,NA,NA,NA,NA,NA,NA,NA,NA,NA,21,2,1,34,NA,NA,NA,NA,NA,NA,NA,NA,21,26,37,15,95,65,NA,2,2,W,20,NA,NA,NA,1,1,2,NA,0,NA,0,0,NA,NA,1,225,NA,7.75,NA,IFN2,34,182,21,19911024,1991,9
15367,28_77_IFN2,21,354090.083333333,1336.90152197192,21,NA,NA,354090.083333333,NA,NA,1336.90152197192,NA,NA,24099.9488382774,13920.7523557711,35.4090083333333,1336.90152197192,0,127.323954473516,445.633840657307,636.619772367581,127.323954473516,0,0,0,0,18.0267195767196,10.4126984126984,18.3637863958839,10.9375,77,28,77,0,911024,NA,44,4,0,2,6,911112,NA,458,1,0458L07,442,4544,90,64,1,1,0,0,13,13,4,4,1,1,80,95,21,0,0,4,4,NA,NA,NA,NA,NA,NA,NA,NA,NA,NA,NA,NA,21,2,1,28,NA,NA,NA,NA,NA,NA,NA,NA,21,15,NA,NA,NA,NA,NA,2,2,W,20,NA,NA,NA,1,1,1,NA,0,NA,0,0,NA,NA,1,77,NA,4.01,NA,IFN2,28,64,21,19911024,1991,9
15372,28_914_IFN2,21,398892.020833333,1121.15815466957,21,NA,NA,398892.020833333,NA,NA,1121.15815466957,NA,NA,23370.8423600909,14969.406591921,39.8892020833333,1121.15815466957,0,0,254.647908947033,413.802852038928,367.824757367936,84.8826363156775,0,0,0,20.8452681388013,13.3517350157729,21.2838061024856,14.8125,1432,28,914,0,911107,NA,NA,NA,NA,NA,2,911127,NA,533,2,0533J03,403,4499,90,131,3,3,J,J,15,15,4,4,1,1,90,95,21,0,0,4,4,NA,NA,NA,NA,NA,NA,NA,NA,NA,NA,NA,NA,21,1,2,32,NA,NA,NA,NA,NA,NA,NA,NA,21,NA,NA,NA,NA,NA,NA,2,3,W,20,NA,NA,NA,1,1,1,NA,0,NA,0,4,NA,NA,1,140,NA,5.25,NA,IFN2,32,131,21,19911107,1991,9
15373,28_944_IFN2,21,272467.145833333,1227.26145006417,21,25,NA,272467.145833333,177511.25,NA,1227.26145006417,1241.40855611678,NA,36309.078200508,20884.6653101698,44.9978395833333,2468.67000618095,0,891.267681314614,1050.42262440651,413.802852038928,99.0297423682904,14.1471060526129,0,0,0,14.7079512893983,8.45988538681948,15.2341900997155,9875,1461,28,944,0,911111,NA,61,6,2,0,2,911127,NA,533,2,0533K03,401,4497,90,135,4,4,0,0,15,15,3,3,1,1,40,90,21,0,7,2,3,NA,25,NA,3,NA,3,NA,NA,NA,NA,NA,NA,21,3,1,NA,25,3,1,NA,NA,NA,NA,NA,21,25,NA,NA,NA,NA,NA,2,3,W,20,NA,NA,NA,1,1,2,NA,0,NA,0,0,NA,NA,G914,115,NA,3.25,NA,IFN2,21,135,21,19911111,1991,9
