,INVENTORY_ID,PLOT_ID,TREE_ID,specie,dbh_1,dbh_2,dbh,height,expan,basal_area
94294,IFN2,8_1264_IFN2,8_1264_1_IFN2,21,114,114,11.4,5.5,127.323954473516,102.070345315132
94295,IFN2,8_1264_IFN2,8_1264_2_IFN2,21,133,139,13.6,5.5,31.8309886183791,145.267244301992
94296,IFN2,8_1264_IFN2,8_1264_3_IFN2,21,183,178,18.05,7,31.8309886183791,255.884685130297
94297,IFN2,8_1264_IFN2,8_1264_4_IFN2,21,114,117,11.55,5.5,127.323954473516,104.774078492628
94298,IFN2,8_1264_IFN2,8_1264_5_IFN2,21,101,103,10.2,4.5,127.323954473516,81.7128249198705
94299,IFN2,8_1264_IFN2,8_1264_6_IFN2,21,144,148,14.6,6,31.8309886183791,167.4154725098
94300,IFN2,8_1264_IFN2,8_1264_7_IFN2,21,82,82,8.2,4,127.323954473516,52.8101725068444
94301,IFN2,8_1264_IFN2,8_1264_8_IFN2,21,91,88,8.95,4.5,127.323954473516,62.9123563835441
94302,IFN2,8_1264_IFN2,8_1264_9_IFN2,21,136,134,13.5,5,31.8309886183791,143.138815279185
94303,IFN2,8_1264_IFN2,8_1264_10_IFN2,21,139,132,13.55,4.5,31.8309886183791,144.20106629518
94304,IFN2,8_1264_IFN2,8_1264_11_IFN2,21,129,131,13,6,31.8309886183791,132.732289614169
94305,IFN2,8_1264_IFN2,8_1264_12_IFN2,21,96,92,9.4,4,127.323954473516,69.3977817177985
94306,IFN2,8_1264_IFN2,8_1264_13_IFN2,21,142,144,14.3,6,31.8309886183791,160.606070433144
94307,IFN2,8_1264_IFN2,8_1264_14_IFN2,21,135,133,13.4,6,31.8309886183791,141.026094219646
94308,IFN2,8_1264_IFN2,8_1264_15_IFN2,21,145,146,14.55,5,31.8309886183791,166.270754686648
94309,IFN2,8_1264_IFN2,8_1264_16_IFN2,21,114,110,11.2,5,127.323954473516,98.5203456165759
101863,IFN2,8_2029_IFN2,8_2029_1_IFN2,25,86,88,8.7,4,127.323954473516,59.4467869875528
101864,IFN2,8_2029_IFN2,8_2029_2_IFN2,21,76,78,7.7,3,127.323954473516,46.5662571078347
101865,IFN2,8_2029_IFN2,8_2029_3_IFN2,21,85,82,8.35,3.5,127.323954473516,54.7599234474786
101866,IFN2,8_2029_IFN2,8_2029_4_IFN2,21,98,104,10.1,4,127.323954473516,80.1184666481737
101867,IFN2,8_2029_IFN2,8_2029_5_IFN2,21,94,95,9.45,4.5,127.323954473516,70.1380194868006
101868,IFN2,8_2029_IFN2,8_2029_6_IFN2,21,91,91,9.1,4.5,127.323954473516,65.0388219109427
299284,IFN2,17_526_IFN2,17_526_1_IFN2,21,134,136,13.5,5.5,31.8309886183791,143.138815279185
299285,IFN2,17_526_IFN2,17_526_2_IFN2,21,93,88,9.05,5.5,127.323954473516,64.3260730776595
299286,IFN2,17_526_IFN2,17_526_3_IFN2,21,91,86,8.85,5,127.323954473516,61.5143476526966
299287,IFN2,17_526_IFN2,17_526_4_IFN2,21,120,117,11.85,5,127.323954473516,110.287573599678
299288,IFN2,17_526_IFN2,17_526_5_IFN2,21,133,135,13.4,5,31.8309886183791,141.026094219646
476338,IFN2,25_647_IFN2,25_647_1_IFN2,21,168,173,17.05,7,31.8309886183791,228.317209595047
476339,IFN2,25_647_IFN2,25_647_2_IFN2,21,169,170,16.95,6.5,31.8309886183791,225.646855839495
476340,IFN2,25_647_IFN2,25_647_3_IFN2,21,194,184,18.9,7,31.8309886183791,280.552077947202
476341,IFN2,25_647_IFN2,25_647_4_IFN2,21,218,205,21.15,8.5,31.8309886183791,351.326269946355
476342,IFN2,25_647_IFN2,25_647_5_IFN2,21,165,170,16.75,7,31.8309886183791,220.353272218197
476343,IFN2,25_647_IFN2,25_647_6_IFN2,21,151,157,15.4,6.5,31.8309886183791,186.265028431339
476344,IFN2,25_647_IFN2,25_647_7_IFN2,21,190,190,19,7.5,31.8309886183791,283.528736986479
476345,IFN2,25_647_IFN2,25_647_8_IFN2,21,168,159,16.35,7.5,31.8309886183791,209.954600534814
476346,IFN2,25_647_IFN2,25_647_9_IFN2,21,146,154,15,8,31.8309886183791,176.714586764426
476347,IFN2,25_647_IFN2,25_647_10_IFN2,21,158,157,15.75,7.5,31.8309886183791,194.82783190778
476348,IFN2,25_647_IFN2,25_647_11_IFN2,21,198,192,19.5,7.5,31.8309886183791,298.64765163188
476349,IFN2,25_647_IFN2,25_647_12_IFN2,21,144,146,14.5,6.5,31.8309886183791,165.129963854314
476350,IFN2,25_647_IFN2,25_647_13_IFN2,21,178,175,17.65,6.5,31.8309886183791,244.669199356982
476351,IFN2,25_647_IFN2,25_647_14_IFN2,21,142,142,14.2,6.5,31.8309886183791,158.367685667461
476352,IFN2,25_647_IFN2,25_647_15_IFN2,21,160,159,15.95,7.5,31.8309886183791,199.807256263719
482459,IFN2,25_965_IFN2,25_965_1_IFN2,21,125,133,12.9,5.5,31.8309886183791,130.698108370969
482460,IFN2,25_965_IFN2,25_965_2_IFN2,21,118,117,11.75,6,127.323954473516,108.43403393406
482461,IFN2,25_965_IFN2,25_965_3_IFN2,21,124,120,12.2,5,127.323954473516,116.898662640076
482462,IFN2,25_965_IFN2,25_965_4_IFN2,21,88,90,8.9,4.5,127.323954473516,62.2113885227119
482463,IFN2,25_965_IFN2,25_965_5_IFN2,21,102,98,10,5.5,127.323954473516,78.5398163397448
482464,IFN2,25_965_IFN2,25_965_6_IFN2,21,145,138,14.15,4.5,31.8309886183791,157.254383770846
482465,IFN2,25_965_IFN2,25_965_7_IFN2,21,88,85,8.65,4.5,127.323954473516,58.7654540808056
482466,IFN2,25_965_IFN2,25_965_8_IFN2,21,120,120,12,5,127.323954473516,113.097335529233
482467,IFN2,25_965_IFN2,25_965_9_IFN2,21,147,153,15,6.5,31.8309886183791,176.714586764426
482468,IFN2,25_965_IFN2,25_965_10_IFN2,21,120,113,11.65,5.5,127.323954473516,106.59620223171
482469,IFN2,25_965_IFN2,25_965_11_IFN2,21,104,104,10.4,5,127.323954473516,84.948665353068
482713,IFN2,25_975_IFN2,25_975_1_IFN2,21,173,176,17.45,7.5,31.8309886183791,239.155704249931
482714,IFN2,25_975_IFN2,25_975_2_IFN2,21,171,163,16.7,7.5,31.8309886183791,219.039693789914
482715,IFN2,25_975_IFN2,25_975_3_IFN2,21,230,237,23.35,8.5,14.1471060526129,428.216750142965
482716,IFN2,25_975_IFN2,25_975_4_IFN2,21,163,156,15.95,7,31.8309886183791,199.807256263719
482717,IFN2,25_975_IFN2,25_975_5_IFN2,21,159,154,15.65,8,31.8309886183791,192.361681674712
482718,IFN2,25_975_IFN2,25_975_6_IFN2,21,127,128,12.75,7.5,31.8309886183791,127.676288937298
482719,IFN2,25_975_IFN2,25_975_7_IFN2,21,156,153,15.45,8,31.8309886183791,187.476505098379
482720,IFN2,25_975_IFN2,25_975_8_IFN2,21,229,229,22.9,8,14.1471060526129,411.870650867256
482721,IFN2,25_975_IFN2,25_975_9_IFN2,21,199,194,19.65,9,31.8309886183791,303.259902346431
482722,IFN2,25_975_IFN2,25_975_10_IFN2,73,156,159,15.75,8.5,31.8309886183791,194.82783190778
482723,IFN2,25_975_IFN2,25_975_11_IFN2,73,139,132,13.55,9,31.8309886183791,144.20106629518
482724,IFN2,25_975_IFN2,25_975_12_IFN2,21,193,178,18.55,9,31.8309886183791,270.25747152047
482725,IFN2,25_975_IFN2,25_975_13_IFN2,21,150,152,15.1,9,31.8309886183791,179.078635236252
482726,IFN2,25_975_IFN2,25_975_14_IFN2,21,196,197,19.65,9,31.8309886183791,303.259902346431
482727,IFN2,25_975_IFN2,25_975_15_IFN2,21,139,138,13.85,8.5,31.8309886183791,150.657039198307
482728,IFN2,25_975_IFN2,25_975_16_IFN2,21,189,185,18.7,9.5,31.8309886183791,274.645883758454
482729,IFN2,25_975_IFN2,25_975_17_IFN2,21,162,162,16.2,7.5,31.8309886183791,206.119894002026
482730,IFN2,25_975_IFN2,25_975_18_IFN2,21,132,103,11.75,8.5,127.323954473516,108.43403393406
482731,IFN2,25_975_IFN2,25_975_19_IFN2,21,80,79,7.95,7,127.323954473516,49.6391274221272
482732,IFN2,25_975_IFN2,25_975_20_IFN2,21,141,149,14.5,7.5,31.8309886183791,165.129963854314
482733,IFN2,25_975_IFN2,25_975_21_IFN2,21,124,135,12.95,8,31.8309886183791,131.713235497161
482734,IFN2,25_975_IFN2,25_975_22_IFN2,21,168,168,16.8,7.5,31.8309886183791,221.670777637296
482735,IFN2,25_975_IFN2,25_975_23_IFN2,21,227,227,22.7,9,14.1471060526129,404.707819617071
482736,IFN2,25_975_IFN2,25_975_24_IFN2,21,185,195,19,7.5,31.8309886183791,283.528736986479
482737,IFN2,25_975_IFN2,25_975_25_IFN2,21,222,231,22.65,7.5,14.1471060526129,402.926929281567
482738,IFN2,25_975_IFN2,25_975_26_IFN2,21,133,140,13.65,5,31.8309886183791,146.337349299621
482739,IFN2,25_975_IFN2,25_975_27_IFN2,21,227,224,22.55,8,14.1471060526129,399.376929583011
482740,IFN2,25_975_IFN2,25_975_28_IFN2,21,125,125,12.5,6.5,31.8309886183791,122.718463030851
482741,IFN2,25_976_IFN2,25_976_1_IFN2,21,128,132,13,7.5,31.8309886183791,132.732289614169
482742,IFN2,25_976_IFN2,25_976_2_IFN2,21,159,153,15.6,7.2,31.8309886183791,191.134497044403
482743,IFN2,25_976_IFN2,25_976_3_IFN2,21,164,175,16.95,7.5,31.8309886183791,225.646855839495
482744,IFN2,25_976_IFN2,25_976_4_IFN2,21,146,146,14.6,7.5,31.8309886183791,167.4154725098
482745,IFN2,25_976_IFN2,25_976_5_IFN2,21,170,171,17.05,8,31.8309886183791,228.317209595047
482746,IFN2,25_976_IFN2,25_976_6_IFN2,21,121,127,12.4,7,127.323954473516,120.762821603992
482747,IFN2,25_976_IFN2,25_976_7_IFN2,21,144,148,14.6,8,31.8309886183791,167.4154725098
482748,IFN2,25_976_IFN2,25_976_8_IFN2,21,156,152,15.4,7.5,31.8309886183791,186.265028431339
482749,IFN2,25_976_IFN2,25_976_9_IFN2,21,153,153,15.3,8,31.8309886183791,183.853856069709
482750,IFN2,25_976_IFN2,25_976_10_IFN2,21,79,81,8,6.5,127.323954473516,50.2654824574367
482751,IFN2,25_976_IFN2,25_976_11_IFN2,21,158,158,15.8,7.5,31.8309886183791,196.066797510539
482752,IFN2,25_976_IFN2,25_976_12_IFN2,21,146,141,14.35,8.5,31.8309886183791,161.731153302211
482753,IFN2,25_976_IFN2,25_976_13_IFN2,21,158,153,15.55,8.5,31.8309886183791,189.911239404911
482754,IFN2,25_976_IFN2,25_976_14_IFN2,21,128,129,12.85,7.5,31.8309886183791,129.686908235595
482755,IFN2,25_976_IFN2,25_976_15_IFN2,21,130,141,13.55,7,31.8309886183791,144.20106629518
482756,IFN2,25_976_IFN2,25_976_16_IFN2,21,156,161,15.85,7.5,31.8309886183791,197.309690104115
482757,IFN2,25_976_IFN2,25_976_17_IFN2,21,153,142,14.75,6.5,31.8309886183791,170.873187924157
482758,IFN2,25_976_IFN2,25_976_18_IFN2,21,140,141,14.05,7,31.8309886183791,155.039560950065
482759,IFN2,25_976_IFN2,25_976_19_IFN2,21,112,111,11.15,6,127.323954473516,97.6426631689793
482760,IFN2,25_976_IFN2,25_976_20_IFN2,21,90,90,9,6.5,127.323954473516,63.6172512351933
482761,IFN2,25_976_IFN2,25_976_21_IFN2,21,88,93,9.05,6.5,127.323954473516,64.3260730776595
482762,IFN2,25_976_IFN2,25_976_22_IFN2,21,174,169,17.15,7,31.8309886183791,231.003271313866
482763,IFN2,25_976_IFN2,25_976_23_IFN2,21,134,143,13.85,7,31.8309886183791,150.657039198307
482764,IFN2,25_976_IFN2,25_976_24_IFN2,21,122,136,12.9,7,31.8309886183791,130.698108370969
482765,IFN2,25_976_IFN2,25_976_25_IFN2,21,128,129,12.85,7,31.8309886183791,129.686908235595
482766,IFN2,25_976_IFN2,25_976_26_IFN2,21,89,84,8.65,5,127.323954473516,58.7654540808056
482767,IFN2,25_976_IFN2,25_976_27_IFN2,21,117,124,12.05,7.5,127.323954473516,114.041776820718
482768,IFN2,25_976_IFN2,25_976_28_IFN2,21,160,167,16.35,8,31.8309886183791,209.954600534814
482769,IFN2,25_976_IFN2,25_976_29_IFN2,21,145,149,14.7,8,31.8309886183791,169.716689128555
482770,IFN2,25_976_IFN2,25_976_30_IFN2,21,149,143,14.6,7,31.8309886183791,167.4154725098
482771,IFN2,25_976_IFN2,25_976_31_IFN2,21,128,127,12.75,6.5,31.8309886183791,127.676288937298
482772,IFN2,25_976_IFN2,25_976_32_IFN2,21,127,124,12.55,7.5,31.8309886183791,123.702174230507
482773,IFN2,25_976_IFN2,25_976_33_IFN2,21,155,155,15.5,7,31.8309886183791,188.691908756237
482774,IFN2,25_976_IFN2,25_976_34_IFN2,21,182,171,17.65,8,31.8309886183791,244.669199356982
482775,IFN2,25_976_IFN2,25_976_35_IFN2,21,103,104,10.35,7.5,127.323954473516,84.1338147585431
482776,IFN2,25_976_IFN2,25_976_36_IFN2,21,126,125,12.55,8,31.8309886183791,123.702174230507
482777,IFN2,25_976_IFN2,25_976_37_IFN2,21,182,180,18.1,8,31.8309886183791,257.304292310638
482778,IFN2,25_976_IFN2,25_976_38_IFN2,21,137,135,13.6,7.5,31.8309886183791,145.267244301992
482779,IFN2,25_976_IFN2,25_976_39_IFN2,21,138,134,13.6,6.5,31.8309886183791,145.267244301992
482780,IFN2,25_976_IFN2,25_976_40_IFN2,21,165,161,16.3,7,31.8309886183791,208.672438033068
482781,IFN2,25_976_IFN2,25_976_41_IFN2,21,124,131,12.75,6.5,31.8309886183791,127.676288937298
482782,IFN2,25_976_IFN2,25_976_42_IFN2,21,127,124,12.55,7,31.8309886183791,123.702174230507
482783,IFN2,25_976_IFN2,25_976_43_IFN2,21,108,113,11.05,6.5,127.323954473516,95.899079246237
482784,IFN2,25_977_IFN2,25_977_1_IFN2,21,164,157,16.05,5,31.8309886183791,202.320530386591
482785,IFN2,25_977_IFN2,25_977_2_IFN2,21,166,159,16.25,6,31.8309886183791,207.394202522139
482786,IFN2,25_977_IFN2,25_977_3_IFN2,21,151,145,14.8,5,31.8309886183791,172.033613710577
482787,IFN2,25_977_IFN2,25_977_4_IFN2,21,142,141,14.15,5.5,31.8309886183791,157.254383770846
482788,IFN2,25_977_IFN2,25_977_5_IFN2,21,156,148,15.2,5.5,31.8309886183791,181.458391671346
482789,IFN2,25_977_IFN2,25_977_6_IFN2,21,117,113,11.5,4.5,127.323954473516,103.868907109313
482887,IFN2,25_982_IFN2,25_982_1_IFN2,21,136,135,13.55,8.5,31.8309886183791,144.20106629518
482888,IFN2,25_982_IFN2,25_982_2_IFN2,21,118,116,11.7,8,127.323954473516,107.513154587477
482889,IFN2,25_982_IFN2,25_982_3_IFN2,21,90,92,9.1,9,127.323954473516,65.0388219109427
482890,IFN2,25_982_IFN2,25_982_4_IFN2,21,96,94,9.5,9,127.323954473516,70.8821842466197
482891,IFN2,25_982_IFN2,25_982_5_IFN2,21,148,151,14.95,8.5,31.8309886183791,175.538453014738
482892,IFN2,25_982_IFN2,25_982_6_IFN2,21,87,93,9,7,127.323954473516,63.6172512351933
482893,IFN2,25_982_IFN2,25_982_7_IFN2,21,123,121,12.2,8.5,127.323954473516,116.898662640076
482894,IFN2,25_982_IFN2,25_982_8_IFN2,21,124,126,12.5,8.5,31.8309886183791,122.718463030851
482895,IFN2,25_982_IFN2,25_982_9_IFN2,21,180,172,17.6,9,31.8309886183791,243.284935093994
482896,IFN2,25_982_IFN2,25_982_10_IFN2,21,185,187,18.6,9,31.8309886183791,271.716348608981
482897,IFN2,25_982_IFN2,25_982_11_IFN2,21,133,128,13.05,7,31.8309886183791,133.755270721994
482898,IFN2,25_982_IFN2,25_982_12_IFN2,21,124,129,12.65,8,31.8309886183791,125.681377602268
482899,IFN2,25_982_IFN2,25_982_13_IFN2,21,121,126,12.35,8.5,127.323954473516,119.790891376787
482900,IFN2,25_982_IFN2,25_982_14_IFN2,21,228,222,22.5,8.5,14.1471060526129,397.607820219958
482901,IFN2,25_982_IFN2,25_982_15_IFN2,21,133,134,13.35,8,31.8309886183791,139.975624176102
482902,IFN2,25_982_IFN2,25_982_16_IFN2,21,167,170,16.85,9,31.8309886183791,222.992210047212
482903,IFN2,25_982_IFN2,25_982_17_IFN2,21,154,152,15.3,8.5,31.8309886183791,183.853856069709
482904,IFN2,25_982_IFN2,25_982_18_IFN2,21,167,170,16.85,8.5,31.8309886183791,222.992210047212
482905,IFN2,25_982_IFN2,25_982_19_IFN2,21,216,220,21.8,9.5,31.8309886183791,373.252623173003
482906,IFN2,25_982_IFN2,25_982_20_IFN2,21,152,173,16.25,9,31.8309886183791,207.394202522139
482907,IFN2,25_982_IFN2,25_982_21_IFN2,21,172,165,16.85,9,31.8309886183791,222.992210047212
482908,IFN2,25_982_IFN2,25_982_22_IFN2,21,122,129,12.55,9,31.8309886183791,123.702174230507
482909,IFN2,25_982_IFN2,25_982_23_IFN2,21,171,176,17.35,8,31.8309886183791,236.422518641308
482910,IFN2,25_982_IFN2,25_982_24_IFN2,21,153,154,15.35,9,31.8309886183791,185.057478755115
482911,IFN2,25_982_IFN2,25_982_25_IFN2,21,165,158,16.15,9,31.8309886183791,204.849512472731
482912,IFN2,25_982_IFN2,25_982_26_IFN2,21,138,141,13.95,8.5,31.8309886183791,152.840446092552
482913,IFN2,25_982_IFN2,25_982_27_IFN2,21,210,195,20.25,10,31.8309886183791,322.062334378166
482914,IFN2,25_982_IFN2,25_982_28_IFN2,21,177,166,17.15,10,31.8309886183791,231.003271313866
482915,IFN2,25_982_IFN2,25_982_29_IFN2,21,135,127,13.1,10,31.8309886183791,134.782178820636
482916,IFN2,25_982_IFN2,25_982_30_IFN2,21,157,162,15.95,9.5,31.8309886183791,199.807256263719
482917,IFN2,25_982_IFN2,25_982_31_IFN2,21,94,94,9.4,9,127.323954473516,69.3977817177985
482918,IFN2,25_982_IFN2,25_982_32_IFN2,21,125,125,12.5,8,31.8309886183791,122.718463030851
482919,IFN2,25_982_IFN2,25_982_33_IFN2,21,133,133,13.3,8.5,31.8309886183791,138.929081123375
482920,IFN2,25_982_IFN2,25_982_34_IFN2,21,211,208,20.95,9.5,31.8309886183791,344.713217410549
482921,IFN2,25_982_IFN2,25_982_35_IFN2,21,152,153,15.25,10,31.8309886183791,182.654160375119
482922,IFN2,25_982_IFN2,25_982_36_IFN2,21,84,86,8.5,10,127.323954473516,56.7450173054656
482923,IFN2,25_982_IFN2,25_982_37_IFN2,21,155,154,15.45,10,31.8309886183791,187.476505098379
482924,IFN2,25_982_IFN2,25_982_38_IFN2,21,137,133,13.5,10,31.8309886183791,143.138815279185
482925,IFN2,25_982_IFN2,25_982_39_IFN2,21,164,156,16,10,31.8309886183791,201.061929829747
482926,IFN2,25_982_IFN2,25_982_40_IFN2,21,138,137,13.75,10,31.8309886183791,148.48934026733
482927,IFN2,25_982_IFN2,25_982_41_IFN2,21,163,180,17.15,9.5,31.8309886183791,231.003271313866
482928,IFN2,25_982_IFN2,25_982_42_IFN2,21,122,132,12.7,10,31.8309886183791,126.676869774374
482929,IFN2,25_982_IFN2,25_982_43_IFN2,21,132,133,13.25,9,31.8309886183791,137.886465061465
482930,IFN2,25_982_IFN2,25_982_44_IFN2,21,149,145,14.7,9,31.8309886183791,169.716689128555
482931,IFN2,25_982_IFN2,25_982_45_IFN2,21,154,152,15.3,10,31.8309886183791,183.853856069709
482932,IFN2,25_982_IFN2,25_982_46_IFN2,21,185,202,19.35,10.5,31.8309886183791,294.070743834681
482933,IFN2,25_982_IFN2,25_982_47_IFN2,21,144,142,14.3,10,31.8309886183791,160.606070433144
482934,IFN2,25_982_IFN2,25_982_48_IFN2,21,157,152,15.45,9,31.8309886183791,187.476505098379
482935,IFN2,25_982_IFN2,25_982_49_IFN2,21,177,173,17.5,10,31.8309886183791,240.528187540469
482936,IFN2,25_982_IFN2,25_982_50_IFN2,21,104,104,10.4,7,127.323954473516,84.948665353068
482937,IFN2,25_982_IFN2,25_982_51_IFN2,21,159,154,15.65,10.5,31.8309886183791,192.361681674712
482938,IFN2,25_982_IFN2,25_982_52_IFN2,21,147,139,14.3,10.5,31.8309886183791,160.606070433144
482939,IFN2,25_982_IFN2,25_982_53_IFN2,21,157,155,15.6,9,31.8309886183791,191.134497044403
482972,IFN2,25_986_IFN2,25_986_1_IFN2,21,242,246,24.4,15,14.1471060526129,467.594650560305
482973,IFN2,25_986_IFN2,25_986_2_IFN2,21,282,338,31,16,14.1471060526129,754.767635024948
482974,IFN2,25_986_IFN2,25_986_3_IFN2,21,345,383,36.4,16.5,14.1471060526129,1040.62115057508
482975,IFN2,25_986_IFN2,25_986_4_IFN2,21,138,139,13.85,11,31.8309886183791,150.657039198307
482976,IFN2,25_986_IFN2,25_986_5_IFN2,21,238,260,24.9,14,14.1471060526129,486.954715288052
482977,IFN2,25_986_IFN2,25_986_6_IFN2,21,314,303,30.85,14,14.1471060526129,747.481103564028
482978,IFN2,25_986_IFN2,25_986_7_IFN2,21,140,135,13.75,12,31.8309886183791,148.48934026733
482979,IFN2,25_986_IFN2,25_986_8_IFN2,21,124,125,12.45,12,127.323954473516,121.738678822013
482980,IFN2,25_986_IFN2,25_986_9_IFN2,21,144,134,13.9,14,31.8309886183791,151.746779150021
482981,IFN2,25_986_IFN2,25_986_10_IFN2,21,206,188,19.7,11.5,31.8309886183791,304.805173232916
482982,IFN2,25_986_IFN2,25_986_11_IFN2,21,234,228,23.1,11.5,14.1471060526129,419.096313970512
482983,IFN2,25_986_IFN2,25_986_12_IFN2,21,144,146,14.5,11.5,31.8309886183791,165.129963854314
482984,IFN2,25_986_IFN2,25_986_13_IFN2,21,242,209,22.55,14,14.1471060526129,399.376929583011
482985,IFN2,25_986_IFN2,25_986_14_IFN2,21,137,125,13.1,10.5,31.8309886183791,134.782178820636
482986,IFN2,25_986_IFN2,25_986_15_IFN2,21,337,314,32.55,15.5,14.1471060526129,832.131317615005
482987,IFN2,25_986_IFN2,25_986_16_IFN2,21,224,222,22.3,14,31.8309886183791,390.570652675917
482988,IFN2,25_986_IFN2,25_986_17_IFN2,21,209,222,21.55,14.5,31.8309886183791,364.740870577184
482989,IFN2,25_986_IFN2,25_986_18_IFN2,21,357,388,37.25,15,14.1471060526129,1089.78903909917
482990,IFN2,25_986_IFN2,25_986_19_IFN2,21,288,310,29.9,15,14.1471060526129,702.153812058953
482991,IFN2,25_986_IFN2,25_986_20_IFN2,21,292,279,28.55,15,14.1471060526129,640.180006480669
482992,IFN2,25_986_IFN2,25_986_21_IFN2,21,131,137,13.4,13,31.8309886183791,141.026094219646
482993,IFN2,25_986_IFN2,25_986_22_IFN2,21,317,272,29.45,15,14.1471060526129,681.177790610015
482994,IFN2,25_986_IFN2,25_986_23_IFN2,21,320,331,32.55,15.5,14.1471060526129,832.131317615005
482995,IFN2,25_986_IFN2,25_986_24_IFN2,21,281,268,27.45,16,14.1471060526129,591.799479615386
482996,IFN2,25_986_IFN2,25_986_25_IFN2,21,383,337,36,15.5,14.1471060526129,1017.87601976309
482997,IFN2,25_986_IFN2,25_986_26_IFN2,21,177,185,18.1,12,31.8309886183791,257.304292310638
482998,IFN2,25_986_IFN2,25_986_27_IFN2,21,320,290,30.5,14.5,14.1471060526129,730.616641500476
482999,IFN2,25_986_IFN2,25_986_28_IFN2,21,254,285,26.95,16,14.1471060526129,570.436649570975
483000,IFN2,25_986_IFN2,25_986_29_IFN2,21,344,347,34.55,16.5,14.1471060526129,937.531751142942
483001,IFN2,25_986_IFN2,25_986_30_IFN2,21,104,104,10.4,10,127.323954473516,84.948665353068
483002,IFN2,25_986_IFN2,25_986_31_IFN2,21,309,314,31.15,15,14.1471060526129,762.08950940322
486416,IFN2,25_1150_IFN2,25_1150_1_IFN2,21,125,125,12.5,6,31.8309886183791,122.718463030851
486417,IFN2,25_1150_IFN2,25_1150_2_IFN2,21,84,80,8.2,4,127.323954473516,52.8101725068444
486418,IFN2,25_1150_IFN2,25_1150_3_IFN2,21,80,78,7.9,4,127.323954473516,49.0166993776348
486419,IFN2,25_1150_IFN2,25_1150_4_IFN2,21,234,234,23.4,11.5,14.1471060526129,430.052618349907
486420,IFN2,25_1150_IFN2,25_1150_5_IFN2,21,248,234,24.1,11.5,14.1471060526129,456.167107282872
486421,IFN2,25_1150_IFN2,25_1150_6_IFN2,21,131,130,13.05,5.5,31.8309886183791,133.755270721994
486422,IFN2,25_1150_IFN2,25_1150_7_IFN2,21,129,138,13.35,5,31.8309886183791,139.975624176102
486423,IFN2,25_1150_IFN2,25_1150_8_IFN2,37,80,85,8.25,2.5,127.323954473516,53.4561624962388
486424,IFN2,25_1150_IFN2,25_1150_9_IFN2,21,239,248,24.35,7.5,14.1471060526129,465.680242537024
486425,IFN2,25_1150_IFN2,25_1150_10_IFN2,21,313,298,30.55,12,14.1471060526129,733.014069394247
486426,IFN2,25_1150_IFN2,25_1150_11_IFN2,21,302,318,31,10.5,14.1471060526129,754.767635024948
486554,IFN2,25_1160_IFN2,25_1160_1_IFN2,21,154,152,15.3,6,31.8309886183791,183.853856069709
486555,IFN2,25_1160_IFN2,25_1160_2_IFN2,21,123,118,12.05,5.5,127.323954473516,114.041776820718
486556,IFN2,25_1160_IFN2,25_1160_3_IFN2,21,136,138,13.7,6.5,31.8309886183791,147.411381288067
486557,IFN2,25_1160_IFN2,25_1160_4_IFN2,21,115,114,11.45,6.5,127.323954473516,102.967662716814
486558,IFN2,25_1160_IFN2,25_1160_5_IFN2,21,102,108,10.5,6,127.323954473516,86.5901475145687
486559,IFN2,25_1160_IFN2,25_1160_6_IFN2,21,127,133,13,5.5,31.8309886183791,132.732289614169
486560,IFN2,25_1160_IFN2,25_1160_7_IFN2,21,145,143,14.4,5.5,31.8309886183791,162.860163162095
486561,IFN2,25_1160_IFN2,25_1160_8_IFN2,21,92,91,9.15,3.5,127.323954473516,65.7554977350429
486588,IFN2,25_1177_IFN2,25_1177_1_IFN2,21,121,125,12.3,5,127.323954473516,118.8228881404
486589,IFN2,25_1177_IFN2,25_1177_2_IFN2,21,82,77,7.95,4.5,127.323954473516,49.6391274221272
486590,IFN2,25_1177_IFN2,25_1177_3_IFN2,21,96,96,9.6,4.5,127.323954473516,72.3822947387088
486591,IFN2,25_1177_IFN2,25_1177_4_IFN2,21,143,138,14.05,5.5,31.8309886183791,155.039560950065
486592,IFN2,25_1177_IFN2,25_1177_5_IFN2,21,91,90,9.05,4.5,127.323954473516,64.3260730776595
486593,IFN2,25_1177_IFN2,25_1177_6_IFN2,21,76,74,7.5,4.5,127.323954473516,44.1786466911065
486816,IFN2,25_1190_IFN2,25_1190_1_IFN2,21,196,199,19.75,9.5,31.8309886183791,306.354371110217
486817,IFN2,25_1190_IFN2,25_1190_2_IFN2,21,138,141,13.95,9.5,31.8309886183791,152.840446092552
486818,IFN2,25_1190_IFN2,25_1190_3_IFN2,21,153,161,15.7,9,31.8309886183791,193.592793295837
486819,IFN2,25_1190_IFN2,25_1190_4_IFN2,21,234,232,23.3,11,14.1471060526129,426.384808926841
486820,IFN2,25_1190_IFN2,25_1190_5_IFN2,21,170,175,17.25,10,31.8309886183791,233.705040995953
486821,IFN2,25_1190_IFN2,25_1190_6_IFN2,21,299,282,29.05,10.5,14.1471060526129,662.799473586515
486822,IFN2,25_1190_IFN2,25_1190_7_IFN2,21,254,259,25.65,11.5,14.1471060526129,516.731123157858
486823,IFN2,25_1190_IFN2,25_1190_8_IFN2,21,169,159,16.4,9,31.8309886183791,211.240690027378
486824,IFN2,25_1190_IFN2,25_1190_9_IFN2,21,229,233,23.1,11,14.1471060526129,419.096313970512
486825,IFN2,25_1190_IFN2,25_1190_10_IFN2,21,210,208,20.9,10,31.8309886183791,343.069771753639
486826,IFN2,25_1190_IFN2,25_1190_11_IFN2,21,140,144,14.2,10,31.8309886183791,158.367685667461
486827,IFN2,25_1190_IFN2,25_1190_12_IFN2,21,167,172,16.95,9,31.8309886183791,225.646855839495
486828,IFN2,25_1190_IFN2,25_1190_13_IFN2,21,161,161,16.1,10.5,31.8309886183791,203.583057934253
486829,IFN2,25_1190_IFN2,25_1190_14_IFN2,21,118,118,11.8,11,127.323954473516,109.358840271461
486830,IFN2,25_1190_IFN2,25_1190_15_IFN2,21,87,87,8.7,8.5,127.323954473516,59.4467869875528
486831,IFN2,25_1190_IFN2,25_1190_16_IFN2,21,137,135,13.6,9.5,31.8309886183791,145.267244301992
486832,IFN2,25_1190_IFN2,25_1190_17_IFN2,21,146,140,14.3,9,31.8309886183791,160.606070433144
486833,IFN2,25_1190_IFN2,25_1190_18_IFN2,21,218,215,21.65,9,31.8309886183791,368.13379064306
486834,IFN2,25_1190_IFN2,25_1190_19_IFN2,21,219,216,21.75,10,31.8309886183791,371.542418672205
486835,IFN2,25_1190_IFN2,25_1190_20_IFN2,21,175,170,17.25,8.5,31.8309886183791,233.705040995953
486836,IFN2,25_1190_IFN2,25_1190_21_IFN2,21,177,174,17.55,9.5,31.8309886183791,241.904597821823
486837,IFN2,25_1190_IFN2,25_1190_22_IFN2,21,134,130,13.2,9,31.8309886183791,136.847775990371
486838,IFN2,25_1190_IFN2,25_1190_23_IFN2,21,196,190,19.3,10.5,31.8309886183791,292.552961883916
486839,IFN2,25_1190_IFN2,25_1190_24_IFN2,21,203,198,20.05,10.5,31.8309886183791,315.732025181183
486840,IFN2,25_1190_IFN2,25_1190_25_IFN2,21,191,189,19,10.5,31.8309886183791,283.528736986479
486841,IFN2,25_1190_IFN2,25_1190_26_IFN2,21,127,124,12.55,9.5,31.8309886183791,123.702174230507
486842,IFN2,25_1190_IFN2,25_1190_27_IFN2,21,189,190,18.95,9,31.8309886183791,282.038443971432
486843,IFN2,25_1190_IFN2,25_1190_28_IFN2,21,177,176,17.65,9,31.8309886183791,244.669199356982
486844,IFN2,25_1190_IFN2,25_1190_29_IFN2,21,257,261,25.9,11,14.1471060526129,526.852941988642
486845,IFN2,25_1190_IFN2,25_1190_30_IFN2,21,233,223,22.8,10,14.1471060526129,408.28138126053
486846,IFN2,25_1190_IFN2,25_1190_31_IFN2,21,224,228,22.6,10,14.1471060526129,401.149965936881
486847,IFN2,25_1190_IFN2,25_1190_32_IFN2,21,178,174,17.6,9.5,31.8309886183791,243.284935093994
486848,IFN2,25_1190_IFN2,25_1190_33_IFN2,21,217,216,21.65,9,31.8309886183791,368.13379064306
486849,IFN2,25_1190_IFN2,25_1190_34_IFN2,21,156,155,15.55,10,31.8309886183791,189.911239404911
486850,IFN2,25_1190_IFN2,25_1190_35_IFN2,21,227,240,23.35,11,14.1471060526129,428.216750142965
486851,IFN2,25_1190_IFN2,25_1190_36_IFN2,21,207,201,20.4,10.5,31.8309886183791,326.851299679482
486852,IFN2,25_1190_IFN2,25_1190_37_IFN2,21,180,178,17.9,10,31.8309886183791,251.649425534176
486853,IFN2,25_1190_IFN2,25_1190_38_IFN2,21,210,207,20.85,10.5,31.8309886183791,341.430253087547
486854,IFN2,25_1190_IFN2,25_1190_39_IFN2,21,155,152,15.35,10.5,31.8309886183791,185.057478755115
486855,IFN2,25_1190_IFN2,25_1190_40_IFN2,21,132,138,13.5,9.5,31.8309886183791,143.138815279185
486856,IFN2,25_1190_IFN2,25_1190_41_IFN2,21,245,224,23.45,10.5,14.1471060526129,431.892413547665
486857,IFN2,25_1190_IFN2,25_1190_42_IFN2,21,205,195,20,10,31.8309886183791,314.159265358979
486858,IFN2,25_1190_IFN2,25_1190_43_IFN2,21,239,234,23.65,9.5,14.1471060526129,439.290864246869
486859,IFN2,25_1190_IFN2,25_1190_44_IFN2,21,203,197,20,10.5,31.8309886183791,314.159265358979
486860,IFN2,25_1190_IFN2,25_1190_45_IFN2,21,180,189,18.45,9.5,31.8309886183791,267.3514983159
486861,IFN2,25_1190_IFN2,25_1190_46_IFN2,21,206,201,20.35,9,31.8309886183791,325.25105092156
486862,IFN2,25_1190_IFN2,25_1190_47_IFN2,21,217,204,21.05,9,31.8309886183791,348.011889696818
486863,IFN2,25_1190_IFN2,25_1190_48_IFN2,21,170,169,16.95,9,31.8309886183791,225.646855839495
487970,IFN2,25_1277_IFN2,25_1277_1_IFN2,21,80,84,8.2,6,127.323954473516,52.8101725068444
487971,IFN2,25_1277_IFN2,25_1277_2_IFN2,21,92,92,9.2,5.5,127.323954473516,66.47610054996
487972,IFN2,25_1277_IFN2,25_1277_3_IFN2,21,83,81,8.2,3,127.323954473516,52.8101725068444
487973,IFN2,25_1277_IFN2,25_1277_4_IFN2,21,83,86,8.45,5,127.323954473516,56.0793923619863
487974,IFN2,25_1277_IFN2,25_1277_5_IFN2,21,102,105,10.35,4.5,127.323954473516,84.1338147585431
487975,IFN2,25_1277_IFN2,25_1277_6_IFN2,21,134,129,13.15,5.5,31.8309886183791,135.813013910095
492499,IFN2,25_1610_IFN2,25_1610_1_IFN2,21,175,168,17.15,9.5,31.8309886183791,231.003271313866
492500,IFN2,25_1610_IFN2,25_1610_2_IFN2,21,168,188,17.8,10,31.8309886183791,248.845554090848
492501,IFN2,25_1610_IFN2,25_1610_3_IFN2,21,139,143,14.1,10,31.8309886183791,156.145008865047
492502,IFN2,25_1610_IFN2,25_1610_4_IFN2,21,193,194,19.35,9,31.8309886183791,294.070743834681
492503,IFN2,25_1610_IFN2,25_1610_5_IFN2,21,213,222,21.75,11,31.8309886183791,371.542418672205
492504,IFN2,25_1610_IFN2,25_1610_6_IFN2,21,236,226,23.1,11.5,14.1471060526129,419.096313970512
492505,IFN2,25_1610_IFN2,25_1610_7_IFN2,21,183,183,18.3,8.5,31.8309886183791,263.021990940171
492506,IFN2,25_1610_IFN2,25_1610_8_IFN2,21,153,155,15.4,9,31.8309886183791,186.265028431339
492507,IFN2,25_1610_IFN2,25_1610_9_IFN2,21,133,122,12.75,6.5,31.8309886183791,127.676288937298
492508,IFN2,25_1610_IFN2,25_1610_10_IFN2,21,129,130,12.95,8,31.8309886183791,131.713235497161
492509,IFN2,25_1610_IFN2,25_1610_11_IFN2,21,130,129,12.95,5,31.8309886183791,131.713235497161
492510,IFN2,25_1610_IFN2,25_1610_12_IFN2,21,214,226,22,8.5,31.8309886183791,380.132711084365
492511,IFN2,25_1610_IFN2,25_1610_13_IFN2,21,310,280,29.5,12,14.1471060526129,683.492751696629
492512,IFN2,25_1610_IFN2,25_1610_14_IFN2,21,166,153,15.95,7,31.8309886183791,199.807256263719
492513,IFN2,25_1610_IFN2,25_1610_15_IFN2,21,164,163,16.35,9,31.8309886183791,209.954600534814
492514,IFN2,25_1610_IFN2,25_1610_16_IFN2,21,164,169,16.65,9,31.8309886183791,217.730042352449
492515,IFN2,25_1610_IFN2,25_1610_17_IFN2,21,168,160,16.4,6.5,31.8309886183791,211.240690027378
492516,IFN2,25_1610_IFN2,25_1610_18_IFN2,21,208,201,20.45,10,31.8309886183791,328.455475428221
492517,IFN2,25_1610_IFN2,25_1610_19_IFN2,21,193,205,19.9,10,31.8309886183791,311.025526687023
492518,IFN2,25_1610_IFN2,25_1610_20_IFN2,21,171,170,17.05,7,31.8309886183791,228.317209595047
492519,IFN2,25_1610_IFN2,25_1610_21_IFN2,21,255,264,25.95,10.5,14.1471060526129,528.88908672725
492520,IFN2,25_1610_IFN2,25_1610_22_IFN2,21,159,157,15.8,8,31.8309886183791,196.066797510539
492521,IFN2,25_1610_IFN2,25_1610_23_IFN2,21,304,312,30.8,10,14.1471060526129,745.060113725355
492522,IFN2,25_1610_IFN2,25_1610_24_IFN2,21,123,120,12.15,7,127.323954473516,115.94244037614
492523,IFN2,25_1610_IFN2,25_1610_25_IFN2,21,138,132,13.5,10,31.8309886183791,143.138815279185
493575,IFN2,25_1655_IFN2,25_1655_1_IFN2,21,268,277,27.25,12,14.1471060526129,583.207223707818
493576,IFN2,25_1655_IFN2,25_1655_2_IFN2,21,352,369,36.05,10,14.1471060526129,1020.70541664673
493577,IFN2,25_1655_IFN2,25_1655_3_IFN2,21,291,286,28.85,12,14.1471060526129,653.704562854373
493578,IFN2,25_1655_IFN2,25_1655_4_IFN2,21,278,299,28.85,10,14.1471060526129,653.704562854373
493579,IFN2,25_1655_IFN2,25_1655_5_IFN2,21,200,196,19.8,11.5,31.8309886183791,307.907495978336
493580,IFN2,25_1655_IFN2,25_1655_6_IFN2,21,240,244,24.2,10.5,14.1471060526129,459.960580412082
493581,IFN2,25_1655_IFN2,25_1655_7_IFN2,21,219,242,23.05,10.5,14.1471060526129,417.284007708473
493582,IFN2,25_1655_IFN2,25_1655_8_IFN2,21,243,224,23.35,10.5,14.1471060526129,428.216750142965
493583,IFN2,25_1655_IFN2,25_1655_9_IFN2,21,264,280,27.2,12,14.1471060526129,581.068977207968
493584,IFN2,25_1655_IFN2,25_1655_10_IFN2,21,296,283,28.95,12,14.1471060526129,658.24416423881
493585,IFN2,25_1655_IFN2,25_1655_11_IFN2,21,252,255,25.35,10.5,14.1471060526129,504.714531257877
493586,IFN2,25_1655_IFN2,25_1655_12_IFN2,21,288,318,30.3,15,14.1471060526129,721.066199833563
493587,IFN2,25_1655_IFN2,25_1655_13_IFN2,21,280,313,29.65,15,14.1471060526129,690.461196901373
493588,IFN2,25_1655_IFN2,25_1655_14_IFN2,21,309,284,29.65,12.5,14.1471060526129,690.461196901373
493589,IFN2,25_1655_IFN2,25_1655_15_IFN2,21,129,123,12.6,10,31.8309886183791,124.689812420979
493590,IFN2,25_1655_IFN2,25_1655_16_IFN2,21,129,129,12.9,11,31.8309886183791,130.698108370969
493591,IFN2,25_1655_IFN2,25_1655_17_IFN2,21,238,236,23.7,13.5,14.1471060526129,441.150294398713
493592,IFN2,25_1655_IFN2,25_1655_18_IFN2,21,263,264,26.35,10.5,14.1471060526129,545.319616305525
493593,IFN2,25_1655_IFN2,25_1655_19_IFN2,21,238,245,24.15,12,14.1471060526129,458.061880352068
493594,IFN2,25_1655_IFN2,25_1655_20_IFN2,21,202,200,20.1,12,31.8309886183791,317.308711994203
493595,IFN2,25_1655_IFN2,25_1655_21_IFN2,21,108,122,11.5,10,127.323954473516,103.868907109313
493596,IFN2,25_1655_IFN2,25_1655_22_IFN2,21,184,173,17.85,11,31.8309886183791,250.245526317103
493597,IFN2,25_1655_IFN2,25_1655_23_IFN2,21,100,105,10.25,8.5,127.323954473516,82.5158945419444
493598,IFN2,25_1655_IFN2,25_1655_24_IFN2,21,189,180,18.45,10.5,31.8309886183791,267.3514983159
493599,IFN2,25_1655_IFN2,25_1655_25_IFN2,21,206,216,21.1,12,31.8309886183791,349.667116326178
493600,IFN2,25_1655_IFN2,25_1655_26_IFN2,21,163,155,15.9,10,31.8309886183791,198.556509688509
493601,IFN2,25_1655_IFN2,25_1655_27_IFN2,21,229,241,23.5,10.5,14.1471060526129,433.736135736241
493602,IFN2,25_1655_IFN2,25_1655_28_IFN2,21,195,205,20,10.5,31.8309886183791,314.159265358979
493603,IFN2,25_1655_IFN2,25_1655_29_IFN2,21,184,192,18.8,10.5,31.8309886183791,277.591126871194
493604,IFN2,25_1655_IFN2,25_1655_30_IFN2,21,297,312,30.45,12,14.1471060526129,728.223140597523
493605,IFN2,25_1655_IFN2,25_1655_31_IFN2,21,283,287,28.5,12,14.1471060526129,637.939658219577
493606,IFN2,25_1655_IFN2,25_1655_32_IFN2,21,269,267,26.8,10.5,14.1471060526129,564.104376878583
493607,IFN2,25_1655_IFN2,25_1655_33_IFN2,21,223,213,21.8,10,31.8309886183791,373.252623173003
493608,IFN2,25_1655_IFN2,25_1655_34_IFN2,21,249,227,23.8,10.5,14.1471060526129,444.880935674851
493609,IFN2,25_1655_IFN2,25_1655_35_IFN2,21,270,262,26.6,10.5,14.1471060526129,555.716324493499
493610,IFN2,25_1655_IFN2,25_1655_36_IFN2,21,234,239,23.65,11,14.1471060526129,439.290864246869
493611,IFN2,25_1655_IFN2,25_1655_37_IFN2,21,209,204,20.65,11,31.8309886183791,334.911448331348
493612,IFN2,25_1655_IFN2,25_1655_38_IFN2,21,201,217,20.9,11,31.8309886183791,343.069771753639
493613,IFN2,25_1655_IFN2,25_1655_39_IFN2,21,187,186,18.65,10.5,31.8309886183791,273.179152688309
493614,IFN2,25_1655_IFN2,25_1655_40_IFN2,21,310,340,32.5,10.5,14.1471060526129,829.576810088555
493615,IFN2,25_1655_IFN2,25_1655_41_IFN2,21,190,171,18.05,10.5,31.8309886183791,255.884685130297
161575,IFN3,8_2029_IFN3,IFN3_8_2029_A_4_1_IFN3,21,126,141,13.35,7.3,31.8309886183791,139.975624176102
161576,IFN3,8_2029_IFN3,IFN3_8_2029_A_4_2_IFN3,21,136,139,13.75,7.1,31.8309886183791,148.48934026733
161577,IFN3,8_2029_IFN3,IFN3_8_2029_A_4_3_IFN3,21,156,161,15.85,6.9,31.8309886183791,197.309690104115
161578,IFN3,8_2029_IFN3,IFN3_8_2029_A_4_4_IFN3,25,167,159,16.3,8.1,31.8309886183791,208.672438033068
161579,IFN3,8_2029_IFN3,IFN3_8_2029_A_4_5_IFN3,21,169,157,16.3,7.3,31.8309886183791,208.672438033068
161580,IFN3,8_2029_IFN3,IFN3_8_2029_A_4_6_IFN3,21,142,132,13.7,6.9,31.8309886183791,147.411381288067
161581,IFN3,8_2029_IFN3,IFN3_8_2029_A_4_7_IFN3,21,132,112,12.2,6.8,127.323954473516,116.898662640076
161582,IFN3,8_2029_IFN3,IFN3_8_2029_A_4_8_IFN3,25,126,128,12.7,8,31.8309886183791,126.676869774374
161583,IFN3,8_2029_IFN3,IFN3_8_2029_A_4_9_IFN3,21,142,159,15.05,6.9,31.8309886183791,177.894647504931
161584,IFN3,8_2029_IFN3,IFN3_8_2029_A_4_10_IFN3,21,136,142,13.9,8,31.8309886183791,151.746779150021
711340,IFN3,25_647_IFN3,IFN3_25_647_A_1_1_IFN3,21,247,248,24.75,12,14.1471060526129,481.105462466149
711341,IFN3,25_647_IFN3,IFN3_25_647_A_1_2_IFN3,21,235,235,23.5,10,14.1471060526129,433.736135736241
711342,IFN3,25_647_IFN3,IFN3_25_647_A_1_3_IFN3,21,270,272,27.1,11,14.1471060526129,576.80426518072
711343,IFN3,25_647_IFN3,IFN3_25_647_A_1_4_IFN3,21,255,254,25.45,11,14.1471060526129,508.704353927936
711344,IFN3,25_647_IFN3,IFN3_25_647_A_1_5_IFN3,21,289,278,28.35,11.5,14.1471060526129,631.242175381206
711345,IFN3,25_647_IFN3,IFN3_25_647_A_1_6_IFN3,21,298,308,30.3,12,14.1471060526129,721.066199833563
711346,IFN3,25_647_IFN3,IFN3_25_647_A_1_7_IFN3,21,230,238,23.4,12.5,14.1471060526129,430.052618349907
711347,IFN3,25_647_IFN3,IFN3_25_647_A_1_8_IFN3,21,313,298,30.55,11,14.1471060526129,733.014069394247
711348,IFN3,25_647_IFN3,IFN3_25_647_A_1_9_IFN3,21,218,234,22.6,10.5,14.1471060526129,401.149965936881
711349,IFN3,25_647_IFN3,IFN3_25_647_A_1_10_IFN3,21,253,236,24.45,12.5,14.1471060526129,469.512985574403
711350,IFN3,25_647_IFN3,IFN3_25_647_A_1_11_IFN3,21,346,323,33.45,11.5,14.1471060526129,878.783968520813
711351,IFN3,25_647_IFN3,IFN3_25_647_A_1_12_IFN3,21,244,250,24.7,10.5,14.1471060526129,479.163565507149
711352,IFN3,25_647_IFN3,IFN3_25_647_A_1_13_IFN3,21,266,269,26.75,10.5,14.1471060526129,562.001473296087
711353,IFN3,25_647_IFN3,IFN3_25_647_A_1_14_IFN3,21,250,271,26.05,11,14.1471060526129,532.973157176917
711354,IFN3,25_647_IFN3,IFN3_25_647_A_1_15_IFN3,21,277,263,27,13.5,14.1471060526129,572.55526111674
711355,IFN3,25_647_IFN3,IFN3_25_647_A_1_16_IFN3,21,259,274,26.65,11.5,14.1471060526129,557.807447103544
711356,IFN3,25_647_IFN3,IFN3_25_647_A_1_17_IFN3,21,283,279,28.1,10.5,14.1471060526129,620.158243800259
711357,IFN3,25_647_IFN3,IFN3_25_647_A_1_18_IFN3,21,222,262,24.2,11.5,14.1471060526129,459.960580412082
711358,IFN3,25_647_IFN3,IFN3_25_647_A_1_19_IFN3,21,286,312,29.9,11.5,14.1471060526129,702.153812058953
711359,IFN3,25_647_IFN3,IFN3_25_647_A_1_20_IFN3,21,234,235,23.45,10,14.1471060526129,431.892413547665
711360,IFN3,25_647_IFN3,IFN3_25_647_A_1_21_IFN3,21,254,250,25.2,10.5,14.1471060526129,498.759249683916
711361,IFN3,25_647_IFN3,IFN3_25_647_A_1_22_IFN3,21,230,238,23.4,10.5,14.1471060526129,430.052618349907
711362,IFN3,25_647_IFN3,IFN3_25_647_A_1_23_IFN3,21,234,245,23.95,10.5,14.1471060526129,450.506350020185
711363,IFN3,25_647_IFN3,IFN3_25_647_A_1_24_IFN3,21,290,289,28.95,12,14.1471060526129,658.24416423881
711364,IFN3,25_647_IFN3,IFN3_25_647_A_1_25_IFN3,21,268,258,26.3,10.5,14.1471060526129,543.252055640381
711365,IFN3,25_647_IFN3,IFN3_25_647_A_1_26_IFN3,21,252,247,24.95,11,14.1471060526129,488.91232021032
711366,IFN3,25_647_IFN3,IFN3_25_647_A_1_27_IFN3,21,198,209,20.35,10.5,31.8309886183791,325.25105092156
711367,IFN3,25_647_IFN3,IFN3_25_647_A_1_28_IFN3,21,225,214,21.95,10.5,31.8309886183791,378.406798620299
711368,IFN3,25_647_IFN3,IFN3_25_647_A_1_29_IFN3,21,238,238,23.8,11.5,14.1471060526129,444.880935674851
711369,IFN3,25_647_IFN3,IFN3_25_647_A_1_30_IFN3,21,225,225,22.5,11,14.1471060526129,397.607820219958
711370,IFN3,25_647_IFN3,IFN3_25_647_A_1_31_IFN3,21,316,308,31.2,11,14.1471060526129,764.537988177612
711371,IFN3,25_647_IFN3,IFN3_25_647_A_1_32_IFN3,21,204,205,20.45,12,31.8309886183791,328.455475428221
711372,IFN3,25_647_IFN3,IFN3_25_647_A_1_33_IFN3,21,225,229,22.7,10,14.1471060526129,404.707819617071
711373,IFN3,25_647_IFN3,IFN3_25_647_A_1_34_IFN3,21,258,255,25.65,10.5,14.1471060526129,516.731123157858
711374,IFN3,25_647_IFN3,IFN3_25_647_A_1_35_IFN3,21,235,232,23.35,11,14.1471060526129,428.216750142965
711375,IFN3,25_647_IFN3,IFN3_25_647_A_1_36_IFN3,21,244,236,24,10.5,14.1471060526129,452.38934211693
711376,IFN3,25_647_IFN3,IFN3_25_647_A_1_37_IFN3,21,262,275,26.85,10.5,14.1471060526129,566.211207451897
719982,IFN3,25_977_IFN3,IFN3_25_977_A_1_1_IFN3,21,216,223,21.95,8,31.8309886183791,378.406798620299
719983,IFN3,25_977_IFN3,IFN3_25_977_A_1_2_IFN3,21,233,216,22.45,10,31.8309886183791,395.842637847722
719984,IFN3,25_977_IFN3,IFN3_25_977_A_1_3_IFN3,21,191,194,19.25,8.5,31.8309886183791,291.039106923967
719985,IFN3,25_977_IFN3,IFN3_25_977_A_1_4_IFN3,21,154,150,15.2,9,31.8309886183791,181.458391671346
719986,IFN3,25_977_IFN3,IFN3_25_977_A_1_5_IFN3,21,209,208,20.85,8,31.8309886183791,341.430253087547
719987,IFN3,25_977_IFN3,IFN3_25_977_A_1_6_IFN3,21,235,230,23.25,8.5,14.1471060526129,424.556794701533
719988,IFN3,25_977_IFN3,IFN3_25_977_A_1_7_IFN3,21,189,177,18.3,7.5,31.8309886183791,263.021990940171
719989,IFN3,25_977_IFN3,IFN3_25_977_A_1_8_IFN3,21,172,177,17.45,8,31.8309886183791,239.155704249931
719990,IFN3,25_977_IFN3,IFN3_25_977_A_1_9_IFN3,21,164,161,16.25,8.5,31.8309886183791,207.394202522139
719991,IFN3,25_977_IFN3,IFN3_25_977_A_1_10_IFN3,21,161,142,15.15,7.5,31.8309886183791,180.266549958391
719992,IFN3,25_977_IFN3,IFN3_25_977_A_1_11_IFN3,21,193,200,19.65,7,31.8309886183791,303.259902346431
719993,IFN3,25_977_IFN3,IFN3_25_977_A_1_12_IFN3,21,257,246,25.15,10,14.1471060526129,496.782009807562
719994,IFN3,25_977_IFN3,IFN3_25_977_A_1_13_IFN3,21,172,174,17.3,8,31.8309886183791,235.061816323222
719995,IFN3,25_977_IFN3,IFN3_25_977_A_1_14_IFN3,21,195,196,19.55,8,31.8309886183791,300.181141545913
719996,IFN3,25_977_IFN3,IFN3_25_977_A_1_15_IFN3,26,126,129,12.75,7.5,31.8309886183791,127.676288937298
719997,IFN3,25_977_IFN3,IFN3_25_977_A_1_16_IFN3,21,153,158,15.55,8.5,31.8309886183791,189.911239404911
726850,IFN3,25_1277_IFN3,IFN3_25_1277_A_4_1_IFN3,45,80,85,8.25,3.5,127.323954473516,53.4561624962388
726851,IFN3,25_1277_IFN3,IFN3_25_1277_A_4_2_IFN3,45,102,83,9.25,3.5,127.323954473516,67.2006303556942
726852,IFN3,25_1277_IFN3,IFN3_25_1277_A_4_3_IFN3,45,93,111,10.2,3.5,127.323954473516,81.7128249198705
726853,IFN3,25_1277_IFN3,IFN3_25_1277_A_4_4_IFN3,45,101,108,10.45,3.5,127.323954473516,85.7674429384098
726854,IFN3,25_1277_IFN3,IFN3_25_1277_A_4_5_IFN3,21,125,125,12.5,5,31.8309886183791,122.718463030851
726855,IFN3,25_1277_IFN3,IFN3_25_1277_A_4_6_IFN3,21,162,156,15.9,6.5,31.8309886183791,198.556509688509
726856,IFN3,25_1277_IFN3,IFN3_25_1277_A_4_7_IFN3,21,141,139,14,6.5,31.8309886183791,153.9380400259
726857,IFN3,25_1277_IFN3,IFN3_25_1277_A_4_8_IFN3,21,108,116,11.2,4.5,127.323954473516,98.5203456165759
726858,IFN3,25_1277_IFN3,IFN3_25_1277_A_4_9_IFN3,21,174,177,17.55,6.5,31.8309886183791,241.904597821823
726859,IFN3,25_1277_IFN3,IFN3_25_1277_A_4_10_IFN3,21,77,77,7.7,3,127.323954473516,46.5662571078347
729825,IFN3,25_1456_IFN3,IFN3_25_1456_A_4_1_IFN3,22,151,151,15.1,14,31.8309886183791,179.078635236252
729826,IFN3,25_1456_IFN3,IFN3_25_1456_A_4_2_IFN3,22,250,194,22.2,12.2,31.8309886183791,387.075630848798
729827,IFN3,25_1456_IFN3,IFN3_25_1456_A_4_3_IFN3,22,255,239,24.7,11.5,14.1471060526129,479.163565507149
729828,IFN3,25_1456_IFN3,IFN3_25_1456_A_4_4_IFN3,22,143,139,14.1,12.1,31.8309886183791,156.145008865047
729829,IFN3,25_1456_IFN3,IFN3_25_1456_A_4_5_IFN3,22,140,138,13.9,6.5,31.8309886183791,151.746779150021
729830,IFN3,25_1456_IFN3,IFN3_25_1456_A_4_6_IFN3,22,234,234,23.4,12.9,14.1471060526129,430.052618349907
729831,IFN3,25_1456_IFN3,IFN3_25_1456_A_4_7_IFN3,22,184,198,19.1,11.5,31.8309886183791,286.521103989023
729832,IFN3,25_1456_IFN3,IFN3_25_1456_A_4_8_IFN3,22,176,178,17.7,11.5,31.8309886183791,246.057390610787
729833,IFN3,25_1456_IFN3,IFN3_25_1456_A_4_9_IFN3,22,158,159,15.85,11.9,31.8309886183791,197.309690104115
729834,IFN3,25_1456_IFN3,IFN3_25_1456_A_4_10_IFN3,22,144,143,14.35,10.9,31.8309886183791,161.731153302211
729835,IFN3,25_1456_IFN3,IFN3_25_1456_A_4_11_IFN3,22,240,254,24.7,14.5,14.1471060526129,479.163565507149
729836,IFN3,25_1456_IFN3,IFN3_25_1456_A_4_12_IFN3,22,254,256,25.5,14.8,14.1471060526129,510.705155749191
729837,IFN3,25_1456_IFN3,IFN3_25_1456_A_4_13_IFN3,22,254,252,25.3,14.5,14.1471060526129,502.725510409073
729838,IFN3,25_1456_IFN3,IFN3_25_1456_A_4_14_IFN3,22,75,82,7.85,7.7,127.323954473516,48.3981983239592
729839,IFN3,25_1456_IFN3,IFN3_25_1456_A_4_15_IFN3,22,236,233,23.45,12.2,14.1471060526129,431.892413547665
729840,IFN3,25_1456_IFN3,IFN3_25_1456_A_4_16_IFN3,22,254,265,25.95,13.5,14.1471060526129,528.88908672725
729841,IFN3,25_1456_IFN3,IFN3_25_1456_A_4_17_IFN3,22,262,261,26.15,14.3,14.1471060526129,537.072935589851
729842,IFN3,25_1456_IFN3,IFN3_25_1456_A_4_18_IFN3,22,144,139,14.15,10.4,31.8309886183791,157.254383770846
729843,IFN3,25_1456_IFN3,IFN3_25_1456_A_4_19_IFN3,22,282,265,27.35,13.3,14.1471060526129,587.495497679968
729844,IFN3,25_1456_IFN3,IFN3_25_1456_A_4_20_IFN3,22,244,239,24.15,12.8,14.1471060526129,458.061880352068
729845,IFN3,25_1456_IFN3,IFN3_25_1456_A_4_21_IFN3,22,163,153,15.8,11.8,31.8309886183791,196.066797510539
729846,IFN3,25_1456_IFN3,IFN3_25_1456_A_4_22_IFN3,22,163,171,16.7,10.9,31.8309886183791,219.039693789914
729847,IFN3,25_1456_IFN3,IFN3_25_1456_A_4_23_IFN3,21,394,370,38.2,15.7,14.1471060526129,1146.08441595609
729848,IFN3,25_1456_IFN3,IFN3_25_1456_A_4_24_IFN3,22,91,84,8.75,7.4,127.323954473516,60.1320468851171
729849,IFN3,25_1456_IFN3,IFN3_25_1456_A_4_25_IFN3,22,189,190,18.95,12.4,31.8309886183791,282.038443971432
729850,IFN3,25_1456_IFN3,IFN3_25_1456_A_4_26_IFN3,22,179,172,17.55,12.3,31.8309886183791,241.904597821823
729851,IFN3,25_1456_IFN3,IFN3_25_1456_A_4_27_IFN3,22,286,289,28.75,16,14.1471060526129,649.180669433203
729852,IFN3,25_1456_IFN3,IFN3_25_1456_A_4_28_IFN3,22,176,176,17.6,13.8,31.8309886183791,243.284935093994
729853,IFN3,25_1456_IFN3,IFN3_25_1456_A_4_29_IFN3,22,439,419,42.9,17.8,5.09295817894065,1445.4546338983
729854,IFN3,25_1456_IFN3,IFN3_25_1456_A_4_30_IFN3,22,213,201,20.7,15.7,31.8309886183791,336.535259034173
729855,IFN3,25_1456_IFN3,IFN3_25_1456_A_4_31_IFN3,22,268,273,27.05,16,14.1471060526129,574.677799653321
729856,IFN3,25_1456_IFN3,IFN3_25_1456_A_4_32_IFN3,22,335,347,34.1,17.6,14.1471060526129,913.268838380187
729857,IFN3,25_1456_IFN3,IFN3_25_1456_A_4_33_IFN3,22,230,240,23.5,13.8,14.1471060526129,433.736135736241
729858,IFN3,25_1456_IFN3,IFN3_25_1456_A_4_34_IFN3,22,172,170,17.1,12.7,31.8309886183791,229.658276959048
729859,IFN3,25_1456_IFN3,IFN3_25_1456_A_4_35_IFN3,22,96,94,9.5,6,127.323954473516,70.8821842466197
729860,IFN3,25_1456_IFN3,IFN3_25_1456_A_4_36_IFN3,22,154,158,15.6,13.1,31.8309886183791,191.134497044403
729861,IFN3,25_1456_IFN3,IFN3_25_1456_A_4_37_IFN3,21,311,317,31.4,13.7,14.1471060526129,774.371173183348
729862,IFN3,25_1456_IFN3,IFN3_25_1456_A_4_38_IFN3,22,116,112,11.4,11.2,127.323954473516,102.070345315132
729863,IFN3,25_1456_IFN3,IFN3_25_1456_A_4_39_IFN3,22,159,160,15.95,12,31.8309886183791,199.807256263719
729864,IFN3,25_1456_IFN3,IFN3_25_1456_A_4_40_IFN3,22,191,184,18.75,12.1,31.8309886183791,276.116541819415
729865,IFN3,25_1456_IFN3,IFN3_25_1456_A_4_41_IFN3,22,226,244,23.5,11.3,14.1471060526129,433.736135736241
729866,IFN3,25_1456_IFN3,IFN3_25_1456_A_4_42_IFN3,22,306,282,29.4,13.9,14.1471060526129,678.866756514218
738009,IFN3,25_1825_IFN3,IFN3_25_1825_A_1_1_IFN3,45,125,125,12.5,6,31.8309886183791,122.718463030851
738010,IFN3,25_1825_IFN3,IFN3_25_1825_A_1_2_IFN3,45,165,138,15.15,5.5,31.8309886183791,180.266549958391
738011,IFN3,25_1825_IFN3,IFN3_25_1825_A_1_3_IFN3,45,145,130,13.75,6.5,31.8309886183791,148.48934026733
738012,IFN3,25_1825_IFN3,IFN3_25_1825_A_1_4_IFN3,45,125,151,13.8,6,31.8309886183791,149.57122623741
738013,IFN3,25_1825_IFN3,IFN3_25_1825_A_1_5_IFN3,45,136,126,13.1,6,31.8309886183791,134.782178820636
738014,IFN3,25_1825_IFN3,IFN3_25_1825_A_1_6_IFN3,45,162,160,16.1,7,31.8309886183791,203.583057934253
738015,IFN3,25_1825_IFN3,IFN3_25_1825_A_1_7_IFN3,45,176,188,18.2,6,31.8309886183791,260.155287643771
738016,IFN3,25_1825_IFN3,IFN3_25_1825_A_1_8_IFN3,45,176,165,17.05,6,31.8309886183791,228.317209595047
738017,IFN3,25_1825_IFN3,IFN3_25_1825_A_1_9_IFN3,45,170,164,16.7,6,31.8309886183791,219.039693789914
738018,IFN3,25_1825_IFN3,IFN3_25_1825_A_1_10_IFN3,45,155,181,16.8,6.5,31.8309886183791,221.670777637296
738019,IFN3,25_1825_IFN3,IFN3_25_1825_A_1_11_IFN3,21,159,148,15.35,8.5,31.8309886183791,185.057478755115
738020,IFN3,25_1825_IFN3,IFN3_25_1825_A_1_12_IFN3,21,136,119,12.75,7.5,31.8309886183791,127.676288937298
738021,IFN3,25_1825_IFN3,IFN3_25_1825_A_1_13_IFN3,21,144,137,14.05,8,31.8309886183791,155.039560950065
738022,IFN3,25_1825_IFN3,IFN3_25_1825_A_1_14_IFN3,21,132,136,13.4,8,31.8309886183791,141.026094219646
738023,IFN3,25_1825_IFN3,IFN3_25_1825_A_1_15_IFN3,21,197,190,19.35,8,31.8309886183791,294.070743834681
738024,IFN3,25_1825_IFN3,IFN3_25_1825_A_1_16_IFN3,21,130,130,13,7,31.8309886183791,132.732289614169
738025,IFN3,25_1825_IFN3,IFN3_25_1825_A_1_17_IFN3,21,138,144,14.1,8.5,31.8309886183791,156.145008865047
738026,IFN3,25_1825_IFN3,IFN3_25_1825_A_1_18_IFN3,21,108,106,10.7,7.5,127.323954473516,89.9202357273738
738027,IFN3,25_1825_IFN3,IFN3_25_1825_A_1_19_IFN3,21,133,130,13.15,7.5,31.8309886183791,135.813013910095
738028,IFN3,25_1825_IFN3,IFN3_25_1825_A_1_20_IFN3,21,140,139,13.95,7,31.8309886183791,152.840446092552
738029,IFN3,25_1825_IFN3,IFN3_25_1825_A_1_21_IFN3,21,162,159,16.05,7.5,31.8309886183791,202.320530386591
738030,IFN3,25_1825_IFN3,IFN3_25_1825_A_1_22_IFN3,21,172,165,16.85,6.5,31.8309886183791,222.992210047212
738031,IFN3,25_1825_IFN3,IFN3_25_1825_A_1_23_IFN3,21,144,145,14.45,8,31.8309886183791,163.993100012796
738032,IFN3,25_1825_IFN3,IFN3_25_1825_A_1_24_IFN3,21,149,146,14.75,7,31.8309886183791,170.873187924157
738033,IFN3,25_1825_IFN3,IFN3_25_1825_A_1_25_IFN3,21,134,130,13.2,7,31.8309886183791,136.847775990371
738034,IFN3,25_1825_IFN3,IFN3_25_1825_A_1_26_IFN3,21,152,152,15.2,7.5,31.8309886183791,181.458391671346
738035,IFN3,25_1825_IFN3,IFN3_25_1825_A_1_27_IFN3,21,134,117,12.55,7,31.8309886183791,123.702174230507
738036,IFN3,25_1825_IFN3,IFN3_25_1825_A_1_28_IFN3,21,157,167,16.2,8.5,31.8309886183791,206.119894002026
738037,IFN3,25_1825_IFN3,IFN3_25_1825_A_1_29_IFN3,21,133,138,13.55,7,31.8309886183791,144.20106629518
738038,IFN3,25_1825_IFN3,IFN3_25_1825_A_1_30_IFN3,21,170,170,17,8,31.8309886183791,226.980069221863
738039,IFN3,25_1825_IFN3,IFN3_25_1825_A_1_31_IFN3,21,170,162,16.6,7.5,31.8309886183791,216.424317905801
738040,IFN3,25_1825_IFN3,IFN3_25_1825_A_1_32_IFN3,21,135,135,13.5,7.5,31.8309886183791,143.138815279185
738041,IFN3,25_1825_IFN3,IFN3_25_1825_A_1_33_IFN3,45,279,299,28.9,5.5,14.1471060526129,655.972400051183
738042,IFN3,25_1825_IFN3,IFN3_25_1825_A_1_34_IFN3,45,213,238,22.55,5.5,14.1471060526129,399.376929583011
738043,IFN3,25_1825_IFN3,IFN3_25_1825_A_1_35_IFN3,21,187,180,18.35,7.5,31.8309886183791,264.461233074597
738044,IFN3,25_1825_IFN3,IFN3_25_1825_A_1_36_IFN3,21,161,171,16.6,7.5,31.8309886183791,216.424317905801
738045,IFN3,25_1825_IFN3,IFN3_25_1825_A_1_37_IFN3,45,280,294,28.7,6.5,14.1471060526129,646.924613208844
738046,IFN3,25_1825_IFN3,IFN3_25_1825_A_1_38_IFN3,21,215,215,21.5,8.5,31.8309886183791,363.05030103047
738047,IFN3,25_1825_IFN3,IFN3_25_1825_A_1_39_IFN3,21,157,161,15.9,8.5,31.8309886183791,198.556509688509
738048,IFN3,25_1825_IFN3,IFN3_25_1825_A_1_40_IFN3,21,180,180,18,8.5,31.8309886183791,254.469004940773
