"","Provincia","Estadillo","TREE_ID_IFN2","rumbo","distancia","specie","dbh_1","dbh_2","height","quality","shape","special_param","INVENTORY_ID","PLOT_ID","TREE_ID","IFN_TREE_ID","dbh","expan","basal_area"
"94294",8,1264,1,45," 1.7",21,114,114,5.5,2,3,"","IFN2","8_1264","8_1264_1","IFN2_8_1264_1",11.4,127.323954473516,102.070345315132
"94295",8,1264,2,61," 3.6",21,133,139,5.5,2,3,"","IFN2","8_1264","8_1264_2","IFN2_8_1264_2",13.6,31.8309886183791,145.267244301992
"94296",8,1264,3,70," 9.7",21,183,178,7,2,2,"","IFN2","8_1264","8_1264_3","IFN2_8_1264_3",18.05,31.8309886183791,255.884685130297
"94297",8,1264,4,71," 2.2",21,114,117,5.5,2,3,"","IFN2","8_1264","8_1264_4","IFN2_8_1264_4",11.55,127.323954473516,104.774078492628
"94298",8,1264,5,78," 5.0",21,101,103,4.5,2,3,"","IFN2","8_1264","8_1264_5","IFN2_8_1264_5",10.2,127.323954473516,81.7128249198705
"94299",8,1264,6,124," 9.2",21,144,148,6,2,2,"","IFN2","8_1264","8_1264_6","IFN2_8_1264_6",14.6,31.8309886183791,167.4154725098
"94300",8,1264,7,146," 2.5",21,82,82,4,2,3,"","IFN2","8_1264","8_1264_7","IFN2_8_1264_7",8.2,127.323954473516,52.8101725068444
"94301",8,1264,8,288," 2.1",21,91,88,4.5,2,3,"","IFN2","8_1264","8_1264_8","IFN2_8_1264_8",8.95,127.323954473516,62.9123563835441
"94302",8,1264,9,292," 7.7",21,136,134,5,2,3,"","IFN2","8_1264","8_1264_9","IFN2_8_1264_9",13.5,31.8309886183791,143.138815279185
"94303",8,1264,10,315," 6.2",21,139,132,4.5,2,3,"","IFN2","8_1264","8_1264_10","IFN2_8_1264_10",13.55,31.8309886183791,144.20106629518
"94304",8,1264,11,321," 8.9",21,129,131,6,2,3,"","IFN2","8_1264","8_1264_11","IFN2_8_1264_11",13,31.8309886183791,132.732289614169
"94305",8,1264,12,329," 2.0",21,96,92,4,2,3,"","IFN2","8_1264","8_1264_12","IFN2_8_1264_12",9.4,127.323954473516,69.3977817177985
"94306",8,1264,13,329," 9.0",21,142,144,6,2,2,"","IFN2","8_1264","8_1264_13","IFN2_8_1264_13",14.3,31.8309886183791,160.606070433144
"94307",8,1264,14,337," 8.2",21,135,133,6,2,3,"","IFN2","8_1264","8_1264_14","IFN2_8_1264_14",13.4,31.8309886183791,141.026094219646
"94308",8,1264,15,345," 4.9",21,145,146,5,2,3,"","IFN2","8_1264","8_1264_15","IFN2_8_1264_15",14.55,31.8309886183791,166.270754686648
"94309",8,1264,16,397," 4.5",21,114,110,5,2,3,"","IFN2","8_1264","8_1264_16","IFN2_8_1264_16",11.2,127.323954473516,98.5203456165759
"101863",8,2029,1,15," 1.4",25,86,88,4,2,3,"","IFN2","8_2029","8_2029_1","IFN2_8_2029_1",8.7,127.323954473516,59.4467869875528
"101864",8,2029,2,24," 4.8",21,76,78,3,2,3,"","IFN2","8_2029","8_2029_2","IFN2_8_2029_2",7.7,127.323954473516,46.5662571078347
"101865",8,2029,3,25," 2.5",21,85,82,3.5,2,3,"","IFN2","8_2029","8_2029_3","IFN2_8_2029_3",8.35,127.323954473516,54.7599234474786
"101866",8,2029,4,70," 4.8",21,98,104,4,2,3,"","IFN2","8_2029","8_2029_4","IFN2_8_2029_4",10.1,127.323954473516,80.1184666481737
"101867",8,2029,5,156," 4.0",21,94,95,4.5,2,3,"","IFN2","8_2029","8_2029_5","IFN2_8_2029_5",9.45,127.323954473516,70.1380194868006
"101868",8,2029,6,180," 5.1",21,91,91,4.5,2,3,"","IFN2","8_2029","8_2029_6","IFN2_8_2029_6",9.1,127.323954473516,65.0388219109427
"299284",17,526,1,51," 9.6",21,134,136,5.5,2,3,"","IFN2","17_526","17_526_1","IFN2_17_526_1",13.5,31.8309886183791,143.138815279185
"299285",17,526,2,137," 4.4",21,93,88,5.5,2,3,"","IFN2","17_526","17_526_2","IFN2_17_526_2",9.05,127.323954473516,64.3260730776595
"299286",17,526,3,175," 3.8",21,91,86,5,2,3,"","IFN2","17_526","17_526_3","IFN2_17_526_3",8.85,127.323954473516,61.5143476526966
"299287",17,526,4,176," 3.3",21,120,117,5,2,3,"","IFN2","17_526","17_526_4","IFN2_17_526_4",11.85,127.323954473516,110.287573599678
"299288",17,526,5,241," 6.3",21,133,135,5,2,3,"","IFN2","17_526","17_526_5","IFN2_17_526_5",13.4,31.8309886183791,141.026094219646
"482459",25,965,1,8," 9.1",21,125,133,5.5,2,3,"","IFN2","25_965","25_965_1","IFN2_25_965_1",12.9,31.8309886183791,130.698108370969
"482460",25,965,2,15," 5.0",21,118,117,6,2,3,"","IFN2","25_965","25_965_2","IFN2_25_965_2",11.75,127.323954473516,108.43403393406
"482461",25,965,3,87," 4.2",21,124,120,5,2,3,"","IFN2","25_965","25_965_3","IFN2_25_965_3",12.2,127.323954473516,116.898662640076
"482462",25,965,4,88," 2.6",21,88,90,4.5,2,3,"","IFN2","25_965","25_965_4","IFN2_25_965_4",8.9,127.323954473516,62.2113885227119
"482463",25,965,5,89," 3.9",21,102,98,5.5,2,3,"","IFN2","25_965","25_965_5","IFN2_25_965_5",10,127.323954473516,78.5398163397448
"482464",25,965,6,135," 8.1",21,145,138,4.5,2,3,"","IFN2","25_965","25_965_6","IFN2_25_965_6",14.15,31.8309886183791,157.254383770846
"482465",25,965,7,274," 5.2",21,88,85,4.5,2,3,"2","IFN2","25_965","25_965_7","IFN2_25_965_7",8.65,127.323954473516,58.7654540808056
"482466",25,965,8,351," 4.3",21,120,120,5,2,3,"","IFN2","25_965","25_965_8","IFN2_25_965_8",12,127.323954473516,113.097335529233
"482467",25,965,9,365," 8.7",21,147,153,6.5,2,3,"2","IFN2","25_965","25_965_9","IFN2_25_965_9",15,31.8309886183791,176.714586764426
"482468",25,965,10,371," 4.1",21,120,113,5.5,2,3,"","IFN2","25_965","25_965_10","IFN2_25_965_10",11.65,127.323954473516,106.59620223171
"482469",25,965,11,395," 4.2",21,104,104,5,2,3,"1","IFN2","25_965","25_965_11","IFN2_25_965_11",10.4,127.323954473516,84.948665353068
"482713",25,975,1,22," 4.5",21,173,176,7.5,2,2,"","IFN2","25_975","25_975_1","IFN2_25_975_1",17.45,31.8309886183791,239.155704249931
"482714",25,975,2,24," 7.2",21,171,163,7.5,2,2,"","IFN2","25_975","25_975_2","IFN2_25_975_2",16.7,31.8309886183791,219.039693789914
"482715",25,975,3,37,"13.1",21,230,237,8.5,2,2,"","IFN2","25_975","25_975_3","IFN2_25_975_3",23.35,14.1471060526129,428.216750142965
"482716",25,975,4,46," 4.5",21,163,156,7,3,2,"","IFN2","25_975","25_975_4","IFN2_25_975_4",15.95,31.8309886183791,199.807256263719
"482717",25,975,5,50," 6.6",21,159,154,8,2,2,"","IFN2","25_975","25_975_5","IFN2_25_975_5",15.65,31.8309886183791,192.361681674712
"482718",25,975,6,54," 6.4",21,127,128,7.5,2,2,"","IFN2","25_975","25_975_6","IFN2_25_975_6",12.75,31.8309886183791,127.676288937298
"482719",25,975,7,67," 5.3",21,156,153,8,2,2,"1","IFN2","25_975","25_975_7","IFN2_25_975_7",15.45,31.8309886183791,187.476505098379
"482720",25,975,8,117,"11.8",21,229,229,8,2,2,"","IFN2","25_975","25_975_8","IFN2_25_975_8",22.9,14.1471060526129,411.870650867256
"482721",25,975,9,140," 7.7",21,199,194,9,2,2,"","IFN2","25_975","25_975_9","IFN2_25_975_9",19.65,31.8309886183791,303.259902346431
"482722",25,975,10,145," 3.0",73,156,159,8.5,2,2,"9","IFN2","25_975","25_975_10","IFN2_25_975_10",15.75,31.8309886183791,194.82783190778
"482723",25,975,11,154," 3.5",73,139,132,9,2,2,"9","IFN2","25_975","25_975_11","IFN2_25_975_11",13.55,31.8309886183791,144.20106629518
"482724",25,975,12,161," 9.6",21,193,178,9,2,2,"","IFN2","25_975","25_975_12","IFN2_25_975_12",18.55,31.8309886183791,270.25747152047
"482725",25,975,13,167," 8.6",21,150,152,9,2,2,"","IFN2","25_975","25_975_13","IFN2_25_975_13",15.1,31.8309886183791,179.078635236252
"482726",25,975,14,179," 9.7",21,196,197,9,2,2,"","IFN2","25_975","25_975_14","IFN2_25_975_14",19.65,31.8309886183791,303.259902346431
"482727",25,975,15,186," 6.6",21,139,138,8.5,2,2,"","IFN2","25_975","25_975_15","IFN2_25_975_15",13.85,31.8309886183791,150.657039198307
"482728",25,975,16,198," 6.0",21,189,185,9.5,2,2,"","IFN2","25_975","25_975_16","IFN2_25_975_16",18.7,31.8309886183791,274.645883758454
"482729",25,975,17,206," 2.1",21,162,162,7.5,2,2,"","IFN2","25_975","25_975_17","IFN2_25_975_17",16.2,31.8309886183791,206.119894002026
"482730",25,975,18,231," 4.7",21,132,103,8.5,2,3,"2","IFN2","25_975","25_975_18","IFN2_25_975_18",11.75,127.323954473516,108.43403393406
"482731",25,975,19,232," 5.0",21,80,79,7,3,3,"","IFN2","25_975","25_975_19","IFN2_25_975_19",7.95,127.323954473516,49.6391274221272
"482732",25,975,20,236," 8.5",21,141,149,7.5,2,2,"","IFN2","25_975","25_975_20","IFN2_25_975_20",14.5,31.8309886183791,165.129963854314
"482733",25,975,21,247," 5.3",21,124,135,8,2,2,"","IFN2","25_975","25_975_21","IFN2_25_975_21",12.95,31.8309886183791,131.713235497161
"482734",25,975,22,253," 5.1",21,168,168,7.5,2,2,"","IFN2","25_975","25_975_22","IFN2_25_975_22",16.8,31.8309886183791,221.670777637296
"482735",25,975,23,291,"11.7",21,227,227,9,2,2,"1","IFN2","25_975","25_975_23","IFN2_25_975_23",22.7,14.1471060526129,404.707819617071
"482736",25,975,24,308," 9.7",21,185,195,7.5,2,2,"","IFN2","25_975","25_975_24","IFN2_25_975_24",19,31.8309886183791,283.528736986479
"482737",25,975,25,333,"12.1",21,222,231,7.5,2,2,"","IFN2","25_975","25_975_25","IFN2_25_975_25",22.65,14.1471060526129,402.926929281567
"482738",25,975,26,336," 9.1",21,133,140,5,2,5,"","IFN2","25_975","25_975_26","IFN2_25_975_26",13.65,31.8309886183791,146.337349299621
"482739",25,975,27,381,"12.5",21,227,224,8,2,2,"","IFN2","25_975","25_975_27","IFN2_25_975_27",22.55,14.1471060526129,399.376929583011
"482740",25,975,28,382," 8.3",21,125,125,6.5,2,3,"","IFN2","25_975","25_975_28","IFN2_25_975_28",12.5,31.8309886183791,122.718463030851
"482741",25,976,1,3," 9.7",21,128,132,7.5,2,2,"","IFN2","25_976","25_976_1","IFN2_25_976_1",13,31.8309886183791,132.732289614169
"482742",25,976,2,5," 2.4",21,159,153,7.2,2,2,"","IFN2","25_976","25_976_2","IFN2_25_976_2",15.6,31.8309886183791,191.134497044403
"482743",25,976,3,10," 8.0",21,164,175,7.5,2,2,"","IFN2","25_976","25_976_3","IFN2_25_976_3",16.95,31.8309886183791,225.646855839495
"482744",25,976,4,22," 6.5",21,146,146,7.5,2,2,"","IFN2","25_976","25_976_4","IFN2_25_976_4",14.6,31.8309886183791,167.4154725098
"482745",25,976,5,41," 5.7",21,170,171,8,2,2,"","IFN2","25_976","25_976_5","IFN2_25_976_5",17.05,31.8309886183791,228.317209595047
"482746",25,976,6,46," 1.3",21,121,127,7,2,5,"","IFN2","25_976","25_976_6","IFN2_25_976_6",12.4,127.323954473516,120.762821603992
"482747",25,976,7,55," 8.3",21,144,148,8,2,2,"","IFN2","25_976","25_976_7","IFN2_25_976_7",14.6,31.8309886183791,167.4154725098
"482748",25,976,8,69," 5.1",21,156,152,7.5,2,3,"1","IFN2","25_976","25_976_8","IFN2_25_976_8",15.4,31.8309886183791,186.265028431339
"482749",25,976,9,84," 8.1",21,153,153,8,2,2,"","IFN2","25_976","25_976_9","IFN2_25_976_9",15.3,31.8309886183791,183.853856069709
"482750",25,976,10,84," 1.0",21,79,81,6.5,3,5,"","IFN2","25_976","25_976_10","IFN2_25_976_10",8,127.323954473516,50.2654824574367
"482751",25,976,11,95," 5.4",21,158,158,7.5,2,2,"","IFN2","25_976","25_976_11","IFN2_25_976_11",15.8,31.8309886183791,196.066797510539
"482752",25,976,12,97," 8.5",21,146,141,8.5,2,2,"","IFN2","25_976","25_976_12","IFN2_25_976_12",14.35,31.8309886183791,161.731153302211
"482753",25,976,13,107," 9.2",21,158,153,8.5,2,2,"1","IFN2","25_976","25_976_13","IFN2_25_976_13",15.55,31.8309886183791,189.911239404911
"482754",25,976,14,113," 6.2",21,128,129,7.5,2,3,"","IFN2","25_976","25_976_14","IFN2_25_976_14",12.85,31.8309886183791,129.686908235595
"482755",25,976,15,119," 1.7",21,130,141,7,2,2,"","IFN2","25_976","25_976_15","IFN2_25_976_15",13.55,31.8309886183791,144.20106629518
"482756",25,976,16,124," 7.2",21,156,161,7.5,2,2,"1","IFN2","25_976","25_976_16","IFN2_25_976_16",15.85,31.8309886183791,197.309690104115
"482757",25,976,17,133," 8.4",21,153,142,6.5,2,3,"1","IFN2","25_976","25_976_17","IFN2_25_976_17",14.75,31.8309886183791,170.873187924157
"482758",25,976,18,140," 9.8",21,140,141,7,2,3,"","IFN2","25_976","25_976_18","IFN2_25_976_18",14.05,31.8309886183791,155.039560950065
"482759",25,976,19,145," 3.3",21,112,111,6,2,3,"","IFN2","25_976","25_976_19","IFN2_25_976_19",11.15,127.323954473516,97.6426631689793
"482760",25,976,20,146," 2.9",21,90,90,6.5,2,3,"","IFN2","25_976","25_976_20","IFN2_25_976_20",9,127.323954473516,63.6172512351933
"482761",25,976,21,153," 4.6",21,88,93,6.5,2,3,"","IFN2","25_976","25_976_21","IFN2_25_976_21",9.05,127.323954473516,64.3260730776595
"482762",25,976,22,154," 6.2",21,174,169,7,2,2,"1","IFN2","25_976","25_976_22","IFN2_25_976_22",17.15,31.8309886183791,231.003271313866
"482763",25,976,23,185," 9.8",21,134,143,7,2,2,"","IFN2","25_976","25_976_23","IFN2_25_976_23",13.85,31.8309886183791,150.657039198307
"482764",25,976,24,187," 8.5",21,122,136,7,2,2,"","IFN2","25_976","25_976_24","IFN2_25_976_24",12.9,31.8309886183791,130.698108370969
"482765",25,976,25,205," 4.4",21,128,129,7,2,2,"","IFN2","25_976","25_976_25","IFN2_25_976_25",12.85,31.8309886183791,129.686908235595
"482766",25,976,26,212," 4.5",21,89,84,5,3,3,"","IFN2","25_976","25_976_26","IFN2_25_976_26",8.65,127.323954473516,58.7654540808056
"482767",25,976,27,220," 3.3",21,117,124,7.5,2,3,"1","IFN2","25_976","25_976_27","IFN2_25_976_27",12.05,127.323954473516,114.041776820718
"482768",25,976,28,243," 2.6",21,160,167,8,2,2,"","IFN2","25_976","25_976_28","IFN2_25_976_28",16.35,31.8309886183791,209.954600534814
"482769",25,976,29,244," 8.7",21,145,149,8,2,2,"","IFN2","25_976","25_976_29","IFN2_25_976_29",14.7,31.8309886183791,169.716689128555
"482770",25,976,30,277," 7.9",21,149,143,7,2,2,"1","IFN2","25_976","25_976_30","IFN2_25_976_30",14.6,31.8309886183791,167.4154725098
"482771",25,976,31,290," 8.2",21,128,127,6.5,2,2,"","IFN2","25_976","25_976_31","IFN2_25_976_31",12.75,31.8309886183791,127.676288937298
"482772",25,976,32,302," 2.7",21,127,124,7.5,2,2,"","IFN2","25_976","25_976_32","IFN2_25_976_32",12.55,31.8309886183791,123.702174230507
"482773",25,976,33,305," 9.8",21,155,155,7,2,2,"","IFN2","25_976","25_976_33","IFN2_25_976_33",15.5,31.8309886183791,188.691908756237
"482774",25,976,34,322," 3.6",21,182,171,8,2,2,"1","IFN2","25_976","25_976_34","IFN2_25_976_34",17.65,31.8309886183791,244.669199356982
"482775",25,976,35,331," 4.3",21,103,104,7.5,2,3,"","IFN2","25_976","25_976_35","IFN2_25_976_35",10.35,127.323954473516,84.1338147585431
"482776",25,976,36,343," 5.6",21,126,125,8,2,2,"","IFN2","25_976","25_976_36","IFN2_25_976_36",12.55,31.8309886183791,123.702174230507
"482777",25,976,37,347," 6.8",21,182,180,8,2,2,"","IFN2","25_976","25_976_37","IFN2_25_976_37",18.1,31.8309886183791,257.304292310638
"482778",25,976,38,354," 9.4",21,137,135,7.5,2,2,"","IFN2","25_976","25_976_38","IFN2_25_976_38",13.6,31.8309886183791,145.267244301992
"482779",25,976,39,375," 9.9",21,138,134,6.5,2,2,"","IFN2","25_976","25_976_39","IFN2_25_976_39",13.6,31.8309886183791,145.267244301992
"482780",25,976,40,376," 8.2",21,165,161,7,2,2,"","IFN2","25_976","25_976_40","IFN2_25_976_40",16.3,31.8309886183791,208.672438033068
"482781",25,976,41,381," 6.9",21,124,131,6.5,2,2,"","IFN2","25_976","25_976_41","IFN2_25_976_41",12.75,31.8309886183791,127.676288937298
"482782",25,976,42,385," 5.1",21,127,124,7,2,2,"","IFN2","25_976","25_976_42","IFN2_25_976_42",12.55,31.8309886183791,123.702174230507
"482783",25,976,43,391," 3.5",21,108,113,6.5,2,3,"","IFN2","25_976","25_976_43","IFN2_25_976_43",11.05,127.323954473516,95.899079246237
"482784",25,977,1,11," 9.3",21,164,157,5,2,3,"","IFN2","25_977","25_977_1","IFN2_25_977_1",16.05,31.8309886183791,202.320530386591
"482785",25,977,2,45," 6.6",21,166,159,6,2,3,"","IFN2","25_977","25_977_2","IFN2_25_977_2",16.25,31.8309886183791,207.394202522139
"482786",25,977,3,61," 5.9",21,151,145,5,2,3,"","IFN2","25_977","25_977_3","IFN2_25_977_3",14.8,31.8309886183791,172.033613710577
"482787",25,977,4,92," 6.0",21,142,141,5.5,2,3,"","IFN2","25_977","25_977_4","IFN2_25_977_4",14.15,31.8309886183791,157.254383770846
"482788",25,977,5,168," 0.7",21,156,148,5.5,2,3,"","IFN2","25_977","25_977_5","IFN2_25_977_5",15.2,31.8309886183791,181.458391671346
"482789",25,977,6,259," 5.0",21,117,113,4.5,2,3,"","IFN2","25_977","25_977_6","IFN2_25_977_6",11.5,127.323954473516,103.868907109313
"482887",25,982,1,3," 4.8",21,136,135,8.5,2,2,"","IFN2","25_982","25_982_1","IFN2_25_982_1",13.55,31.8309886183791,144.20106629518
"482888",25,982,2,8," 1.1",21,118,116,8,2,2,"","IFN2","25_982","25_982_2","IFN2_25_982_2",11.7,127.323954473516,107.513154587477
"482889",25,982,3,8," 1.7",21,90,92,9,2,3,"","IFN2","25_982","25_982_3","IFN2_25_982_3",9.1,127.323954473516,65.0388219109427
"482890",25,982,4,15," 0.7",21,96,94,9,2,3,"","IFN2","25_982","25_982_4","IFN2_25_982_4",9.5,127.323954473516,70.8821842466197
"482891",25,982,5,32," 4.3",21,148,151,8.5,2,2,"","IFN2","25_982","25_982_5","IFN2_25_982_5",14.95,31.8309886183791,175.538453014738
"482892",25,982,6,35," 1.5",21,87,93,7,2,3,"","IFN2","25_982","25_982_6","IFN2_25_982_6",9,127.323954473516,63.6172512351933
"482893",25,982,7,35," 3.1",21,123,121,8.5,2,2,"","IFN2","25_982","25_982_7","IFN2_25_982_7",12.2,127.323954473516,116.898662640076
"482894",25,982,8,35," 3.7",21,124,126,8.5,2,2,"","IFN2","25_982","25_982_8","IFN2_25_982_8",12.5,31.8309886183791,122.718463030851
"482895",25,982,9,36," 7.4",21,180,172,9,2,2,"","IFN2","25_982","25_982_9","IFN2_25_982_9",17.6,31.8309886183791,243.284935093994
"482896",25,982,10,41," 7.1",21,185,187,9,2,2,"","IFN2","25_982","25_982_10","IFN2_25_982_10",18.6,31.8309886183791,271.716348608981
"482897",25,982,11,61," 7.3",21,133,128,7,6,2,"","IFN2","25_982","25_982_11","IFN2_25_982_11",13.05,31.8309886183791,133.755270721994
"482898",25,982,12,64," 7.4",21,124,129,8,2,2,"","IFN2","25_982","25_982_12","IFN2_25_982_12",12.65,31.8309886183791,125.681377602268
"482899",25,982,13,75," 4.6",21,121,126,8.5,2,2,"","IFN2","25_982","25_982_13","IFN2_25_982_13",12.35,127.323954473516,119.790891376787
"482900",25,982,14,75," 5.0",21,228,222,8.5,2,2,"","IFN2","25_982","25_982_14","IFN2_25_982_14",22.5,14.1471060526129,397.607820219958
"482901",25,982,15,78," 8.9",21,133,134,8,2,2,"","IFN2","25_982","25_982_15","IFN2_25_982_15",13.35,31.8309886183791,139.975624176102
"482902",25,982,16,80," 8.8",21,167,170,9,2,2,"","IFN2","25_982","25_982_16","IFN2_25_982_16",16.85,31.8309886183791,222.992210047212
"482903",25,982,17,94," 6.8",21,154,152,8.5,2,2,"","IFN2","25_982","25_982_17","IFN2_25_982_17",15.3,31.8309886183791,183.853856069709
"482904",25,982,18,142," 4.7",21,167,170,8.5,2,2,"","IFN2","25_982","25_982_18","IFN2_25_982_18",16.85,31.8309886183791,222.992210047212
"482905",25,982,19,145," 1.5",21,216,220,9.5,2,2,"","IFN2","25_982","25_982_19","IFN2_25_982_19",21.8,31.8309886183791,373.252623173003
"482906",25,982,20,171," 5.2",21,152,173,9,2,2,"","IFN2","25_982","25_982_20","IFN2_25_982_20",16.25,31.8309886183791,207.394202522139
"482907",25,982,21,180," 6.0",21,172,165,9,2,2,"","IFN2","25_982","25_982_21","IFN2_25_982_21",16.85,31.8309886183791,222.992210047212
"482908",25,982,22,182," 5.5",21,122,129,9,2,2,"","IFN2","25_982","25_982_22","IFN2_25_982_22",12.55,31.8309886183791,123.702174230507
"482909",25,982,23,195," 9.6",21,171,176,8,2,2,"","IFN2","25_982","25_982_23","IFN2_25_982_23",17.35,31.8309886183791,236.422518641308
"482910",25,982,24,202," 7.8",21,153,154,9,2,2,"","IFN2","25_982","25_982_24","IFN2_25_982_24",15.35,31.8309886183791,185.057478755115
"482911",25,982,25,212," 8.5",21,165,158,9,2,2,"1","IFN2","25_982","25_982_25","IFN2_25_982_25",16.15,31.8309886183791,204.849512472731
"482912",25,982,26,213," 3.3",21,138,141,8.5,2,2,"","IFN2","25_982","25_982_26","IFN2_25_982_26",13.95,31.8309886183791,152.840446092552
"482913",25,982,27,220," 3.0",21,210,195,10,2,2,"","IFN2","25_982","25_982_27","IFN2_25_982_27",20.25,31.8309886183791,322.062334378166
"482914",25,982,28,224," 8.7",21,177,166,10,2,2,"","IFN2","25_982","25_982_28","IFN2_25_982_28",17.15,31.8309886183791,231.003271313866
"482915",25,982,29,229," 2.7",21,135,127,10,2,2,"","IFN2","25_982","25_982_29","IFN2_25_982_29",13.1,31.8309886183791,134.782178820636
"482916",25,982,30,229," 7.1",21,157,162,9.5,2,2,"","IFN2","25_982","25_982_30","IFN2_25_982_30",15.95,31.8309886183791,199.807256263719
"482917",25,982,31,237," 2.9",21,94,94,9,2,3,"","IFN2","25_982","25_982_31","IFN2_25_982_31",9.4,127.323954473516,69.3977817177985
"482918",25,982,32,242," 7.0",21,125,125,8,2,2,"","IFN2","25_982","25_982_32","IFN2_25_982_32",12.5,31.8309886183791,122.718463030851
"482919",25,982,33,251," 9.2",21,133,133,8.5,2,2,"","IFN2","25_982","25_982_33","IFN2_25_982_33",13.3,31.8309886183791,138.929081123375
"482920",25,982,34,265," 7.3",21,211,208,9.5,2,2,"","IFN2","25_982","25_982_34","IFN2_25_982_34",20.95,31.8309886183791,344.713217410549
"482921",25,982,35,275," 3.1",21,152,153,10,2,2,"","IFN2","25_982","25_982_35","IFN2_25_982_35",15.25,31.8309886183791,182.654160375119
"482922",25,982,36,277," 2.4",21,84,86,10,2,3,"","IFN2","25_982","25_982_36","IFN2_25_982_36",8.5,127.323954473516,56.7450173054656
"482923",25,982,37,283," 2.5",21,155,154,10,2,2,"","IFN2","25_982","25_982_37","IFN2_25_982_37",15.45,31.8309886183791,187.476505098379
"482924",25,982,38,287," 7.2",21,137,133,10,2,2,"2","IFN2","25_982","25_982_38","IFN2_25_982_38",13.5,31.8309886183791,143.138815279185
"482925",25,982,39,288," 7.1",21,164,156,10,2,2,"2","IFN2","25_982","25_982_39","IFN2_25_982_39",16,31.8309886183791,201.061929829747
"482926",25,982,40,288," 7.3",21,138,137,10,2,2,"","IFN2","25_982","25_982_40","IFN2_25_982_40",13.75,31.8309886183791,148.48934026733
"482927",25,982,41,301," 9.2",21,163,180,9.5,2,2,"","IFN2","25_982","25_982_41","IFN2_25_982_41",17.15,31.8309886183791,231.003271313866
"482928",25,982,42,305," 8.6",21,122,132,10,2,2,"","IFN2","25_982","25_982_42","IFN2_25_982_42",12.7,31.8309886183791,126.676869774374
"482929",25,982,43,311," 4.9",21,132,133,9,2,2,"","IFN2","25_982","25_982_43","IFN2_25_982_43",13.25,31.8309886183791,137.886465061465
"482930",25,982,44,326," 4.6",21,149,145,9,2,2,"","IFN2","25_982","25_982_44","IFN2_25_982_44",14.7,31.8309886183791,169.716689128555
"482931",25,982,45,329," 7.7",21,154,152,10,2,2,"","IFN2","25_982","25_982_45","IFN2_25_982_45",15.3,31.8309886183791,183.853856069709
"482932",25,982,46,334," 9.9",21,185,202,10.5,2,2,"","IFN2","25_982","25_982_46","IFN2_25_982_46",19.35,31.8309886183791,294.070743834681
"482933",25,982,47,340," 8.0",21,144,142,10,2,2,"","IFN2","25_982","25_982_47","IFN2_25_982_47",14.3,31.8309886183791,160.606070433144
"482934",25,982,48,355," 7.7",21,157,152,9,2,2,"","IFN2","25_982","25_982_48","IFN2_25_982_48",15.45,31.8309886183791,187.476505098379
"482935",25,982,49,357," 6.6",21,177,173,10,2,2,"","IFN2","25_982","25_982_49","IFN2_25_982_49",17.5,31.8309886183791,240.528187540469
"482936",25,982,50,363," 3.8",21,104,104,7,3,3,"","IFN2","25_982","25_982_50","IFN2_25_982_50",10.4,127.323954473516,84.948665353068
"482937",25,982,51,365," 3.4",21,159,154,10.5,2,2,"","IFN2","25_982","25_982_51","IFN2_25_982_51",15.65,31.8309886183791,192.361681674712
"482938",25,982,52,370," 3.7",21,147,139,10.5,2,2,"","IFN2","25_982","25_982_52","IFN2_25_982_52",14.3,31.8309886183791,160.606070433144
"482939",25,982,53,375," 8.8",21,157,155,9,2,2,"","IFN2","25_982","25_982_53","IFN2_25_982_53",15.6,31.8309886183791,191.134497044403
"486554",25,1160,1,119," 4.4",21,154,152,6,2,3,"","IFN2","25_1160","25_1160_1","IFN2_25_1160_1",15.3,31.8309886183791,183.853856069709
"486555",25,1160,2,133," 1.7",21,123,118,5.5,2,3,"","IFN2","25_1160","25_1160_2","IFN2_25_1160_2",12.05,127.323954473516,114.041776820718
"486556",25,1160,3,202," 2.4",21,136,138,6.5,2,3,"","IFN2","25_1160","25_1160_3","IFN2_25_1160_3",13.7,31.8309886183791,147.411381288067
"486557",25,1160,4,271," 3.9",21,115,114,6.5,2,3,"","IFN2","25_1160","25_1160_4","IFN2_25_1160_4",11.45,127.323954473516,102.967662716814
"486558",25,1160,5,286," 1.4",21,102,108,6,2,3,"","IFN2","25_1160","25_1160_5","IFN2_25_1160_5",10.5,127.323954473516,86.5901475145687
"486559",25,1160,6,301," 9.9",21,127,133,5.5,2,3,"","IFN2","25_1160","25_1160_6","IFN2_25_1160_6",13,31.8309886183791,132.732289614169
"486560",25,1160,7,308," 4.8",21,145,143,5.5,2,3,"","IFN2","25_1160","25_1160_7","IFN2_25_1160_7",14.4,31.8309886183791,162.860163162095
"486561",25,1160,8,396," 4.6",21,92,91,3.5,2,3,"","IFN2","25_1160","25_1160_8","IFN2_25_1160_8",9.15,127.323954473516,65.7554977350429
"486588",25,1177,1,59," 4.9",21,121,125,5,2,3,"","IFN2","25_1177","25_1177_1","IFN2_25_1177_1",12.3,127.323954473516,118.8228881404
"486589",25,1177,2,121," 4.5",21,82,77,4.5,2,3,"","IFN2","25_1177","25_1177_2","IFN2_25_1177_2",7.95,127.323954473516,49.6391274221272
"486590",25,1177,3,252," 4.4",21,96,96,4.5,2,3,"","IFN2","25_1177","25_1177_3","IFN2_25_1177_3",9.6,127.323954473516,72.3822947387088
"486591",25,1177,4,290," 8.8",21,143,138,5.5,2,3,"","IFN2","25_1177","25_1177_4","IFN2_25_1177_4",14.05,31.8309886183791,155.039560950065
"486592",25,1177,5,317," 3.2",21,91,90,4.5,2,3,"2","IFN2","25_1177","25_1177_5","IFN2_25_1177_5",9.05,127.323954473516,64.3260730776595
"486593",25,1177,6,320," 3.1",21,76,74,4.5,2,3,"2","IFN2","25_1177","25_1177_6","IFN2_25_1177_6",7.5,127.323954473516,44.1786466911065
"486816",25,1190,1,3," 9.2",21,196,199,9.5,2,2,"","IFN2","25_1190","25_1190_1","IFN2_25_1190_1",19.75,31.8309886183791,306.354371110217
"486817",25,1190,2,9," 6.7",21,138,141,9.5,2,2,"","IFN2","25_1190","25_1190_2","IFN2_25_1190_2",13.95,31.8309886183791,152.840446092552
"486818",25,1190,3,21," 4.8",21,153,161,9,2,2,"","IFN2","25_1190","25_1190_3","IFN2_25_1190_3",15.7,31.8309886183791,193.592793295837
"486819",25,1190,4,23,"14.6",21,234,232,11,2,2,"","IFN2","25_1190","25_1190_4","IFN2_25_1190_4",23.3,14.1471060526129,426.384808926841
"486820",25,1190,5,35," 2.1",21,170,175,10,2,2,"","IFN2","25_1190","25_1190_5","IFN2_25_1190_5",17.25,31.8309886183791,233.705040995953
"486821",25,1190,6,35,"15.3",21,299,282,10.5,2,2,"","IFN2","25_1190","25_1190_6","IFN2_25_1190_6",29.05,14.1471060526129,662.799473586515
"486822",25,1190,7,36," 9.9",21,254,259,11.5,2,2,"","IFN2","25_1190","25_1190_7","IFN2_25_1190_7",25.65,14.1471060526129,516.731123157858
"486823",25,1190,8,37," 5.4",21,169,159,9,2,2,"","IFN2","25_1190","25_1190_8","IFN2_25_1190_8",16.4,31.8309886183791,211.240690027378
"486824",25,1190,9,52," 6.8",21,229,233,11,2,2,"","IFN2","25_1190","25_1190_9","IFN2_25_1190_9",23.1,14.1471060526129,419.096313970512
"486825",25,1190,10,58," 3.9",21,210,208,10,2,2,"","IFN2","25_1190","25_1190_10","IFN2_25_1190_10",20.9,31.8309886183791,343.069771753639
"486826",25,1190,11,77," 4.9",21,140,144,10,2,2,"","IFN2","25_1190","25_1190_11","IFN2_25_1190_11",14.2,31.8309886183791,158.367685667461
"486827",25,1190,12,89," 8.6",21,167,172,9,2,2,"","IFN2","25_1190","25_1190_12","IFN2_25_1190_12",16.95,31.8309886183791,225.646855839495
"486828",25,1190,13,90," 6.6",21,161,161,10.5,2,2,"","IFN2","25_1190","25_1190_13","IFN2_25_1190_13",16.1,31.8309886183791,203.583057934253
"486829",25,1190,14,98," 1.9",21,118,118,11,2,2,"","IFN2","25_1190","25_1190_14","IFN2_25_1190_14",11.8,127.323954473516,109.358840271461
"486830",25,1190,15,98," 3.4",21,87,87,8.5,2,3,"","IFN2","25_1190","25_1190_15","IFN2_25_1190_15",8.7,127.323954473516,59.4467869875528
"486831",25,1190,16,109," 9.9",21,137,135,9.5,2,2,"","IFN2","25_1190","25_1190_16","IFN2_25_1190_16",13.6,31.8309886183791,145.267244301992
"486832",25,1190,17,111," 5.7",21,146,140,9,2,2,"","IFN2","25_1190","25_1190_17","IFN2_25_1190_17",14.3,31.8309886183791,160.606070433144
"486833",25,1190,18,124," 7.3",21,218,215,9,2,2,"","IFN2","25_1190","25_1190_18","IFN2_25_1190_18",21.65,31.8309886183791,368.13379064306
"486834",25,1190,19,134," 4.5",21,219,216,10,2,2,"","IFN2","25_1190","25_1190_19","IFN2_25_1190_19",21.75,31.8309886183791,371.542418672205
"486835",25,1190,20,140," 9.8",21,175,170,8.5,2,2,"","IFN2","25_1190","25_1190_20","IFN2_25_1190_20",17.25,31.8309886183791,233.705040995953
"486836",25,1190,21,146," 7.0",21,177,174,9.5,2,2,"","IFN2","25_1190","25_1190_21","IFN2_25_1190_21",17.55,31.8309886183791,241.904597821823
"486837",25,1190,22,159," 3.2",21,134,130,9,2,2,"","IFN2","25_1190","25_1190_22","IFN2_25_1190_22",13.2,31.8309886183791,136.847775990371
"486838",25,1190,23,163," 9.7",21,196,190,10.5,2,2,"","IFN2","25_1190","25_1190_23","IFN2_25_1190_23",19.3,31.8309886183791,292.552961883916
"486839",25,1190,24,178," 8.8",21,203,198,10.5,2,2,"","IFN2","25_1190","25_1190_24","IFN2_25_1190_24",20.05,31.8309886183791,315.732025181183
"486840",25,1190,25,192," 6.6",21,191,189,10.5,2,2,"","IFN2","25_1190","25_1190_25","IFN2_25_1190_25",19,31.8309886183791,283.528736986479
"486841",25,1190,26,194," 8.9",21,127,124,9.5,2,2,"","IFN2","25_1190","25_1190_26","IFN2_25_1190_26",12.55,31.8309886183791,123.702174230507
"486842",25,1190,27,204," 0.6",21,189,190,9,2,2,"","IFN2","25_1190","25_1190_27","IFN2_25_1190_27",18.95,31.8309886183791,282.038443971432
"486843",25,1190,28,204," 3.5",21,177,176,9,2,2,"","IFN2","25_1190","25_1190_28","IFN2_25_1190_28",17.65,31.8309886183791,244.669199356982
"486844",25,1190,29,208,"14.8",21,257,261,11,2,2,"","IFN2","25_1190","25_1190_29","IFN2_25_1190_29",25.9,14.1471060526129,526.852941988642
"486845",25,1190,30,216," 7.3",21,233,223,10,2,2,"","IFN2","25_1190","25_1190_30","IFN2_25_1190_30",22.8,14.1471060526129,408.28138126053
"486846",25,1190,31,236,"11.9",21,224,228,10,2,2,"","IFN2","25_1190","25_1190_31","IFN2_25_1190_31",22.6,14.1471060526129,401.149965936881
"486847",25,1190,32,246," 4.6",21,178,174,9.5,2,2,"","IFN2","25_1190","25_1190_32","IFN2_25_1190_32",17.6,31.8309886183791,243.284935093994
"486848",25,1190,33,259," 2.8",21,217,216,9,2,2,"","IFN2","25_1190","25_1190_33","IFN2_25_1190_33",21.65,31.8309886183791,368.13379064306
"486849",25,1190,34,259," 6.2",21,156,155,10,2,2,"","IFN2","25_1190","25_1190_34","IFN2_25_1190_34",15.55,31.8309886183791,189.911239404911
"486850",25,1190,35,260,"14.3",21,227,240,11,2,2,"","IFN2","25_1190","25_1190_35","IFN2_25_1190_35",23.35,14.1471060526129,428.216750142965
"486851",25,1190,36,263," 8.3",21,207,201,10.5,2,2,"","IFN2","25_1190","25_1190_36","IFN2_25_1190_36",20.4,31.8309886183791,326.851299679482
"486852",25,1190,37,269," 9.9",21,180,178,10,2,2,"","IFN2","25_1190","25_1190_37","IFN2_25_1190_37",17.9,31.8309886183791,251.649425534176
"486853",25,1190,38,278," 4.2",21,210,207,10.5,2,2,"","IFN2","25_1190","25_1190_38","IFN2_25_1190_38",20.85,31.8309886183791,341.430253087547
"486854",25,1190,39,285," 6.7",21,155,152,10.5,2,2,"","IFN2","25_1190","25_1190_39","IFN2_25_1190_39",15.35,31.8309886183791,185.057478755115
"486855",25,1190,40,287," 8.3",21,132,138,9.5,2,2,"","IFN2","25_1190","25_1190_40","IFN2_25_1190_40",13.5,31.8309886183791,143.138815279185
"486856",25,1190,41,307," 9.7",21,245,224,10.5,2,2,"1","IFN2","25_1190","25_1190_41","IFN2_25_1190_41",23.45,14.1471060526129,431.892413547665
"486857",25,1190,42,312," 6.0",21,205,195,10,2,2,"","IFN2","25_1190","25_1190_42","IFN2_25_1190_42",20,31.8309886183791,314.159265358979
"486858",25,1190,43,324,"13.1",21,239,234,9.5,2,2,"","IFN2","25_1190","25_1190_43","IFN2_25_1190_43",23.65,14.1471060526129,439.290864246869
"486859",25,1190,44,325," 9.2",21,203,197,10.5,2,2,"","IFN2","25_1190","25_1190_44","IFN2_25_1190_44",20,31.8309886183791,314.159265358979
"486860",25,1190,45,335," 7.3",21,180,189,9.5,2,2,"","IFN2","25_1190","25_1190_45","IFN2_25_1190_45",18.45,31.8309886183791,267.3514983159
"486861",25,1190,46,345," 9.7",21,206,201,9,2,2,"","IFN2","25_1190","25_1190_46","IFN2_25_1190_46",20.35,31.8309886183791,325.25105092156
"486862",25,1190,47,390," 6.2",21,217,204,9,2,5,"","IFN2","25_1190","25_1190_47","IFN2_25_1190_47",21.05,31.8309886183791,348.011889696818
"486863",25,1190,48,394," 4.3",21,170,169,9,2,2,"","IFN2","25_1190","25_1190_48","IFN2_25_1190_48",16.95,31.8309886183791,225.646855839495
"487970",25,1277,1,2," 3.0",21,80,84,6,5,3,"","IFN2","25_1277","25_1277_1","IFN2_25_1277_1",8.2,127.323954473516,52.8101725068444
"487971",25,1277,2,89," 3.5",21,92,92,5.5,5,3,"","IFN2","25_1277","25_1277_2","IFN2_25_1277_2",9.2,127.323954473516,66.47610054996
"487972",25,1277,3,161," 5.1",21,83,81,3,5,3,"1","IFN2","25_1277","25_1277_3","IFN2_25_1277_3",8.2,127.323954473516,52.8101725068444
"487973",25,1277,4,301," 4.4",21,83,86,5,5,3,"","IFN2","25_1277","25_1277_4","IFN2_25_1277_4",8.45,127.323954473516,56.0793923619863
"487974",25,1277,5,338," 5.2",21,102,105,4.5,5,3,"1","IFN2","25_1277","25_1277_5","IFN2_25_1277_5",10.35,127.323954473516,84.1338147585431
"487975",25,1277,6,369," 8.7",21,134,129,5.5,5,3,"","IFN2","25_1277","25_1277_6","IFN2_25_1277_6",13.15,31.8309886183791,135.813013910095
"492499",25,1610,1,5," 8.1",21,175,168,9.5,2,2,"","IFN2","25_1610","25_1610_1","IFN2_25_1610_1",17.15,31.8309886183791,231.003271313866
"492500",25,1610,2,13,"10.8",21,168,188,10,2,2,"","IFN2","25_1610","25_1610_2","IFN2_25_1610_2",17.8,31.8309886183791,248.845554090848
"492501",25,1610,3,17,"10.5",21,139,143,10,2,2,"","IFN2","25_1610","25_1610_3","IFN2_25_1610_3",14.1,31.8309886183791,156.145008865047
"492502",25,1610,4,50," 2.3",21,193,194,9,2,2,"","IFN2","25_1610","25_1610_4","IFN2_25_1610_4",19.35,31.8309886183791,294.070743834681
"492503",25,1610,5,55," 9.3",21,213,222,11,2,2,"","IFN2","25_1610","25_1610_5","IFN2_25_1610_5",21.75,31.8309886183791,371.542418672205
"492504",25,1610,6,60,"14.6",21,236,226,11.5,2,2,"2","IFN2","25_1610","25_1610_6","IFN2_25_1610_6",23.1,14.1471060526129,419.096313970512
"492505",25,1610,7,65," 5.5",21,183,183,8.5,3,2,"2","IFN2","25_1610","25_1610_7","IFN2_25_1610_7",18.3,31.8309886183791,263.021990940171
"492506",25,1610,8,79," 5.1",21,153,155,9,2,2,"2","IFN2","25_1610","25_1610_8","IFN2_25_1610_8",15.4,31.8309886183791,186.265028431339
"492507",25,1610,9,100,"10.6",21,133,122,6.5,3,2,"020","IFN2","25_1610","25_1610_9","IFN2_25_1610_9",12.75,31.8309886183791,127.676288937298
"492508",25,1610,10,102," 4.7",21,129,130,8,3,2,"045","IFN2","25_1610","25_1610_10","IFN2_25_1610_10",12.95,31.8309886183791,131.713235497161
"492509",25,1610,11,122," 9.7",21,130,129,5,5,5,"","IFN2","25_1610","25_1610_11","IFN2_25_1610_11",12.95,31.8309886183791,131.713235497161
"492510",25,1610,12,183," 7.4",21,214,226,8.5,2,2,"","IFN2","25_1610","25_1610_12","IFN2_25_1610_12",22,31.8309886183791,380.132711084365
"492511",25,1610,13,197,"15.2",21,310,280,12,2,2,"","IFN2","25_1610","25_1610_13","IFN2_25_1610_13",29.5,14.1471060526129,683.492751696629
"492512",25,1610,14,223," 5.7",21,166,153,7,2,2,"","IFN2","25_1610","25_1610_14","IFN2_25_1610_14",15.95,31.8309886183791,199.807256263719
"492513",25,1610,15,248," 8.7",21,164,163,9,2,2,"","IFN2","25_1610","25_1610_15","IFN2_25_1610_15",16.35,31.8309886183791,209.954600534814
"492514",25,1610,16,249," 7.5",21,164,169,9,2,2,"","IFN2","25_1610","25_1610_16","IFN2_25_1610_16",16.65,31.8309886183791,217.730042352449
"492515",25,1610,17,257," 7.1",21,168,160,6.5,4,2,"","IFN2","25_1610","25_1610_17","IFN2_25_1610_17",16.4,31.8309886183791,211.240690027378
"492516",25,1610,18,264,"11.2",21,208,201,10,2,2,"2","IFN2","25_1610","25_1610_18","IFN2_25_1610_18",20.45,31.8309886183791,328.455475428221
"492517",25,1610,19,265,"11.5",21,193,205,10,2,2,"2","IFN2","25_1610","25_1610_19","IFN2_25_1610_19",19.9,31.8309886183791,311.025526687023
"492518",25,1610,20,285," 3.5",21,171,170,7,2,2,"","IFN2","25_1610","25_1610_20","IFN2_25_1610_20",17.05,31.8309886183791,228.317209595047
"492519",25,1610,21,299,"14.2",21,255,264,10.5,2,2,"1","IFN2","25_1610","25_1610_21","IFN2_25_1610_21",25.95,14.1471060526129,528.88908672725
"492520",25,1610,22,319," 9.1",21,159,157,8,2,2,"","IFN2","25_1610","25_1610_22","IFN2_25_1610_22",15.8,31.8309886183791,196.066797510539
"492521",25,1610,23,341," 5.3",21,304,312,10,2,2,"","IFN2","25_1610","25_1610_23","IFN2_25_1610_23",30.8,14.1471060526129,745.060113725355
"492522",25,1610,24,366," 0.9",21,123,120,7,2,2,"","IFN2","25_1610","25_1610_24","IFN2_25_1610_24",12.15,127.323954473516,115.94244037614
"492523",25,1610,25,399," 6.0",21,138,132,10,2,2,"","IFN2","25_1610","25_1610_25","IFN2_25_1610_25",13.5,31.8309886183791,143.138815279185
"493575",25,1655,1,13,"13.7",21,268,277,12,2,2,"2","IFN2","25_1655","25_1655_1","IFN2_25_1655_1",27.25,14.1471060526129,583.207223707818
"493576",25,1655,2,25,"10.5",21,352,369,10,2,2,"","IFN2","25_1655","25_1655_2","IFN2_25_1655_2",36.05,14.1471060526129,1020.70541664673
"493577",25,1655,3,35,"10.2",21,291,286,12,2,2,"","IFN2","25_1655","25_1655_3","IFN2_25_1655_3",28.85,14.1471060526129,653.704562854373
"493578",25,1655,4,46,"14.0",21,278,299,10,2,2,"","IFN2","25_1655","25_1655_4","IFN2_25_1655_4",28.85,14.1471060526129,653.704562854373
"493579",25,1655,5,57," 0.8",21,200,196,11.5,2,2,"","IFN2","25_1655","25_1655_5","IFN2_25_1655_5",19.8,31.8309886183791,307.907495978336
"493580",25,1655,6,68," 8.6",21,240,244,10.5,2,2,"","IFN2","25_1655","25_1655_6","IFN2_25_1655_6",24.2,14.1471060526129,459.960580412082
"493581",25,1655,7,76," 3.5",21,219,242,10.5,2,2,"","IFN2","25_1655","25_1655_7","IFN2_25_1655_7",23.05,14.1471060526129,417.284007708473
"493582",25,1655,8,83,"13.3",21,243,224,10.5,2,2,"","IFN2","25_1655","25_1655_8","IFN2_25_1655_8",23.35,14.1471060526129,428.216750142965
"493583",25,1655,9,91," 6.7",21,264,280,12,2,2,"2","IFN2","25_1655","25_1655_9","IFN2_25_1655_9",27.2,14.1471060526129,581.068977207968
"493584",25,1655,10,95," 7.0",21,296,283,12,2,2,"","IFN2","25_1655","25_1655_10","IFN2_25_1655_10",28.95,14.1471060526129,658.24416423881
"493585",25,1655,11,96,"13.5",21,252,255,10.5,2,2,"","IFN2","25_1655","25_1655_11","IFN2_25_1655_11",25.35,14.1471060526129,504.714531257877
"493586",25,1655,12,155,"11.4",21,288,318,15,2,2,"2","IFN2","25_1655","25_1655_12","IFN2_25_1655_12",30.3,14.1471060526129,721.066199833563
"493587",25,1655,13,156,"11.8",21,280,313,15,2,2,"2","IFN2","25_1655","25_1655_13","IFN2_25_1655_13",29.65,14.1471060526129,690.461196901373
"493588",25,1655,14,168," 3.0",21,309,284,12.5,2,2,"","IFN2","25_1655","25_1655_14","IFN2_25_1655_14",29.65,14.1471060526129,690.461196901373
"493589",25,1655,15,180," 7.0",21,129,123,10,2,2,"","IFN2","25_1655","25_1655_15","IFN2_25_1655_15",12.6,31.8309886183791,124.689812420979
"493590",25,1655,16,190," 4.9",21,129,129,11,2,2,"","IFN2","25_1655","25_1655_16","IFN2_25_1655_16",12.9,31.8309886183791,130.698108370969
"493591",25,1655,17,197," 6.9",21,238,236,13.5,2,2,"","IFN2","25_1655","25_1655_17","IFN2_25_1655_17",23.7,14.1471060526129,441.150294398713
"493592",25,1655,18,200," 9.7",21,263,264,10.5,2,2,"","IFN2","25_1655","25_1655_18","IFN2_25_1655_18",26.35,14.1471060526129,545.319616305525
"493593",25,1655,19,205,"12.8",21,238,245,12,2,2,"","IFN2","25_1655","25_1655_19","IFN2_25_1655_19",24.15,14.1471060526129,458.061880352068
"493594",25,1655,20,206," 4.6",21,202,200,12,2,2,"","IFN2","25_1655","25_1655_20","IFN2_25_1655_20",20.1,31.8309886183791,317.308711994203
"493595",25,1655,21,207," 3.3",21,108,122,10,2,2,"2","IFN2","25_1655","25_1655_21","IFN2_25_1655_21",11.5,127.323954473516,103.868907109313
"493596",25,1655,22,212," 1.9",21,184,173,11,2,2,"","IFN2","25_1655","25_1655_22","IFN2_25_1655_22",17.85,31.8309886183791,250.245526317103
"493597",25,1655,23,212," 3.2",21,100,105,8.5,2,3,"","IFN2","25_1655","25_1655_23","IFN2_25_1655_23",10.25,127.323954473516,82.5158945419444
"493598",25,1655,24,216," 8.4",21,189,180,10.5,2,2,"","IFN2","25_1655","25_1655_24","IFN2_25_1655_24",18.45,31.8309886183791,267.3514983159
"493599",25,1655,25,231," 6.2",21,206,216,12,2,2,"","IFN2","25_1655","25_1655_25","IFN2_25_1655_25",21.1,31.8309886183791,349.667116326178
"493600",25,1655,26,235," 9.8",21,163,155,10,2,2,"","IFN2","25_1655","25_1655_26","IFN2_25_1655_26",15.9,31.8309886183791,198.556509688509
"493601",25,1655,27,235,"13.8",21,229,241,10.5,2,2,"","IFN2","25_1655","25_1655_27","IFN2_25_1655_27",23.5,14.1471060526129,433.736135736241
"493602",25,1655,28,256," 8.7",21,195,205,10.5,2,2,"1","IFN2","25_1655","25_1655_28","IFN2_25_1655_28",20,31.8309886183791,314.159265358979
"493603",25,1655,29,257," 8.5",21,184,192,10.5,2,2,"1","IFN2","25_1655","25_1655_29","IFN2_25_1655_29",18.8,31.8309886183791,277.591126871194
"493604",25,1655,30,271," 2.6",21,297,312,12,2,2,"2","IFN2","25_1655","25_1655_30","IFN2_25_1655_30",30.45,14.1471060526129,728.223140597523
"493605",25,1655,31,279," 3.0",21,283,287,12,2,2,"2","IFN2","25_1655","25_1655_31","IFN2_25_1655_31",28.5,14.1471060526129,637.939658219577
"493606",25,1655,32,284,"13.3",21,269,267,10.5,2,2,"2","IFN2","25_1655","25_1655_32","IFN2_25_1655_32",26.8,14.1471060526129,564.104376878583
"493607",25,1655,33,296," 6.6",21,223,213,10,2,2,"","IFN2","25_1655","25_1655_33","IFN2_25_1655_33",21.8,31.8309886183791,373.252623173003
"493608",25,1655,34,296,"13.0",21,249,227,10.5,2,2,"","IFN2","25_1655","25_1655_34","IFN2_25_1655_34",23.8,14.1471060526129,444.880935674851
"493609",25,1655,35,300,"13.1",21,270,262,10.5,2,2,"","IFN2","25_1655","25_1655_35","IFN2_25_1655_35",26.6,14.1471060526129,555.716324493499
"493610",25,1655,36,316," 7.6",21,234,239,11,2,2,"","IFN2","25_1655","25_1655_36","IFN2_25_1655_36",23.65,14.1471060526129,439.290864246869
"493611",25,1655,37,319," 8.6",21,209,204,11,2,2,"","IFN2","25_1655","25_1655_37","IFN2_25_1655_37",20.65,31.8309886183791,334.911448331348
"493612",25,1655,38,320," 5.7",21,201,217,11,2,2,"","IFN2","25_1655","25_1655_38","IFN2_25_1655_38",20.9,31.8309886183791,343.069771753639
"493613",25,1655,39,355," 4.1",21,187,186,10.5,2,2,"","IFN2","25_1655","25_1655_39","IFN2_25_1655_39",18.65,31.8309886183791,273.179152688309
"493614",25,1655,40,388," 4.1",21,310,340,10.5,2,2,"2","IFN2","25_1655","25_1655_40","IFN2_25_1655_40",32.5,14.1471060526129,829.576810088555
"493615",25,1655,41,395," 3.5",21,190,171,10.5,2,2,"2","IFN2","25_1655","25_1655_41","IFN2_25_1655_41",18.05,31.8309886183791,255.884685130297
