"","Provincia","Estadillo","Clase","Subclase","TREE_ID_IFN3_2","TREE_ID_IFN3","TREE_ID_IFN2","rumbo","distancia","DRed","specie","dbh_1","dbh_2","height","quality","shape","special_param","Agente","Import","Elemento","Compara","INVENTORY_ID","PLOT_ID","TREE_ID","IFN_TREE_ID","IFN3_ID","dbh","expan","basal_area"
"711340",25,647,"A","1",1,1,0,18,16.5,NA,21,247,248,12,2,2,NA,100,NA,"","X","IFN3","25_647_A_1","IFN3_25_647_A_1_1","IFN3_25_647_0","25_647_A_1",24.75,14.1471060526129,481.105462466149
"711341",25,647,"A","1",2,2,0,35,11.2,NA,21,235,235,10,2,2,NA,100,NA,"","X","IFN3","25_647_A_1","IFN3_25_647_A_1_2","IFN3_25_647_0","25_647_A_1",23.5,14.1471060526129,433.736135736241
"711342",25,647,"A","1",3,3,1,50,5.1,NA,21,270,272,11,2,2,NA,100,NA,"","X","IFN3","25_647_A_1","IFN3_25_647_A_1_3","IFN3_25_647_1","25_647_A_1",27.1,14.1471060526129,576.80426518072
"711343",25,647,"A","1",4,4,0,56,12.5,NA,21,255,254,11,2,2,NA,100,NA,"","X","IFN3","25_647_A_1","IFN3_25_647_A_1_4","IFN3_25_647_0","25_647_A_1",25.45,14.1471060526129,508.704353927936
"711344",25,647,"A","1",5,5,2,77,3.4,NA,21,289,278,11.5,2,2,NA,100,NA,"","X","IFN3","25_647_A_1","IFN3_25_647_A_1_5","IFN3_25_647_2","25_647_A_1",28.35,14.1471060526129,631.242175381206
"711345",25,647,"A","1",6,6,0,88,15.1,NA,21,298,308,12,2,2,NA,100,NA,"","X","IFN3","25_647_A_1","IFN3_25_647_A_1_6","IFN3_25_647_0","25_647_A_1",30.3,14.1471060526129,721.066199833563
"711346",25,647,"A","1",7,7,0,110,12.5,NA,21,230,238,12.5,2,2,NA,100,NA,"","X","IFN3","25_647_A_1","IFN3_25_647_A_1_7","IFN3_25_647_0","25_647_A_1",23.4,14.1471060526129,430.052618349907
"711347",25,647,"A","1",8,8,3,110,5.6,NA,21,313,298,11,2,2,NA,100,NA,"","X","IFN3","25_647_A_1","IFN3_25_647_A_1_8","IFN3_25_647_3","25_647_A_1",30.55,14.1471060526129,733.014069394247
"711348",25,647,"A","1",9,9,0,129,11.6,NA,21,218,234,10.5,2,2,NA,100,NA,"","X","IFN3","25_647_A_1","IFN3_25_647_A_1_9","IFN3_25_647_0","25_647_A_1",22.6,14.1471060526129,401.149965936881
"711349",25,647,"A","1",10,10,0,141,11.3,NA,21,253,236,12.5,2,2,NA,100,NA,"","X","IFN3","25_647_A_1","IFN3_25_647_A_1_10","IFN3_25_647_0","25_647_A_1",24.45,14.1471060526129,469.512985574403
"711350",25,647,"A","1",11,11,4,168,4,NA,21,346,323,11.5,2,2,NA,100,NA,"","X","IFN3","25_647_A_1","IFN3_25_647_A_1_11","IFN3_25_647_4","25_647_A_1",33.45,14.1471060526129,878.783968520813
"711351",25,647,"A","1",12,12,0,170,13.2,NA,21,244,250,10.5,2,2,NA,100,NA,"","X","IFN3","25_647_A_1","IFN3_25_647_A_1_12","IFN3_25_647_0","25_647_A_1",24.7,14.1471060526129,479.163565507149
"711352",25,647,"A","1",13,13,0,175,13.4,NA,21,266,269,10.5,2,2,NA,100,NA,"","X","IFN3","25_647_A_1","IFN3_25_647_A_1_13","IFN3_25_647_0","25_647_A_1",26.75,14.1471060526129,562.001473296087
"711353",25,647,"A","1",14,14,0,177,16,NA,21,250,271,11,2,2,NA,100,NA,"","X","IFN3","25_647_A_1","IFN3_25_647_A_1_14","IFN3_25_647_0","25_647_A_1",26.05,14.1471060526129,532.973157176917
"711354",25,647,"A","1",15,15,0,195,15.2,NA,21,277,263,13.5,2,2,NA,100,NA,"","X","IFN3","25_647_A_1","IFN3_25_647_A_1_15","IFN3_25_647_0","25_647_A_1",27,14.1471060526129,572.55526111674
"711355",25,647,"A","1",16,16,0,212,14,NA,21,259,274,11.5,2,2,NA,100,NA,"","X","IFN3","25_647_A_1","IFN3_25_647_A_1_16","IFN3_25_647_0","25_647_A_1",26.65,14.1471060526129,557.807447103544
"711356",25,647,"A","1",17,17,5,220,4,NA,21,283,279,10.5,2,2,NA,100,NA,"","X","IFN3","25_647_A_1","IFN3_25_647_A_1_17","IFN3_25_647_5","25_647_A_1",28.1,14.1471060526129,620.158243800259
"711357",25,647,"A","1",18,18,0,223,15.6,NA,21,222,262,11.5,2,2,NA,100,NA,"","X","IFN3","25_647_A_1","IFN3_25_647_A_1_18","IFN3_25_647_0","25_647_A_1",24.2,14.1471060526129,459.960580412082
"711358",25,647,"A","1",19,19,0,237,13.3,NA,21,286,312,11.5,2,2,NA,100,NA,"","X","IFN3","25_647_A_1","IFN3_25_647_A_1_19","IFN3_25_647_0","25_647_A_1",29.9,14.1471060526129,702.153812058953
"711359",25,647,"A","1",20,20,6,252,9.3,NA,21,234,235,10,2,2,NA,100,NA,"","X","IFN3","25_647_A_1","IFN3_25_647_A_1_20","IFN3_25_647_6","25_647_A_1",23.45,14.1471060526129,431.892413547665
"711360",25,647,"A","1",21,21,0,256,14.4,NA,21,254,250,10.5,2,2,NA,100,NA,"","X","IFN3","25_647_A_1","IFN3_25_647_A_1_21","IFN3_25_647_0","25_647_A_1",25.2,14.1471060526129,498.759249683916
"711361",25,647,"A","1",22,22,0,264,15.5,NA,21,230,238,10.5,2,2,NA,100,NA,"","X","IFN3","25_647_A_1","IFN3_25_647_A_1_22","IFN3_25_647_0","25_647_A_1",23.4,14.1471060526129,430.052618349907
"711362",25,647,"A","1",23,23,0,268,10.7,NA,21,234,245,10.5,2,2,NA,100,NA,"","X","IFN3","25_647_A_1","IFN3_25_647_A_1_23","IFN3_25_647_0","25_647_A_1",23.95,14.1471060526129,450.506350020185
"711363",25,647,"A","1",24,24,7,274,8.1,NA,21,290,289,12,2,2,NA,100,NA,"","X","IFN3","25_647_A_1","IFN3_25_647_A_1_24","IFN3_25_647_7","25_647_A_1",28.95,14.1471060526129,658.24416423881
"711364",25,647,"A","1",25,25,0,297,14.4,NA,21,268,258,10.5,2,2,NA,100,NA,"","X","IFN3","25_647_A_1","IFN3_25_647_A_1_25","IFN3_25_647_0","25_647_A_1",26.3,14.1471060526129,543.252055640381
"711365",25,647,"A","1",26,26,8,305,8.8,NA,21,252,247,11,2,2,NA,100,NA,"","X","IFN3","25_647_A_1","IFN3_25_647_A_1_26","IFN3_25_647_8","25_647_A_1",24.95,14.1471060526129,488.91232021032
"711366",25,647,"A","1",27,27,9,307,6,NA,21,198,209,10.5,2,2,NA,100,NA,"","X","IFN3","25_647_A_1","IFN3_25_647_A_1_27","IFN3_25_647_9","25_647_A_1",20.35,31.8309886183791,325.25105092156
"711367",25,647,"A","1",28,28,10,308,7.4,NA,21,225,214,10.5,2,2,NA,100,NA,"","X","IFN3","25_647_A_1","IFN3_25_647_A_1_28","IFN3_25_647_10","25_647_A_1",21.95,31.8309886183791,378.406798620299
"711368",25,647,"A","1",29,29,0,314,13,NA,21,238,238,11.5,2,2,NA,100,NA,"","X","IFN3","25_647_A_1","IFN3_25_647_A_1_29","IFN3_25_647_0","25_647_A_1",23.8,14.1471060526129,444.880935674851
"711369",25,647,"A","1",30,30,0,314,11.9,NA,21,225,225,11,2,2,NA,100,NA,"","X","IFN3","25_647_A_1","IFN3_25_647_A_1_30","IFN3_25_647_0","25_647_A_1",22.5,14.1471060526129,397.607820219958
"711370",25,647,"A","1",31,31,11,314,3.9,NA,21,316,308,11,2,2,NA,100,NA,"","X","IFN3","25_647_A_1","IFN3_25_647_A_1_31","IFN3_25_647_11","25_647_A_1",31.2,14.1471060526129,764.537988177612
"711371",25,647,"A","1",32,32,12,331,7.4,NA,21,204,205,12,2,2,NA,100,NA,"","X","IFN3","25_647_A_1","IFN3_25_647_A_1_32","IFN3_25_647_12","25_647_A_1",20.45,31.8309886183791,328.455475428221
"711372",25,647,"A","1",33,33,0,347,14.6,NA,21,225,229,10,2,2,NA,100,NA,"","X","IFN3","25_647_A_1","IFN3_25_647_A_1_33","IFN3_25_647_0","25_647_A_1",22.7,14.1471060526129,404.707819617071
"711373",25,647,"A","1",34,34,13,358,6.8,NA,21,258,255,10.5,2,2,NA,100,NA,"","X","IFN3","25_647_A_1","IFN3_25_647_A_1_34","IFN3_25_647_13","25_647_A_1",25.65,14.1471060526129,516.731123157858
"711374",25,647,"A","1",35,35,0,377,12.5,NA,21,235,232,11,2,2,NA,100,NA,"","X","IFN3","25_647_A_1","IFN3_25_647_A_1_35","IFN3_25_647_0","25_647_A_1",23.35,14.1471060526129,428.216750142965
"711375",25,647,"A","1",36,36,14,382,9.5,NA,21,244,236,10.5,2,2,NA,100,NA,"","X","IFN3","25_647_A_1","IFN3_25_647_A_1_36","IFN3_25_647_14","25_647_A_1",24,14.1471060526129,452.38934211693
"711376",25,647,"A","1",37,37,15,394,9.6,NA,21,262,275,10.5,2,2,NA,100,NA,"","X","IFN3","25_647_A_1","IFN3_25_647_A_1_37","IFN3_25_647_15","25_647_A_1",26.85,14.1471060526129,566.211207451897
"719881",25,975,"A","1",1,1,0,13,2.6,NA,21,117,123,7,3,2,3035,316,1,"9","X","IFN3","25_975_A_1","IFN3_25_975_A_1_1","IFN3_25_975_0","25_975_A_1",12,127.323954473516,113.097335529233
"719882",25,975,"A","1",2,2,0,14,13.2,NA,21,265,248,12,2,2,NA,100,NA,"","X","IFN3","25_975_A_1","IFN3_25_975_A_1_2","IFN3_25_975_0","25_975_A_1",25.65,14.1471060526129,516.731123157858
"719883",25,975,"A","1",3,3,1,22,4.6,NA,21,241,237,10.5,2,2,NA,100,NA,"","X","IFN3","25_975_A_1","IFN3_25_975_A_1_3","IFN3_25_975_1","25_975_A_1",23.9,14.1471060526129,448.627284914256
"719884",25,975,"A","1",4,4,2,25,7.2,NA,21,233,230,11.5,2,2,NA,100,NA,"","X","IFN3","25_975_A_1","IFN3_25_975_A_1_4","IFN3_25_975_2","25_975_A_1",23.15,14.1471060526129,420.912547223369
"719885",25,975,"A","1",5,5,3,36,13.2,NA,21,335,344,13,2,2,NA,100,NA,"","X","IFN3","25_975_A_1","IFN3_25_975_A_1_5","IFN3_25_975_3","25_975_A_1",33.95,14.1471060526129,905.251886627307
"719887",25,975,"A","1",7,6,5,49,6.6,NA,21,192,202,11,2,2,NA,100,NA,"","X","IFN3","25_975_A_1","IFN3_25_975_A_1_7","IFN3_25_975_5","25_975_A_1",19.7,31.8309886183791,304.805173232916
"719888",25,975,"A","1",8,7,6,53,6.5,NA,21,169,165,11,2,2,NA,100,NA,"","X","IFN3","25_975_A_1","IFN3_25_975_A_1_8","IFN3_25_975_6","25_975_A_1",16.7,31.8309886183791,219.039693789914
"719889",25,975,"A","1",9,8,7,65,5.4,NA,21,244,246,12,2,2,41,100,NA,"","X","IFN3","25_975_A_1","IFN3_25_975_A_1_9","IFN3_25_975_7","25_975_A_1",24.5,14.1471060526129,471.435247579318
"719890",25,975,"A","1",10,9,0,71,12.6,NA,21,272,279,12,2,2,NA,100,NA,"","X","IFN3","25_975_A_1","IFN3_25_975_A_1_10","IFN3_25_975_0","25_975_A_1",27.55,14.1471060526129,596.119169514072
"719891",25,975,"A","1",11,10,0,73,5.9,NA,21,136,132,9,2,3,NA,100,NA,"","X","IFN3","25_975_A_1","IFN3_25_975_A_1_11","IFN3_25_975_0","25_975_A_1",13.4,31.8309886183791,141.026094219646
"719892",25,975,"A","1",12,11,0,100,14,NA,21,219,232,10,2,2,42,100,NA,"","X","IFN3","25_975_A_1","IFN3_25_975_A_1_12","IFN3_25_975_0","25_975_A_1",22.55,14.1471060526129,399.376929583011
"719893",25,975,"A","1",13,12,0,101,8.6,NA,21,138,148,7.5,2,2,NA,100,NA,"","X","IFN3","25_975_A_1","IFN3_25_975_A_1_13","IFN3_25_975_0","25_975_A_1",14.3,31.8309886183791,160.606070433144
"719894",25,975,"A","1",14,13,8,116,11.8,NA,21,304,328,11.5,2,2,NA,100,NA,"","X","IFN3","25_975_A_1","IFN3_25_975_A_1_14","IFN3_25_975_8","25_975_A_1",31.6,14.1471060526129,784.267190042156
"719895",25,975,"A","1",15,14,9,140,7.8,NA,21,271,267,12.5,2,2,NA,100,NA,"","X","IFN3","25_975_A_1","IFN3_25_975_A_1_15","IFN3_25_975_9","25_975_A_1",26.9,14.1471060526129,568.321965016027
"719896",25,975,"A","1",16,15,10,145,3,NA,73,188,179,9.5,2,2,49,100,NA,"","X","IFN3","25_975_A_1","IFN3_25_975_A_1_16","IFN3_25_975_10","25_975_A_1",18.35,31.8309886183791,264.461233074597
"719897",25,975,"A","1",17,16,11,150,3.5,NA,73,165,160,9.5,2,2,49,100,NA,"","X","IFN3","25_975_A_1","IFN3_25_975_A_1_17","IFN3_25_975_11","25_975_A_1",16.25,31.8309886183791,207.394202522139
"719898",25,975,"A","1",18,17,12,159,9.6,NA,21,271,244,11.5,2,2,NA,100,NA,"","X","IFN3","25_975_A_1","IFN3_25_975_A_1_18","IFN3_25_975_12","25_975_A_1",25.75,14.1471060526129,520.768069717721
"719899",25,975,"A","1",19,18,13,166,8.6,NA,21,199,201,10.5,2,2,NA,100,NA,"","X","IFN3","25_975_A_1","IFN3_25_975_A_1_19","IFN3_25_975_13","25_975_A_1",20,31.8309886183791,314.159265358979
"719900",25,975,"A","1",20,19,0,169,13.5,NA,21,232,228,12.5,2,2,NA,100,NA,"","X","IFN3","25_975_A_1","IFN3_25_975_A_1_20","IFN3_25_975_0","25_975_A_1",23,14.1471060526129,415.47562843725
"719901",25,975,"A","1",21,20,0,176,10.2,NA,21,246,238,13,2,2,42,100,NA,"","X","IFN3","25_975_A_1","IFN3_25_975_A_1_21","IFN3_25_975_0","25_975_A_1",24.2,14.1471060526129,459.960580412082
"719902",25,975,"A","1",22,21,14,178,9.7,NA,21,248,260,11.5,2,2,42,100,NA,"","X","IFN3","25_975_A_1","IFN3_25_975_A_1_22","IFN3_25_975_14","25_975_A_1",25.4,14.1471060526129,506.707479097498
"719903",25,975,"A","1",23,22,15,184,6.6,NA,21,189,187,10.5,2,2,NA,100,NA,"","X","IFN3","25_975_A_1","IFN3_25_975_A_1_23","IFN3_25_975_15","25_975_A_1",18.8,31.8309886183791,277.591126871194
"719904",25,975,"A","1",24,23,16,197,6,NA,21,264,263,11,2,2,NA,100,NA,"","X","IFN3","25_975_A_1","IFN3_25_975_A_1_24","IFN3_25_975_16","25_975_A_1",26.35,14.1471060526129,545.319616305525
"719905",25,975,"A","1",25,24,17,203,2,NA,21,246,236,9,2,2,NA,100,NA,"","X","IFN3","25_975_A_1","IFN3_25_975_A_1_25","IFN3_25_975_17","25_975_A_1",24.1,14.1471060526129,456.167107282872
"719906",25,975,"A","1",26,25,0,214,13.6,NA,21,245,245,13,2,2,NA,100,NA,"","X","IFN3","25_975_A_1","IFN3_25_975_A_1_26","IFN3_25_975_0","25_975_A_1",24.5,14.1471060526129,471.435247579318
"719907",25,975,"A","1",27,26,18,229,4.7,NA,21,134,211,10,2,2,45,100,NA,"","X","IFN3","25_975_A_1","IFN3_25_975_A_1_27","IFN3_25_975_18","25_975_A_1",17.25,31.8309886183791,233.705040995953
"719908",25,975,"A","1",28,27,19,230,5,NA,21,93,94,10,2,3,NA,100,NA,"","X","IFN3","25_975_A_1","IFN3_25_975_A_1_28","IFN3_25_975_19","25_975_A_1",9.35,127.323954473516,68.6614709396134
"719909",25,975,"A","1",29,28,0,234,9,NA,21,144,164,9,2,2,NA,100,NA,"","X","IFN3","25_975_A_1","IFN3_25_975_A_1_29","IFN3_25_975_0","25_975_A_1",15.4,31.8309886183791,186.265028431339
"719910",25,975,"A","1",30,29,20,235,8.4,NA,21,175,185,9.5,2,2,NA,100,NA,"","X","IFN3","25_975_A_1","IFN3_25_975_A_1_30","IFN3_25_975_20","25_975_A_1",18,31.8309886183791,254.469004940773
"719911",25,975,"A","1",31,30,0,237,14.3,NA,21,244,233,10,2,2,42,100,NA,"","X","IFN3","25_975_A_1","IFN3_25_975_A_1_31","IFN3_25_975_0","25_975_A_1",23.85,14.1471060526129,446.752146799145
"719912",25,975,"A","1",32,31,0,241,6.8,NA,21,179,177,8.5,2,2,NA,100,NA,"","X","IFN3","25_975_A_1","IFN3_25_975_A_1_32","IFN3_25_975_0","25_975_A_1",17.8,31.8309886183791,248.845554090848
"719913",25,975,"A","1",33,888,21,246,5.2,NA,21,124,135,0,6,NA,NA,200,3,"9","X","IFN3","25_975_A_1","IFN3_25_975_A_1_33","IFN3_25_975_21","25_975_A_1",12.95,31.8309886183791,131.713235497161
"719914",25,975,"A","1",34,888,22,251,5,NA,21,168,168,0,6,NA,NA,200,3,"9","X","IFN3","25_975_A_1","IFN3_25_975_A_1_34","IFN3_25_975_22","25_975_A_1",16.8,31.8309886183791,221.670777637296
"719915",25,975,"A","1",35,32,0,278,9.5,NA,21,126,128,8.5,2,2,NA,100,NA,"","X","IFN3","25_975_A_1","IFN3_25_975_A_1_35","IFN3_25_975_0","25_975_A_1",12.7,31.8309886183791,126.676869774374
"719916",25,975,"A","1",36,33,23,289,11.6,NA,21,370,308,12.5,2,2,42,100,NA,"","X","IFN3","25_975_A_1","IFN3_25_975_A_1_36","IFN3_25_975_23","25_975_A_1",33.9,14.1471060526129,902.587423357981
"719917",25,975,"A","1",37,34,0,294,14.3,NA,21,308,328,13,2,2,NA,100,NA,"","X","IFN3","25_975_A_1","IFN3_25_975_A_1_37","IFN3_25_975_0","25_975_A_1",31.8,14.1471060526129,794.226038754036
"719918",25,975,"A","1",38,35,0,297,5.5,NA,21,138,145,7.5,2,2,NA,100,NA,"","X","IFN3","25_975_A_1","IFN3_25_975_A_1_38","IFN3_25_975_0","25_975_A_1",14.15,31.8309886183791,157.254383770846
"719919",25,975,"A","1",39,36,24,307,9.5,NA,21,227,242,11.5,2,2,NA,100,NA,"","X","IFN3","25_975_A_1","IFN3_25_975_A_1_39","IFN3_25_975_24","25_975_A_1",23.45,14.1471060526129,431.892413547665
"719920",25,975,"A","1",40,37,0,310,11,NA,21,287,300,10.5,2,2,NA,100,NA,"","X","IFN3","25_975_A_1","IFN3_25_975_A_1_40","IFN3_25_975_0","25_975_A_1",29.35,14.1471060526129,676.559649409239
"719921",25,975,"A","1",41,38,0,311,7.2,NA,21,139,148,8.5,2,2,NA,100,NA,"","X","IFN3","25_975_A_1","IFN3_25_975_A_1_41","IFN3_25_975_0","25_975_A_1",14.35,31.8309886183791,161.731153302211
"719922",25,975,"A","1",42,39,0,319,6.2,NA,21,210,207,11,2,2,NA,100,NA,"","X","IFN3","25_975_A_1","IFN3_25_975_A_1_42","IFN3_25_975_0","25_975_A_1",20.85,31.8309886183791,341.430253087547
"719923",25,975,"A","1",43,40,25,331,12.1,NA,21,289,291,10,2,2,NA,100,NA,"","X","IFN3","25_975_A_1","IFN3_25_975_A_1_43","IFN3_25_975_25","25_975_A_1",29,14.1471060526129,660.519855417254
"719924",25,975,"A","1",44,41,26,336,9,NA,21,137,156,5,2,5,NA,100,NA,"","X","IFN3","25_975_A_1","IFN3_25_975_A_1_44","IFN3_25_975_26","25_975_A_1",14.65,31.8309886183791,168.564117323769
"719925",25,975,"A","1",45,42,0,345,14.5,NA,21,295,284,12,2,2,NA,100,NA,"","X","IFN3","25_975_A_1","IFN3_25_975_A_1_45","IFN3_25_975_0","25_975_A_1",28.95,14.1471060526129,658.24416423881
"719926",25,975,"A","1",46,43,27,378,12.4,NA,21,328,334,9.5,2,2,NA,100,NA,"","X","IFN3","25_975_A_1","IFN3_25_975_A_1_46","IFN3_25_975_27","25_975_A_1",33.1,14.1471060526129,860.490081799878
"719927",25,975,"A","1",47,888,28,382,8.4,NA,21,125,125,0,6,NA,NA,200,3,"9","X","IFN3","25_975_A_1","IFN3_25_975_A_1_47","IFN3_25_975_28","25_975_A_1",12.5,31.8309886183791,122.718463030851
"719982",25,977,"A","1",1,1,1,10,9.3,NA,21,216,223,8,2,2,NA,100,NA,"","X","IFN3","25_977_A_1","IFN3_25_977_A_1_1","IFN3_25_977_1","25_977_A_1",21.95,31.8309886183791,378.406798620299
"719983",25,977,"A","1",2,2,2,44,6.6,NA,21,233,216,10,2,2,NA,100,NA,"","X","IFN3","25_977_A_1","IFN3_25_977_A_1_2","IFN3_25_977_2","25_977_A_1",22.45,31.8309886183791,395.842637847722
"719984",25,977,"A","1",3,3,3,60,5.9,NA,21,191,194,8.5,2,2,NA,100,NA,"","X","IFN3","25_977_A_1","IFN3_25_977_A_1_3","IFN3_25_977_3","25_977_A_1",19.25,31.8309886183791,291.039106923967
"719985",25,977,"A","1",4,4,0,75,5.7,NA,21,154,150,9,2,2,NA,100,NA,"","X","IFN3","25_977_A_1","IFN3_25_977_A_1_4","IFN3_25_977_0","25_977_A_1",15.2,31.8309886183791,181.458391671346
"719986",25,977,"A","1",5,5,4,90,6.1,NA,21,209,208,8,2,2,NA,100,NA,"","X","IFN3","25_977_A_1","IFN3_25_977_A_1_5","IFN3_25_977_4","25_977_A_1",20.85,31.8309886183791,341.430253087547
"719987",25,977,"A","1",6,6,5,173,0.7,NA,21,235,230,8.5,2,2,NA,100,NA,"","X","IFN3","25_977_A_1","IFN3_25_977_A_1_6","IFN3_25_977_5","25_977_A_1",23.25,14.1471060526129,424.556794701533
"719988",25,977,"A","1",7,7,0,217,8.8,NA,21,189,177,7.5,2,2,NA,100,NA,"","X","IFN3","25_977_A_1","IFN3_25_977_A_1_7","IFN3_25_977_0","25_977_A_1",18.3,31.8309886183791,263.021990940171
"719989",25,977,"A","1",8,8,0,219,9.5,NA,21,172,177,8,2,2,NA,100,NA,"","X","IFN3","25_977_A_1","IFN3_25_977_A_1_8","IFN3_25_977_0","25_977_A_1",17.45,31.8309886183791,239.155704249931
"719990",25,977,"A","1",9,9,0,226,7.9,NA,21,164,161,8.5,2,2,NA,100,NA,"","X","IFN3","25_977_A_1","IFN3_25_977_A_1_9","IFN3_25_977_0","25_977_A_1",16.25,31.8309886183791,207.394202522139
"719991",25,977,"A","1",10,10,0,240,5.8,NA,21,161,142,7.5,2,2,NA,100,NA,"","X","IFN3","25_977_A_1","IFN3_25_977_A_1_10","IFN3_25_977_0","25_977_A_1",15.15,31.8309886183791,180.266549958391
"719992",25,977,"A","1",11,11,6,259,5,NA,21,193,200,7,2,2,NA,100,NA,"","X","IFN3","25_977_A_1","IFN3_25_977_A_1_11","IFN3_25_977_6","25_977_A_1",19.65,31.8309886183791,303.259902346431
"719993",25,977,"A","1",12,12,0,260,11.2,NA,21,257,246,10,2,2,NA,100,NA,"","X","IFN3","25_977_A_1","IFN3_25_977_A_1_12","IFN3_25_977_0","25_977_A_1",25.15,14.1471060526129,496.782009807562
"719994",25,977,"A","1",13,13,0,325,7.6,NA,21,172,174,8,2,2,NA,100,NA,"","X","IFN3","25_977_A_1","IFN3_25_977_A_1_13","IFN3_25_977_0","25_977_A_1",17.3,31.8309886183791,235.061816323222
"719995",25,977,"A","1",14,14,0,327,7.2,NA,21,195,196,8,2,2,NA,100,NA,"","X","IFN3","25_977_A_1","IFN3_25_977_A_1_14","IFN3_25_977_0","25_977_A_1",19.55,31.8309886183791,300.181141545913
"719996",25,977,"A","1",15,15,0,335,8.6,NA,26,126,129,7.5,2,2,NA,100,NA,"","X","IFN3","25_977_A_1","IFN3_25_977_A_1_15","IFN3_25_977_0","25_977_A_1",12.75,31.8309886183791,127.676288937298
"719997",25,977,"A","1",16,16,0,372,5.2,NA,21,153,158,8.5,2,2,NA,100,NA,"","X","IFN3","25_977_A_1","IFN3_25_977_A_1_16","IFN3_25_977_0","25_977_A_1",15.55,31.8309886183791,189.911239404911
"720122",25,982,"A","1",1,1,1,0,4.7,NA,21,148,159,11.4,2,2,NA,100,NA,"","X","IFN3","25_982_A_1","IFN3_25_982_A_1_1","IFN3_25_982_1","25_982_A_1",15.35,31.8309886183791,185.057478755115
"720123",25,982,"A","1",2,2,0,2,9.8,NA,21,193,233,11.4,2,2,41,100,NA,"","X","IFN3","25_982_A_1","IFN3_25_982_A_1_2","IFN3_25_982_0","25_982_A_1",21.3,31.8309886183791,356.327292751788
"720124",25,982,"A","1",3,3,3,7,1.7,NA,21,97,104,11.9,3,3,NA,316,1,"4","X","IFN3","25_982_A_1","IFN3_25_982_A_1_3","IFN3_25_982_3","25_982_A_1",10.05,127.323954473516,79.3271779985508
"720125",25,982,"A","1",4,4,2,7,1,NA,21,137,132,12.1,2,2,NA,100,NA,"","X","IFN3","25_982_A_1","IFN3_25_982_A_1_4","IFN3_25_982_2","25_982_A_1",13.45,31.8309886183791,142.080491254007
"720126",25,982,"A","1",5,5,4,12,0.7,NA,21,103,97,11.5,3,3,NA,316,2,"9","X","IFN3","25_982_A_1","IFN3_25_982_A_1_5","IFN3_25_982_4","25_982_A_1",10,127.323954473516,78.5398163397448
"720127",25,982,"A","1",6,6,5,25,4.3,NA,21,172,177,11,2,2,NA,100,NA,"","X","IFN3","25_982_A_1","IFN3_25_982_A_1_6","IFN3_25_982_5","25_982_A_1",17.45,31.8309886183791,239.155704249931
"720128",25,982,"A","1",7,7,9,29,7.4,NA,21,197,182,10.5,2,2,NA,100,NA,"","X","IFN3","25_982_A_1","IFN3_25_982_A_1_7","IFN3_25_982_9","25_982_A_1",18.95,31.8309886183791,282.038443971432
"720129",25,982,"A","1",8,8,8,29,3.4,NA,21,164,159,12.8,2,2,NA,100,NA,"","X","IFN3","25_982_A_1","IFN3_25_982_A_1_8","IFN3_25_982_8","25_982_A_1",16.15,31.8309886183791,204.849512472731
"720130",25,982,"A","1",9,9,7,30,2.9,NA,21,130,130,12.5,3,2,3025,316,2,"9","X","IFN3","25_982_A_1","IFN3_25_982_A_1_9","IFN3_25_982_7","25_982_A_1",13,31.8309886183791,132.732289614169
"720131",25,982,"A","1",10,888,6,31,1.5,NA,21,87,93,0,6,NA,NA,316,3,"9","X","IFN3","25_982_A_1","IFN3_25_982_A_1_10","IFN3_25_982_6","25_982_A_1",9,127.323954473516,63.6172512351933
"720132",25,982,"A","1",11,10,10,37,7.1,NA,21,240,236,13,2,2,NA,100,NA,"","X","IFN3","25_982_A_1","IFN3_25_982_A_1_11","IFN3_25_982_10","25_982_A_1",23.8,14.1471060526129,444.880935674851
"720133",25,982,"A","1",12,11,0,48,7.9,NA,21,153,171,13.2,2,2,NA,100,NA,"","X","IFN3","25_982_A_1","IFN3_25_982_A_1_12","IFN3_25_982_0","25_982_A_1",16.2,31.8309886183791,206.119894002026
"720134",25,982,"A","1",13,12,0,53,10.3,NA,21,226,231,12.6,2,2,NA,100,NA,"","X","IFN3","25_982_A_1","IFN3_25_982_A_1_13","IFN3_25_982_0","25_982_A_1",22.85,14.1471060526129,410.074052568484
"720135",25,982,"A","1",14,13,0,54,14.9,NA,21,263,257,12,2,2,NA,100,NA,"","X","IFN3","25_982_A_1","IFN3_25_982_A_1_14","IFN3_25_982_0","25_982_A_1",26,14.1471060526129,530.929158456675
"720136",25,982,"A","1",15,888,11,61,7.3,NA,21,133,128,0,6,NA,NA,316,3,"9","X","IFN3","25_982_A_1","IFN3_25_982_A_1_15","IFN3_25_982_11","25_982_A_1",13.05,31.8309886183791,133.755270721994
"720137",25,982,"A","1",16,888,12,63,7.4,NA,21,124,129,0,6,NA,NA,316,3,"9","X","IFN3","25_982_A_1","IFN3_25_982_A_1_16","IFN3_25_982_12","25_982_A_1",12.65,31.8309886183791,125.681377602268
"720138",25,982,"A","1",17,14,14,71,5.1,NA,21,285,293,13.2,2,2,45,100,NA,"","X","IFN3","25_982_A_1","IFN3_25_982_A_1_17","IFN3_25_982_14","25_982_A_1",28.9,14.1471060526129,655.972400051183
"720139",25,982,"A","1",18,15,13,71,4.6,NA,21,134,139,11.3,3,2,42,316,2,"9","X","IFN3","25_982_A_1","IFN3_25_982_A_1_18","IFN3_25_982_13","25_982_A_1",13.65,31.8309886183791,146.337349299621
"720140",25,982,"A","1",19,888,15,74,8.9,NA,21,133,134,0,6,NA,NA,316,3,"9","X","IFN3","25_982_A_1","IFN3_25_982_A_1_19","IFN3_25_982_15","25_982_A_1",13.35,31.8309886183791,139.975624176102
"720141",25,982,"A","1",20,16,16,75,8.9,NA,21,203,207,12.5,2,2,41,100,NA,"","X","IFN3","25_982_A_1","IFN3_25_982_A_1_20","IFN3_25_982_16","25_982_A_1",20.5,31.8309886183791,330.063578167778
"720142",25,982,"A","1",21,17,0,87,10.7,NA,21,270,237,10.3,2,2,41,100,NA,"","X","IFN3","25_982_A_1","IFN3_25_982_A_1_21","IFN3_25_982_0","25_982_A_1",25.35,14.1471060526129,504.714531257877
"720143",25,982,"A","1",22,18,17,91,6.8,NA,21,189,209,12.7,2,2,NA,100,NA,"","X","IFN3","25_982_A_1","IFN3_25_982_A_1_22","IFN3_25_982_17","25_982_A_1",19.9,31.8309886183791,311.025526687023
"720144",25,982,"A","1",23,888,18,136,4.7,NA,21,167,170,0,6,NA,NA,411,3,"9","X","IFN3","25_982_A_1","IFN3_25_982_A_1_23","IFN3_25_982_18","25_982_A_1",16.85,31.8309886183791,222.992210047212
"720145",25,982,"A","1",24,19,19,142,1.6,NA,21,293,288,14.6,2,2,41,100,NA,"","X","IFN3","25_982_A_1","IFN3_25_982_A_1_24","IFN3_25_982_19","25_982_A_1",29.05,14.1471060526129,662.799473586515
"720146",25,982,"A","1",25,20,0,152,14.3,NA,21,229,235,14.1,2,2,NA,100,NA,"","X","IFN3","25_982_A_1","IFN3_25_982_A_1_25","IFN3_25_982_0","25_982_A_1",23.2,14.1471060526129,422.732707467043
"720147",25,982,"A","1",26,888,20,170,5.2,NA,21,152,173,0,6,NA,NA,411,3,"9","X","IFN3","25_982_A_1","IFN3_25_982_A_1_26","IFN3_25_982_20","25_982_A_1",16.25,31.8309886183791,207.394202522139
"720148",25,982,"A","1",27,888,21,179,6,NA,21,172,165,0,6,NA,NA,411,3,"9","X","IFN3","25_982_A_1","IFN3_25_982_A_1_27","IFN3_25_982_21","25_982_A_1",16.85,31.8309886183791,222.992210047212
"720149",25,982,"A","1",28,888,22,180,5.5,NA,21,122,129,0,6,NA,NA,411,3,"9","X","IFN3","25_982_A_1","IFN3_25_982_A_1_28","IFN3_25_982_22","25_982_A_1",12.55,31.8309886183791,123.702174230507
"720150",25,982,"A","1",29,21,23,191,9.6,NA,21,174,194,9.6,3,2,NA,311,2,"2","X","IFN3","25_982_A_1","IFN3_25_982_A_1_29","IFN3_25_982_23","25_982_A_1",18.4,31.8309886183791,265.90440219984
"720151",25,982,"A","1",30,22,0,198,10.2,NA,21,259,264,14.5,2,2,NA,100,NA,"","X","IFN3","25_982_A_1","IFN3_25_982_A_1_30","IFN3_25_982_0","25_982_A_1",26.15,14.1471060526129,537.072935589851
"720152",25,982,"A","1",31,23,0,199,13.8,NA,21,249,245,14,2,2,NA,100,NA,"","X","IFN3","25_982_A_1","IFN3_25_982_A_1_31","IFN3_25_982_0","25_982_A_1",24.7,14.1471060526129,479.163565507149
"720153",25,982,"A","1",32,24,24,200,7.7,NA,21,215,220,14.2,2,2,NA,100,NA,"","X","IFN3","25_982_A_1","IFN3_25_982_A_1_32","IFN3_25_982_24","25_982_A_1",21.75,31.8309886183791,371.542418672205
"720154",25,982,"A","1",33,25,26,210,3.6,NA,21,149,159,10,3,2,NA,316,2,"9","X","IFN3","25_982_A_1","IFN3_25_982_A_1_33","IFN3_25_982_26","25_982_A_1",15.4,31.8309886183791,186.265028431339
"720155",25,982,"A","1",34,26,25,211,8.5,NA,21,184,176,13.6,3,2,41,316,2,"9","X","IFN3","25_982_A_1","IFN3_25_982_A_1_34","IFN3_25_982_25","25_982_A_1",18,31.8309886183791,254.469004940773
"720156",25,982,"A","1",35,27,27,216,2.9,NA,21,267,250,13.3,2,2,NA,100,NA,"","X","IFN3","25_982_A_1","IFN3_25_982_A_1_35","IFN3_25_982_27","25_982_A_1",25.85,14.1471060526129,524.820724240851
"720157",25,982,"A","1",36,28,28,222,8.6,NA,21,215,192,13.4,2,2,41,100,NA,"","X","IFN3","25_982_A_1","IFN3_25_982_A_1_36","IFN3_25_982_28","25_982_A_1",20.35,31.8309886183791,325.25105092156
"720158",25,982,"A","1",37,29,30,227,7,NA,21,183,189,12.6,2,2,NA,100,NA,"","X","IFN3","25_982_A_1","IFN3_25_982_A_1_37","IFN3_25_982_30","25_982_A_1",18.6,31.8309886183791,271.716348608981
"720159",25,982,"A","1",38,30,29,227,2.7,NA,21,155,150,13.5,2,2,NA,100,NA,"","X","IFN3","25_982_A_1","IFN3_25_982_A_1_38","IFN3_25_982_29","25_982_A_1",15.25,31.8309886183791,182.654160375119
"720160",25,982,"A","1",39,888,31,234,2.9,NA,21,94,94,0,6,NA,NA,316,3,"9","X","IFN3","25_982_A_1","IFN3_25_982_A_1_39","IFN3_25_982_31","25_982_A_1",9.4,127.323954473516,69.3977817177985
"720161",25,982,"A","1",40,31,32,238,6.9,NA,21,136,134,12.3,2,2,NA,100,NA,"","X","IFN3","25_982_A_1","IFN3_25_982_A_1_40","IFN3_25_982_32","25_982_A_1",13.5,31.8309886183791,143.138815279185
"720162",25,982,"A","1",41,32,33,249,9.2,NA,21,167,161,13.5,2,2,NA,100,NA,"","X","IFN3","25_982_A_1","IFN3_25_982_A_1_41","IFN3_25_982_33","25_982_A_1",16.4,31.8309886183791,211.240690027378
"720163",25,982,"A","1",42,33,0,255,9.4,NA,21,143,158,13.5,3,2,NA,310,2,"4","X","IFN3","25_982_A_1","IFN3_25_982_A_1_42","IFN3_25_982_0","25_982_A_1",15.05,31.8309886183791,177.894647504931
"720164",25,982,"A","1",43,34,34,260,7.3,NA,21,244,242,13.5,2,2,NA,100,NA,"","X","IFN3","25_982_A_1","IFN3_25_982_A_1_43","IFN3_25_982_34","25_982_A_1",24.3,14.1471060526129,463.769761504559
"720165",25,982,"A","1",44,35,0,269,11.7,NA,21,233,235,14.1,2,2,NA,100,NA,"","X","IFN3","25_982_A_1","IFN3_25_982_A_1_44","IFN3_25_982_0","25_982_A_1",23.4,14.1471060526129,430.052618349907
"720166",25,982,"A","1",45,36,35,269,3,NA,21,188,191,13.6,2,2,NA,100,NA,"","X","IFN3","25_982_A_1","IFN3_25_982_A_1_45","IFN3_25_982_35","25_982_A_1",18.95,31.8309886183791,282.038443971432
"720167",25,982,"A","1",46,37,36,272,2.3,NA,21,89,89,12,5,3,NA,316,3,"9","X","IFN3","25_982_A_1","IFN3_25_982_A_1_46","IFN3_25_982_36","25_982_A_1",8.9,127.323954473516,62.2113885227119
"720168",25,982,"A","1",47,38,37,278,2.4,NA,21,186,171,13.6,2,2,NA,100,NA,"","X","IFN3","25_982_A_1","IFN3_25_982_A_1_47","IFN3_25_982_37","25_982_A_1",17.85,31.8309886183791,250.245526317103
"720169",25,982,"A","1",48,888,38,281,7.1,NA,21,137,133,0,6,NA,NA,316,3,"9","X","IFN3","25_982_A_1","IFN3_25_982_A_1_48","IFN3_25_982_38","25_982_A_1",13.5,31.8309886183791,143.138815279185
"720170",25,982,"A","1",49,888,39,283,7.1,NA,21,164,156,0,6,NA,NA,411,3,"9","X","IFN3","25_982_A_1","IFN3_25_982_A_1_49","IFN3_25_982_39","25_982_A_1",16,31.8309886183791,201.061929829747
"720171",25,982,"A","1",50,39,40,283,7.2,NA,21,165,168,14.5,3,2,NA,400,1,"9","X","IFN3","25_982_A_1","IFN3_25_982_A_1_50","IFN3_25_982_40","25_982_A_1",16.65,31.8309886183791,217.730042352449
"720172",25,982,"A","1",51,888,41,298,9.5,NA,21,163,180,0,6,NA,NA,400,3,"9","X","IFN3","25_982_A_1","IFN3_25_982_A_1_51","IFN3_25_982_41","25_982_A_1",17.15,31.8309886183791,231.003271313866
"720173",25,982,"A","1",52,40,0,301,8.3,NA,21,130,125,14,2,2,NA,100,NA,"","X","IFN3","25_982_A_1","IFN3_25_982_A_1_52","IFN3_25_982_0","25_982_A_1",12.75,31.8309886183791,127.676288937298
"720174",25,982,"A","1",53,888,42,303,8.6,NA,21,122,132,0,6,NA,NA,400,3,"9","X","IFN3","25_982_A_1","IFN3_25_982_A_1_53","IFN3_25_982_42","25_982_A_1",12.7,31.8309886183791,126.676869774374
"720175",25,982,"A","1",54,41,43,308,4.8,NA,21,149,162,15.5,2,2,NA,100,NA,"","X","IFN3","25_982_A_1","IFN3_25_982_A_1_54","IFN3_25_982_43","25_982_A_1",15.55,31.8309886183791,189.911239404911
"720176",25,982,"A","1",55,42,0,319,13.7,NA,21,234,227,14.5,2,2,41,100,NA,"","X","IFN3","25_982_A_1","IFN3_25_982_A_1_55","IFN3_25_982_0","25_982_A_1",23.05,14.1471060526129,417.284007708473
"720177",25,982,"A","1",56,43,44,323,4.5,NA,21,167,170,14.4,2,2,NA,100,NA,"","X","IFN3","25_982_A_1","IFN3_25_982_A_1_56","IFN3_25_982_44","25_982_A_1",16.85,31.8309886183791,222.992210047212
"720178",25,982,"A","1",57,888,45,327,7.7,NA,21,154,152,0,6,NA,NA,400,3,"9","X","IFN3","25_982_A_1","IFN3_25_982_A_1_57","IFN3_25_982_45","25_982_A_1",15.3,31.8309886183791,183.853856069709
"720179",25,982,"A","1",58,888,46,330,9.8,NA,21,185,202,0,6,NA,NA,400,3,"9","X","IFN3","25_982_A_1","IFN3_25_982_A_1_58","IFN3_25_982_46","25_982_A_1",19.35,31.8309886183791,294.070743834681
"720180",25,982,"A","1",59,888,47,335,8,NA,21,144,142,0,6,NA,NA,400,3,"9","X","IFN3","25_982_A_1","IFN3_25_982_A_1_59","IFN3_25_982_47","25_982_A_1",14.3,31.8309886183791,160.606070433144
"720181",25,982,"A","1",60,888,48,352,7.7,NA,21,157,152,0,6,NA,NA,400,3,"9","X","IFN3","25_982_A_1","IFN3_25_982_A_1_60","IFN3_25_982_48","25_982_A_1",15.45,31.8309886183791,187.476505098379
"720182",25,982,"A","1",61,888,49,354,6.6,NA,21,177,173,0,6,NA,NA,400,3,"9","X","IFN3","25_982_A_1","IFN3_25_982_A_1_61","IFN3_25_982_49","25_982_A_1",17.5,31.8309886183791,240.528187540469
"720183",25,982,"A","1",62,888,50,359,3.7,NA,21,104,104,0,6,NA,NA,316,3,"9","X","IFN3","25_982_A_1","IFN3_25_982_A_1_62","IFN3_25_982_50","25_982_A_1",10.4,127.323954473516,84.948665353068
"720184",25,982,"A","1",63,44,51,363,3.3,NA,21,207,196,14,2,2,NA,100,NA,"","X","IFN3","25_982_A_1","IFN3_25_982_A_1_63","IFN3_25_982_51","25_982_A_1",20.15,31.8309886183791,318.88932579804
"720185",25,982,"A","1",64,45,52,367,3.7,NA,21,177,177,12.6,2,2,NA,100,NA,"","X","IFN3","25_982_A_1","IFN3_25_982_A_1_64","IFN3_25_982_52","25_982_A_1",17.7,31.8309886183791,246.057390610787
"720186",25,982,"A","1",65,46,0,370,10.1,NA,21,264,255,13.7,2,2,41,100,NA,"","X","IFN3","25_982_A_1","IFN3_25_982_A_1_65","IFN3_25_982_0","25_982_A_1",25.95,14.1471060526129,528.88908672725
"720187",25,982,"A","1",66,888,53,372,8.8,NA,21,157,155,0,6,NA,NA,400,3,"9","X","IFN3","25_982_A_1","IFN3_25_982_A_1_66","IFN3_25_982_53","25_982_A_1",15.6,31.8309886183791,191.134497044403
"726850",25,1277,"A","4",1,1,0,75,4.7,NA,45,80,85,3.5,2,5,429,100,NA,"","E","IFN3","25_1277_A_4","IFN3_25_1277_A_4_1","IFN3_25_1277_0","25_1277_A_4",8.25,127.323954473516,53.4561624962388
"726851",25,1277,"A","4",2,2,0,80,4.2,NA,45,102,83,3.5,2,5,429,100,NA,"","E","IFN3","25_1277_A_4","IFN3_25_1277_A_4_2","IFN3_25_1277_0","25_1277_A_4",9.25,127.323954473516,67.2006303556942
"726852",25,1277,"A","4",3,3,0,81,5.2,NA,45,93,111,3.5,2,5,49,100,NA,"","E","IFN3","25_1277_A_4","IFN3_25_1277_A_4_3","IFN3_25_1277_0","25_1277_A_4",10.2,127.323954473516,81.7128249198705
"726853",25,1277,"A","4",4,4,0,90,4.1,NA,45,101,108,3.5,2,5,49,100,NA,"","E","IFN3","25_1277_A_4","IFN3_25_1277_A_4_4","IFN3_25_1277_0","25_1277_A_4",10.45,127.323954473516,85.7674429384098
"726854",25,1277,"A","4",5,5,0,92,6.8,NA,21,125,125,5,2,3,NA,100,NA,"","E","IFN3","25_1277_A_4","IFN3_25_1277_A_4_5","IFN3_25_1277_0","25_1277_A_4",12.5,31.8309886183791,122.718463030851
"726855",25,1277,"A","4",6,6,0,164,8.7,NA,21,162,156,6.5,2,3,NA,100,NA,"","E","IFN3","25_1277_A_4","IFN3_25_1277_A_4_6","IFN3_25_1277_0","25_1277_A_4",15.9,31.8309886183791,198.556509688509
"726856",25,1277,"A","4",7,7,0,210,9.2,NA,21,141,139,6.5,2,3,NA,100,NA,"","E","IFN3","25_1277_A_4","IFN3_25_1277_A_4_7","IFN3_25_1277_0","25_1277_A_4",14,31.8309886183791,153.9380400259
"726857",25,1277,"A","4",8,8,0,297,5,NA,21,108,116,4.5,2,3,NA,100,NA,"","E","IFN3","25_1277_A_4","IFN3_25_1277_A_4_8","IFN3_25_1277_0","25_1277_A_4",11.2,127.323954473516,98.5203456165759
"726858",25,1277,"A","4",9,9,0,382,4.6,NA,21,174,177,6.5,2,2,NA,100,NA,"","E","IFN3","25_1277_A_4","IFN3_25_1277_A_4_9","IFN3_25_1277_0","25_1277_A_4",17.55,31.8309886183791,241.904597821823
"726859",25,1277,"A","4",10,10,0,396,2.6,NA,21,77,77,3,2,3,NA,100,NA,"","E","IFN3","25_1277_A_4","IFN3_25_1277_A_4_10","IFN3_25_1277_0","25_1277_A_4",7.7,127.323954473516,46.5662571078347
"729825",25,1456,"A","4",1,1,0,1,9.1,NA,22,151,151,14,2,2,NA,100,NA,"","E","IFN3","25_1456_A_4","IFN3_25_1456_A_4_1","IFN3_25_1456_0","25_1456_A_4",15.1,31.8309886183791,179.078635236252
"729826",25,1456,"A","4",2,2,0,8,6.6,NA,22,250,194,12.2,2,2,NA,100,NA,"","E","IFN3","25_1456_A_4","IFN3_25_1456_A_4_2","IFN3_25_1456_0","25_1456_A_4",22.2,31.8309886183791,387.075630848798
"729827",25,1456,"A","4",3,3,0,12,10.6,NA,22,255,239,11.5,2,2,NA,100,NA,"","E","IFN3","25_1456_A_4","IFN3_25_1456_A_4_3","IFN3_25_1456_0","25_1456_A_4",24.7,14.1471060526129,479.163565507149
"729828",25,1456,"A","4",4,4,0,38,9.5,NA,22,143,139,12.1,2,2,NA,100,NA,"","E","IFN3","25_1456_A_4","IFN3_25_1456_A_4_4","IFN3_25_1456_0","25_1456_A_4",14.1,31.8309886183791,156.145008865047
"729829",25,1456,"A","4",5,5,0,44,1.1,NA,22,140,138,6.5,2,3,NA,100,NA,"","E","IFN3","25_1456_A_4","IFN3_25_1456_A_4_5","IFN3_25_1456_0","25_1456_A_4",13.9,31.8309886183791,151.746779150021
"729830",25,1456,"A","4",6,6,0,49,9.2,NA,22,234,234,12.9,2,2,NA,100,NA,"","E","IFN3","25_1456_A_4","IFN3_25_1456_A_4_6","IFN3_25_1456_0","25_1456_A_4",23.4,14.1471060526129,430.052618349907
"729831",25,1456,"A","4",7,7,0,56,7.6,NA,22,184,198,11.5,2,2,42,100,NA,"","E","IFN3","25_1456_A_4","IFN3_25_1456_A_4_7","IFN3_25_1456_0","25_1456_A_4",19.1,31.8309886183791,286.521103989023
"729832",25,1456,"A","4",8,8,0,60,7.6,NA,22,176,178,11.5,2,2,42,100,NA,"","E","IFN3","25_1456_A_4","IFN3_25_1456_A_4_8","IFN3_25_1456_0","25_1456_A_4",17.7,31.8309886183791,246.057390610787
"729833",25,1456,"A","4",9,9,0,64,5,NA,22,158,159,11.9,2,2,41,100,NA,"","E","IFN3","25_1456_A_4","IFN3_25_1456_A_4_9","IFN3_25_1456_0","25_1456_A_4",15.85,31.8309886183791,197.309690104115
"729834",25,1456,"A","4",10,10,0,68,9.8,NA,22,144,143,10.9,2,2,NA,100,NA,"","E","IFN3","25_1456_A_4","IFN3_25_1456_A_4_10","IFN3_25_1456_0","25_1456_A_4",14.35,31.8309886183791,161.731153302211
"729835",25,1456,"A","4",11,11,0,84,9.9,NA,22,240,254,14.5,2,2,NA,100,NA,"","E","IFN3","25_1456_A_4","IFN3_25_1456_A_4_11","IFN3_25_1456_0","25_1456_A_4",24.7,14.1471060526129,479.163565507149
"729836",25,1456,"A","4",12,12,0,86,10.4,NA,22,254,256,14.8,2,2,NA,100,NA,"","E","IFN3","25_1456_A_4","IFN3_25_1456_A_4_12","IFN3_25_1456_0","25_1456_A_4",25.5,14.1471060526129,510.705155749191
"729837",25,1456,"A","4",13,13,0,89,7,NA,22,254,252,14.5,2,2,NA,100,NA,"","E","IFN3","25_1456_A_4","IFN3_25_1456_A_4_13","IFN3_25_1456_0","25_1456_A_4",25.3,14.1471060526129,502.725510409073
"729838",25,1456,"A","4",14,14,0,91,2.9,NA,22,75,82,7.7,2,3,NA,100,NA,"","E","IFN3","25_1456_A_4","IFN3_25_1456_A_4_14","IFN3_25_1456_0","25_1456_A_4",7.85,127.323954473516,48.3981983239592
"729839",25,1456,"A","4",15,15,0,94,14.5,NA,22,236,233,12.2,2,2,NA,100,NA,"","E","IFN3","25_1456_A_4","IFN3_25_1456_A_4_15","IFN3_25_1456_0","25_1456_A_4",23.45,14.1471060526129,431.892413547665
"729840",25,1456,"A","4",16,16,0,126,16.1,NA,22,254,265,13.5,2,2,NA,100,NA,"","E","IFN3","25_1456_A_4","IFN3_25_1456_A_4_16","IFN3_25_1456_0","25_1456_A_4",25.95,14.1471060526129,528.88908672725
"729841",25,1456,"A","4",17,17,0,127,9.8,NA,22,262,261,14.3,2,2,NA,100,NA,"","E","IFN3","25_1456_A_4","IFN3_25_1456_A_4_17","IFN3_25_1456_0","25_1456_A_4",26.15,14.1471060526129,537.072935589851
"729842",25,1456,"A","4",18,18,0,127,7.1,NA,22,144,139,10.4,2,2,NA,100,NA,"","E","IFN3","25_1456_A_4","IFN3_25_1456_A_4_18","IFN3_25_1456_0","25_1456_A_4",14.15,31.8309886183791,157.254383770846
"729843",25,1456,"A","4",19,19,0,128,9.8,NA,22,282,265,13.3,2,2,NA,100,NA,"","E","IFN3","25_1456_A_4","IFN3_25_1456_A_4_19","IFN3_25_1456_0","25_1456_A_4",27.35,14.1471060526129,587.495497679968
"729844",25,1456,"A","4",20,20,0,130,15.3,NA,22,244,239,12.8,2,2,NA,100,NA,"","E","IFN3","25_1456_A_4","IFN3_25_1456_A_4_20","IFN3_25_1456_0","25_1456_A_4",24.15,14.1471060526129,458.061880352068
"729845",25,1456,"A","4",21,21,0,139,9.9,NA,22,163,153,11.8,2,2,NA,100,NA,"","E","IFN3","25_1456_A_4","IFN3_25_1456_A_4_21","IFN3_25_1456_0","25_1456_A_4",15.8,31.8309886183791,196.066797510539
"729846",25,1456,"A","4",22,22,0,162,11.7,NA,22,163,171,10.9,2,2,NA,100,NA,"","E","IFN3","25_1456_A_4","IFN3_25_1456_A_4_22","IFN3_25_1456_0","25_1456_A_4",16.7,31.8309886183791,219.039693789914
"729847",25,1456,"A","4",23,23,0,177,5.5,NA,21,394,370,15.7,2,2,NA,100,NA,"","E","IFN3","25_1456_A_4","IFN3_25_1456_A_4_23","IFN3_25_1456_0","25_1456_A_4",38.2,14.1471060526129,1146.08441595609
"729848",25,1456,"A","4",24,24,0,205,3.9,NA,22,91,84,7.4,2,3,NA,100,NA,"","E","IFN3","25_1456_A_4","IFN3_25_1456_A_4_24","IFN3_25_1456_0","25_1456_A_4",8.75,127.323954473516,60.1320468851171
"729849",25,1456,"A","4",25,25,0,215,11.9,NA,22,189,190,12.4,2,2,NA,100,NA,"","E","IFN3","25_1456_A_4","IFN3_25_1456_A_4_25","IFN3_25_1456_0","25_1456_A_4",18.95,31.8309886183791,282.038443971432
"729850",25,1456,"A","4",26,26,0,219,7.3,NA,22,179,172,12.3,2,2,NA,100,NA,"","E","IFN3","25_1456_A_4","IFN3_25_1456_A_4_26","IFN3_25_1456_0","25_1456_A_4",17.55,31.8309886183791,241.904597821823
"729851",25,1456,"A","4",27,27,0,235,12.9,NA,22,286,289,16,2,2,NA,100,NA,"","E","IFN3","25_1456_A_4","IFN3_25_1456_A_4_27","IFN3_25_1456_0","25_1456_A_4",28.75,14.1471060526129,649.180669433203
"729852",25,1456,"A","4",28,28,0,240,2.8,NA,22,176,176,13.8,2,2,NA,100,NA,"","E","IFN3","25_1456_A_4","IFN3_25_1456_A_4_28","IFN3_25_1456_0","25_1456_A_4",17.6,31.8309886183791,243.284935093994
"729853",25,1456,"A","4",29,29,0,252,10.5,NA,22,439,419,17.8,2,2,41,100,NA,"","E","IFN3","25_1456_A_4","IFN3_25_1456_A_4_29","IFN3_25_1456_0","25_1456_A_4",42.9,5.09295817894065,1445.4546338983
"729854",25,1456,"A","4",30,30,0,282,9.4,NA,22,213,201,15.7,2,2,42,100,NA,"","E","IFN3","25_1456_A_4","IFN3_25_1456_A_4_30","IFN3_25_1456_0","25_1456_A_4",20.7,31.8309886183791,336.535259034173
"729855",25,1456,"A","4",31,31,0,285,9.6,NA,22,268,273,16,2,2,42,100,NA,"","E","IFN3","25_1456_A_4","IFN3_25_1456_A_4_31","IFN3_25_1456_0","25_1456_A_4",27.05,14.1471060526129,574.677799653321
"729856",25,1456,"A","4",32,32,0,298,6.9,NA,22,335,347,17.6,2,2,NA,100,NA,"","E","IFN3","25_1456_A_4","IFN3_25_1456_A_4_32","IFN3_25_1456_0","25_1456_A_4",34.1,14.1471060526129,913.268838380187
"729857",25,1456,"A","4",33,33,0,306,1.7,NA,22,230,240,13.8,2,2,NA,100,NA,"","E","IFN3","25_1456_A_4","IFN3_25_1456_A_4_33","IFN3_25_1456_0","25_1456_A_4",23.5,14.1471060526129,433.736135736241
"729858",25,1456,"A","4",34,34,0,327,2.8,NA,22,172,170,12.7,2,2,NA,100,NA,"","E","IFN3","25_1456_A_4","IFN3_25_1456_A_4_34","IFN3_25_1456_0","25_1456_A_4",17.1,31.8309886183791,229.658276959048
"729859",25,1456,"A","4",35,35,0,329,2.4,NA,22,96,94,6,2,3,NA,100,NA,"","E","IFN3","25_1456_A_4","IFN3_25_1456_A_4_35","IFN3_25_1456_0","25_1456_A_4",9.5,127.323954473516,70.8821842466197
"729860",25,1456,"A","4",36,36,0,341,9.4,NA,22,154,158,13.1,2,2,NA,100,NA,"","E","IFN3","25_1456_A_4","IFN3_25_1456_A_4_36","IFN3_25_1456_0","25_1456_A_4",15.6,31.8309886183791,191.134497044403
"729861",25,1456,"A","4",37,37,0,349,7.5,NA,21,311,317,13.7,2,2,NA,100,NA,"","E","IFN3","25_1456_A_4","IFN3_25_1456_A_4_37","IFN3_25_1456_0","25_1456_A_4",31.4,14.1471060526129,774.371173183348
"729862",25,1456,"A","4",38,38,0,362,1.9,NA,22,116,112,11.2,2,2,41,100,NA,"","E","IFN3","25_1456_A_4","IFN3_25_1456_A_4_38","IFN3_25_1456_0","25_1456_A_4",11.4,127.323954473516,102.070345315132
"729863",25,1456,"A","4",39,39,0,371,7.7,NA,22,159,160,12,2,2,NA,100,NA,"","E","IFN3","25_1456_A_4","IFN3_25_1456_A_4_39","IFN3_25_1456_0","25_1456_A_4",15.95,31.8309886183791,199.807256263719
"729864",25,1456,"A","4",40,40,0,371,4.6,NA,22,191,184,12.1,2,2,NA,100,NA,"","E","IFN3","25_1456_A_4","IFN3_25_1456_A_4_40","IFN3_25_1456_0","25_1456_A_4",18.75,31.8309886183791,276.116541819415
"729865",25,1456,"A","4",41,41,0,392,5.7,NA,22,226,244,11.3,2,2,NA,100,NA,"","E","IFN3","25_1456_A_4","IFN3_25_1456_A_4_41","IFN3_25_1456_0","25_1456_A_4",23.5,14.1471060526129,433.736135736241
"729866",25,1456,"A","4",42,42,0,395,11.3,NA,22,306,282,13.9,2,2,NA,100,NA,"","E","IFN3","25_1456_A_4","IFN3_25_1456_A_4_42","IFN3_25_1456_0","25_1456_A_4",29.4,14.1471060526129,678.866756514218
"738009",25,1825,"A","1",1,1,1,20,5.7,NA,45,125,125,6,2,5,49,100,NA,"","X","IFN3","25_1825_A_1","IFN3_25_1825_A_1_1","IFN3_25_1825_1","25_1825_A_1",12.5,31.8309886183791,122.718463030851
"738010",25,1825,"A","1",2,2,2,33,4.2,NA,45,165,138,5.5,2,5,49,100,NA,"","X","IFN3","25_1825_A_1","IFN3_25_1825_A_1_2","IFN3_25_1825_2","25_1825_A_1",15.15,31.8309886183791,180.266549958391
"738011",25,1825,"A","1",3,3,3,37,6.2,NA,45,145,130,6.5,2,5,49,100,NA,"","X","IFN3","25_1825_A_1","IFN3_25_1825_A_1_3","IFN3_25_1825_3","25_1825_A_1",13.75,31.8309886183791,148.48934026733
"738012",25,1825,"A","1",4,4,4,37,6.9,NA,45,125,151,6,2,5,49,100,NA,"","X","IFN3","25_1825_A_1","IFN3_25_1825_A_1_4","IFN3_25_1825_4","25_1825_A_1",13.8,31.8309886183791,149.57122623741
"738013",25,1825,"A","1",5,5,5,46,5.9,NA,45,136,126,6,2,5,49,100,NA,"","X","IFN3","25_1825_A_1","IFN3_25_1825_A_1_5","IFN3_25_1825_5","25_1825_A_1",13.1,31.8309886183791,134.782178820636
"738014",25,1825,"A","1",6,6,6,69,6,NA,45,162,160,7,2,5,NA,100,NA,"","X","IFN3","25_1825_A_1","IFN3_25_1825_A_1_6","IFN3_25_1825_6","25_1825_A_1",16.1,31.8309886183791,203.583057934253
"738015",25,1825,"A","1",7,7,7,72,8.5,NA,45,176,188,6,2,5,49,100,NA,"","X","IFN3","25_1825_A_1","IFN3_25_1825_A_1_7","IFN3_25_1825_7","25_1825_A_1",18.2,31.8309886183791,260.155287643771
"738016",25,1825,"A","1",8,8,8,73,7.6,NA,45,176,165,6,2,5,429,100,NA,"","X","IFN3","25_1825_A_1","IFN3_25_1825_A_1_8","IFN3_25_1825_8","25_1825_A_1",17.05,31.8309886183791,228.317209595047
"738017",25,1825,"A","1",9,9,9,74,7.3,NA,45,170,164,6,2,5,429,100,NA,"","X","IFN3","25_1825_A_1","IFN3_25_1825_A_1_9","IFN3_25_1825_9","25_1825_A_1",16.7,31.8309886183791,219.039693789914
"738018",25,1825,"A","1",10,10,10,75,8.1,NA,45,155,181,6.5,2,5,49,100,NA,"","X","IFN3","25_1825_A_1","IFN3_25_1825_A_1_10","IFN3_25_1825_10","25_1825_A_1",16.8,31.8309886183791,221.670777637296
"738019",25,1825,"A","1",11,11,11,87,4,NA,21,159,148,8.5,2,2,NA,100,NA,"","X","IFN3","25_1825_A_1","IFN3_25_1825_A_1_11","IFN3_25_1825_11","25_1825_A_1",15.35,31.8309886183791,185.057478755115
"738020",25,1825,"A","1",12,12,12,106,3.6,NA,21,136,119,7.5,2,3,NA,100,NA,"","X","IFN3","25_1825_A_1","IFN3_25_1825_A_1_12","IFN3_25_1825_12","25_1825_A_1",12.75,31.8309886183791,127.676288937298
"738021",25,1825,"A","1",13,13,13,121,4.3,NA,21,144,137,8,2,2,NA,100,NA,"","X","IFN3","25_1825_A_1","IFN3_25_1825_A_1_13","IFN3_25_1825_13","25_1825_A_1",14.05,31.8309886183791,155.039560950065
"738022",25,1825,"A","1",14,14,0,128,8.9,NA,21,132,136,8,2,2,NA,100,NA,"","X","IFN3","25_1825_A_1","IFN3_25_1825_A_1_14","IFN3_25_1825_0","25_1825_A_1",13.4,31.8309886183791,141.026094219646
"738023",25,1825,"A","1",15,15,14,136,7.4,NA,21,197,190,8,2,2,NA,100,NA,"","X","IFN3","25_1825_A_1","IFN3_25_1825_A_1_15","IFN3_25_1825_14","25_1825_A_1",19.35,31.8309886183791,294.070743834681
"738024",25,1825,"A","1",16,16,15,138,4.3,NA,21,130,130,7,2,3,NA,100,NA,"","X","IFN3","25_1825_A_1","IFN3_25_1825_A_1_16","IFN3_25_1825_15","25_1825_A_1",13,31.8309886183791,132.732289614169
"738025",25,1825,"A","1",17,17,0,147,8,NA,21,138,144,8.5,2,2,NA,100,NA,"","X","IFN3","25_1825_A_1","IFN3_25_1825_A_1_17","IFN3_25_1825_0","25_1825_A_1",14.1,31.8309886183791,156.145008865047
"738026",25,1825,"A","1",18,18,16,148,2.2,NA,21,108,106,7.5,2,3,NA,100,NA,"","X","IFN3","25_1825_A_1","IFN3_25_1825_A_1_18","IFN3_25_1825_16","25_1825_A_1",10.7,127.323954473516,89.9202357273738
"738027",25,1825,"A","1",19,19,0,153,5.4,NA,21,133,130,7.5,2,3,NA,100,NA,"","X","IFN3","25_1825_A_1","IFN3_25_1825_A_1_19","IFN3_25_1825_0","25_1825_A_1",13.15,31.8309886183791,135.813013910095
"738028",25,1825,"A","1",20,20,17,155,8.5,NA,21,140,139,7,2,3,NA,100,NA,"","X","IFN3","25_1825_A_1","IFN3_25_1825_A_1_20","IFN3_25_1825_17","25_1825_A_1",13.95,31.8309886183791,152.840446092552
"738029",25,1825,"A","1",21,21,18,163,10,NA,21,162,159,7.5,2,2,NA,100,NA,"","X","IFN3","25_1825_A_1","IFN3_25_1825_A_1_21","IFN3_25_1825_18","25_1825_A_1",16.05,31.8309886183791,202.320530386591
"738030",25,1825,"A","1",22,22,19,165,6.5,NA,21,172,165,6.5,2,2,NA,100,NA,"","X","IFN3","25_1825_A_1","IFN3_25_1825_A_1_22","IFN3_25_1825_19","25_1825_A_1",16.85,31.8309886183791,222.992210047212
"738031",25,1825,"A","1",23,23,20,168,2.7,NA,21,144,145,8,2,2,NA,100,NA,"","X","IFN3","25_1825_A_1","IFN3_25_1825_A_1_23","IFN3_25_1825_20","25_1825_A_1",14.45,31.8309886183791,163.993100012796
"738032",25,1825,"A","1",24,24,21,185,3.7,NA,21,149,146,7,2,2,NA,100,NA,"","X","IFN3","25_1825_A_1","IFN3_25_1825_A_1_24","IFN3_25_1825_21","25_1825_A_1",14.75,31.8309886183791,170.873187924157
"738033",25,1825,"A","1",25,25,0,195,6.4,NA,21,134,130,7,2,3,NA,100,NA,"","X","IFN3","25_1825_A_1","IFN3_25_1825_A_1_25","IFN3_25_1825_0","25_1825_A_1",13.2,31.8309886183791,136.847775990371
"738034",25,1825,"A","1",26,26,22,200,10,NA,21,152,152,7.5,2,2,NA,100,NA,"","X","IFN3","25_1825_A_1","IFN3_25_1825_A_1_26","IFN3_25_1825_22","25_1825_A_1",15.2,31.8309886183791,181.458391671346
"738035",25,1825,"A","1",27,27,0,215,5.7,NA,21,134,117,7,2,3,NA,100,NA,"","X","IFN3","25_1825_A_1","IFN3_25_1825_A_1_27","IFN3_25_1825_0","25_1825_A_1",12.55,31.8309886183791,123.702174230507
"738036",25,1825,"A","1",28,28,23,216,7.2,NA,21,157,167,8.5,2,2,NA,100,NA,"","X","IFN3","25_1825_A_1","IFN3_25_1825_A_1_28","IFN3_25_1825_23","25_1825_A_1",16.2,31.8309886183791,206.119894002026
"738037",25,1825,"A","1",29,29,24,219,4.3,NA,21,133,138,7,2,2,NA,100,NA,"","X","IFN3","25_1825_A_1","IFN3_25_1825_A_1_29","IFN3_25_1825_24","25_1825_A_1",13.55,31.8309886183791,144.20106629518
"738038",25,1825,"A","1",30,30,25,227,9,NA,21,170,170,8,2,2,NA,100,NA,"","X","IFN3","25_1825_A_1","IFN3_25_1825_A_1_30","IFN3_25_1825_25","25_1825_A_1",17,31.8309886183791,226.980069221863
"738039",25,1825,"A","1",31,31,26,248,4.2,NA,21,170,162,7.5,2,2,NA,100,NA,"","X","IFN3","25_1825_A_1","IFN3_25_1825_A_1_31","IFN3_25_1825_26","25_1825_A_1",16.6,31.8309886183791,216.424317905801
"738040",25,1825,"A","1",32,32,27,258,0.7,NA,21,135,135,7.5,2,2,NA,100,NA,"","X","IFN3","25_1825_A_1","IFN3_25_1825_A_1_32","IFN3_25_1825_27","25_1825_A_1",13.5,31.8309886183791,143.138815279185
"738041",25,1825,"A","1",33,33,28,267,10.3,NA,45,279,299,5.5,2,4,NA,100,NA,"","X","IFN3","25_1825_A_1","IFN3_25_1825_A_1_33","IFN3_25_1825_28","25_1825_A_1",28.9,14.1471060526129,655.972400051183
"738042",25,1825,"A","1",34,34,29,272,8.3,NA,45,213,238,5.5,2,5,NA,100,NA,"","X","IFN3","25_1825_A_1","IFN3_25_1825_A_1_34","IFN3_25_1825_29","25_1825_A_1",22.55,14.1471060526129,399.376929583011
"738043",25,1825,"A","1",35,35,30,272,2.6,NA,21,187,180,7.5,2,2,NA,100,NA,"","X","IFN3","25_1825_A_1","IFN3_25_1825_A_1_35","IFN3_25_1825_30","25_1825_A_1",18.35,31.8309886183791,264.461233074597
"738044",25,1825,"A","1",36,36,31,310,2.2,NA,21,161,171,7.5,2,2,NA,100,NA,"","X","IFN3","25_1825_A_1","IFN3_25_1825_A_1_36","IFN3_25_1825_31","25_1825_A_1",16.6,31.8309886183791,216.424317905801
"738045",25,1825,"A","1",37,37,32,335,12.1,NA,45,280,294,6.5,2,5,NA,100,NA,"","X","IFN3","25_1825_A_1","IFN3_25_1825_A_1_37","IFN3_25_1825_32","25_1825_A_1",28.7,14.1471060526129,646.924613208844
"738046",25,1825,"A","1",38,38,33,362,3.7,NA,21,215,215,8.5,2,2,NA,100,NA,"","X","IFN3","25_1825_A_1","IFN3_25_1825_A_1_38","IFN3_25_1825_33","25_1825_A_1",21.5,31.8309886183791,363.05030103047
"738047",25,1825,"A","1",39,39,34,385,1.2,NA,21,157,161,8.5,2,2,NA,100,NA,"","X","IFN3","25_1825_A_1","IFN3_25_1825_A_1_39","IFN3_25_1825_34","25_1825_A_1",15.9,31.8309886183791,198.556509688509
"738048",25,1825,"A","1",40,40,35,399,2.7,NA,21,180,180,8.5,2,2,NA,100,NA,"","X","IFN3","25_1825_A_1","IFN3_25_1825_A_1_40","IFN3_25_1825_35","25_1825_A_1",18,31.8309886183791,254.469004940773
