,Provincia,Estadillo,Clase,Subclase,TREE_ID_IFN3_2,TREE_ID_IFN3,TREE_ID_IFN2,rumbo,distancia,DRed,specie,dbh_1,dbh_2,height,quality,shape,special_param,Agente,Import,Elemento,Compara,INVENTORY_ID,PLOT_ID,TREE_ID,IFN_TREE_ID,IFN3_ID,dbh,expan,basal_area
161575,8,2029,A,4,1,1,0,9,6.3,NA,21,126,141,7.3,2,2,NA,100,NA,,E,IFN3,8_2029,IFN3_8_2029_A_4_1,IFN3_8_2029_0,8_2029_A_4,13.35,31.8309886183791,139.975624176102
161576,8,2029,A,4,2,2,0,46,4.6,NA,21,136,139,7.1,2,2,NA,100,NA,,E,IFN3,8_2029,IFN3_8_2029_A_4_2,IFN3_8_2029_0,8_2029_A_4,13.75,31.8309886183791,148.48934026733
161577,8,2029,A,4,3,3,0,92,9.3,NA,21,156,161,6.9,2,2,41,100,NA,,E,IFN3,8_2029,IFN3_8_2029_A_4_3,IFN3_8_2029_0,8_2029_A_4,15.85,31.8309886183791,197.309690104115
161578,8,2029,A,4,4,4,0,121,4.1,NA,25,167,159,8.1,2,2,NA,100,NA,,E,IFN3,8_2029,IFN3_8_2029_A_4_4,IFN3_8_2029_0,8_2029_A_4,16.3,31.8309886183791,208.672438033068
161579,8,2029,A,4,5,5,0,192,9.9,NA,21,169,157,7.3,2,2,NA,100,NA,,E,IFN3,8_2029,IFN3_8_2029_A_4_5,IFN3_8_2029_0,8_2029_A_4,16.3,31.8309886183791,208.672438033068
161580,8,2029,A,4,6,6,0,195,6.2,NA,21,142,132,6.9,2,2,NA,100,NA,,E,IFN3,8_2029,IFN3_8_2029_A_4_6,IFN3_8_2029_0,8_2029_A_4,13.7,31.8309886183791,147.411381288067
161581,8,2029,A,4,7,7,0,236,1.3,NA,21,132,112,6.8,2,2,NA,100,NA,,E,IFN3,8_2029,IFN3_8_2029_A_4_7,IFN3_8_2029_0,8_2029_A_4,12.2,127.323954473516,116.898662640076
161582,8,2029,A,4,8,8,0,285,7.9,NA,25,126,128,8,2,2,NA,100,NA,,E,IFN3,8_2029,IFN3_8_2029_A_4_8,IFN3_8_2029_0,8_2029_A_4,12.7,31.8309886183791,126.676869774374
161583,8,2029,A,4,9,9,0,342,2,NA,21,142,159,6.9,2,5,NA,100,NA,,E,IFN3,8_2029,IFN3_8_2029_A_4_9,IFN3_8_2029_0,8_2029_A_4,15.05,31.8309886183791,177.894647504931
161584,8,2029,A,4,10,10,0,357,6.2,NA,21,136,142,8,2,2,NA,100,NA,,E,IFN3,8_2029,IFN3_8_2029_A_4_10,IFN3_8_2029_0,8_2029_A_4,13.9,31.8309886183791,151.746779150021
711340,25,647,A,1,1,1,0,18,16.5,NA,21,247,248,12,2,2,NA,100,NA,,X,IFN3,25_647,IFN3_25_647_A_1_1,IFN3_25_647_0,25_647_A_1,24.75,14.1471060526129,481.105462466149
711341,25,647,A,1,2,2,0,35,11.2,NA,21,235,235,10,2,2,NA,100,NA,,X,IFN3,25_647,IFN3_25_647_A_1_2,IFN3_25_647_0,25_647_A_1,23.5,14.1471060526129,433.736135736241
711342,25,647,A,1,3,3,1,50,5.1,NA,21,270,272,11,2,2,NA,100,NA,,X,IFN3,25_647,IFN3_25_647_A_1_3,IFN3_25_647_1,25_647_A_1,27.1,14.1471060526129,576.80426518072
711343,25,647,A,1,4,4,0,56,12.5,NA,21,255,254,11,2,2,NA,100,NA,,X,IFN3,25_647,IFN3_25_647_A_1_4,IFN3_25_647_0,25_647_A_1,25.45,14.1471060526129,508.704353927936
711344,25,647,A,1,5,5,2,77,3.4,NA,21,289,278,11.5,2,2,NA,100,NA,,X,IFN3,25_647,IFN3_25_647_A_1_5,IFN3_25_647_2,25_647_A_1,28.35,14.1471060526129,631.242175381206
711345,25,647,A,1,6,6,0,88,15.1,NA,21,298,308,12,2,2,NA,100,NA,,X,IFN3,25_647,IFN3_25_647_A_1_6,IFN3_25_647_0,25_647_A_1,30.3,14.1471060526129,721.066199833563
711346,25,647,A,1,7,7,0,110,12.5,NA,21,230,238,12.5,2,2,NA,100,NA,,X,IFN3,25_647,IFN3_25_647_A_1_7,IFN3_25_647_0,25_647_A_1,23.4,14.1471060526129,430.052618349907
711347,25,647,A,1,8,8,3,110,5.6,NA,21,313,298,11,2,2,NA,100,NA,,X,IFN3,25_647,IFN3_25_647_A_1_8,IFN3_25_647_3,25_647_A_1,30.55,14.1471060526129,733.014069394247
711348,25,647,A,1,9,9,0,129,11.6,NA,21,218,234,10.5,2,2,NA,100,NA,,X,IFN3,25_647,IFN3_25_647_A_1_9,IFN3_25_647_0,25_647_A_1,22.6,14.1471060526129,401.149965936881
711349,25,647,A,1,10,10,0,141,11.3,NA,21,253,236,12.5,2,2,NA,100,NA,,X,IFN3,25_647,IFN3_25_647_A_1_10,IFN3_25_647_0,25_647_A_1,24.45,14.1471060526129,469.512985574403
711350,25,647,A,1,11,11,4,168,4,NA,21,346,323,11.5,2,2,NA,100,NA,,X,IFN3,25_647,IFN3_25_647_A_1_11,IFN3_25_647_4,25_647_A_1,33.45,14.1471060526129,878.783968520813
711351,25,647,A,1,12,12,0,170,13.2,NA,21,244,250,10.5,2,2,NA,100,NA,,X,IFN3,25_647,IFN3_25_647_A_1_12,IFN3_25_647_0,25_647_A_1,24.7,14.1471060526129,479.163565507149
711352,25,647,A,1,13,13,0,175,13.4,NA,21,266,269,10.5,2,2,NA,100,NA,,X,IFN3,25_647,IFN3_25_647_A_1_13,IFN3_25_647_0,25_647_A_1,26.75,14.1471060526129,562.001473296087
711353,25,647,A,1,14,14,0,177,16,NA,21,250,271,11,2,2,NA,100,NA,,X,IFN3,25_647,IFN3_25_647_A_1_14,IFN3_25_647_0,25_647_A_1,26.05,14.1471060526129,532.973157176917
711354,25,647,A,1,15,15,0,195,15.2,NA,21,277,263,13.5,2,2,NA,100,NA,,X,IFN3,25_647,IFN3_25_647_A_1_15,IFN3_25_647_0,25_647_A_1,27,14.1471060526129,572.55526111674
711355,25,647,A,1,16,16,0,212,14,NA,21,259,274,11.5,2,2,NA,100,NA,,X,IFN3,25_647,IFN3_25_647_A_1_16,IFN3_25_647_0,25_647_A_1,26.65,14.1471060526129,557.807447103544
711356,25,647,A,1,17,17,5,220,4,NA,21,283,279,10.5,2,2,NA,100,NA,,X,IFN3,25_647,IFN3_25_647_A_1_17,IFN3_25_647_5,25_647_A_1,28.1,14.1471060526129,620.158243800259
711357,25,647,A,1,18,18,0,223,15.6,NA,21,222,262,11.5,2,2,NA,100,NA,,X,IFN3,25_647,IFN3_25_647_A_1_18,IFN3_25_647_0,25_647_A_1,24.2,14.1471060526129,459.960580412082
711358,25,647,A,1,19,19,0,237,13.3,NA,21,286,312,11.5,2,2,NA,100,NA,,X,IFN3,25_647,IFN3_25_647_A_1_19,IFN3_25_647_0,25_647_A_1,29.9,14.1471060526129,702.153812058953
711359,25,647,A,1,20,20,6,252,9.3,NA,21,234,235,10,2,2,NA,100,NA,,X,IFN3,25_647,IFN3_25_647_A_1_20,IFN3_25_647_6,25_647_A_1,23.45,14.1471060526129,431.892413547665
711360,25,647,A,1,21,21,0,256,14.4,NA,21,254,250,10.5,2,2,NA,100,NA,,X,IFN3,25_647,IFN3_25_647_A_1_21,IFN3_25_647_0,25_647_A_1,25.2,14.1471060526129,498.759249683916
711361,25,647,A,1,22,22,0,264,15.5,NA,21,230,238,10.5,2,2,NA,100,NA,,X,IFN3,25_647,IFN3_25_647_A_1_22,IFN3_25_647_0,25_647_A_1,23.4,14.1471060526129,430.052618349907
711362,25,647,A,1,23,23,0,268,10.7,NA,21,234,245,10.5,2,2,NA,100,NA,,X,IFN3,25_647,IFN3_25_647_A_1_23,IFN3_25_647_0,25_647_A_1,23.95,14.1471060526129,450.506350020185
711363,25,647,A,1,24,24,7,274,8.1,NA,21,290,289,12,2,2,NA,100,NA,,X,IFN3,25_647,IFN3_25_647_A_1_24,IFN3_25_647_7,25_647_A_1,28.95,14.1471060526129,658.24416423881
711364,25,647,A,1,25,25,0,297,14.4,NA,21,268,258,10.5,2,2,NA,100,NA,,X,IFN3,25_647,IFN3_25_647_A_1_25,IFN3_25_647_0,25_647_A_1,26.3,14.1471060526129,543.252055640381
711365,25,647,A,1,26,26,8,305,8.8,NA,21,252,247,11,2,2,NA,100,NA,,X,IFN3,25_647,IFN3_25_647_A_1_26,IFN3_25_647_8,25_647_A_1,24.95,14.1471060526129,488.91232021032
711366,25,647,A,1,27,27,9,307,6,NA,21,198,209,10.5,2,2,NA,100,NA,,X,IFN3,25_647,IFN3_25_647_A_1_27,IFN3_25_647_9,25_647_A_1,20.35,31.8309886183791,325.25105092156
711367,25,647,A,1,28,28,10,308,7.4,NA,21,225,214,10.5,2,2,NA,100,NA,,X,IFN3,25_647,IFN3_25_647_A_1_28,IFN3_25_647_10,25_647_A_1,21.95,31.8309886183791,378.406798620299
711368,25,647,A,1,29,29,0,314,13,NA,21,238,238,11.5,2,2,NA,100,NA,,X,IFN3,25_647,IFN3_25_647_A_1_29,IFN3_25_647_0,25_647_A_1,23.8,14.1471060526129,444.880935674851
711369,25,647,A,1,30,30,0,314,11.9,NA,21,225,225,11,2,2,NA,100,NA,,X,IFN3,25_647,IFN3_25_647_A_1_30,IFN3_25_647_0,25_647_A_1,22.5,14.1471060526129,397.607820219958
711370,25,647,A,1,31,31,11,314,3.9,NA,21,316,308,11,2,2,NA,100,NA,,X,IFN3,25_647,IFN3_25_647_A_1_31,IFN3_25_647_11,25_647_A_1,31.2,14.1471060526129,764.537988177612
711371,25,647,A,1,32,32,12,331,7.4,NA,21,204,205,12,2,2,NA,100,NA,,X,IFN3,25_647,IFN3_25_647_A_1_32,IFN3_25_647_12,25_647_A_1,20.45,31.8309886183791,328.455475428221
711372,25,647,A,1,33,33,0,347,14.6,NA,21,225,229,10,2,2,NA,100,NA,,X,IFN3,25_647,IFN3_25_647_A_1_33,IFN3_25_647_0,25_647_A_1,22.7,14.1471060526129,404.707819617071
711373,25,647,A,1,34,34,13,358,6.8,NA,21,258,255,10.5,2,2,NA,100,NA,,X,IFN3,25_647,IFN3_25_647_A_1_34,IFN3_25_647_13,25_647_A_1,25.65,14.1471060526129,516.731123157858
711374,25,647,A,1,35,35,0,377,12.5,NA,21,235,232,11,2,2,NA,100,NA,,X,IFN3,25_647,IFN3_25_647_A_1_35,IFN3_25_647_0,25_647_A_1,23.35,14.1471060526129,428.216750142965
711375,25,647,A,1,36,36,14,382,9.5,NA,21,244,236,10.5,2,2,NA,100,NA,,X,IFN3,25_647,IFN3_25_647_A_1_36,IFN3_25_647_14,25_647_A_1,24,14.1471060526129,452.38934211693
711376,25,647,A,1,37,37,15,394,9.6,NA,21,262,275,10.5,2,2,NA,100,NA,,X,IFN3,25_647,IFN3_25_647_A_1_37,IFN3_25_647_15,25_647_A_1,26.85,14.1471060526129,566.211207451897
719982,25,977,A,1,1,1,1,10,9.3,NA,21,216,223,8,2,2,NA,100,NA,,X,IFN3,25_977,IFN3_25_977_A_1_1,IFN3_25_977_1,25_977_A_1,21.95,31.8309886183791,378.406798620299
719983,25,977,A,1,2,2,2,44,6.6,NA,21,233,216,10,2,2,NA,100,NA,,X,IFN3,25_977,IFN3_25_977_A_1_2,IFN3_25_977_2,25_977_A_1,22.45,31.8309886183791,395.842637847722
719984,25,977,A,1,3,3,3,60,5.9,NA,21,191,194,8.5,2,2,NA,100,NA,,X,IFN3,25_977,IFN3_25_977_A_1_3,IFN3_25_977_3,25_977_A_1,19.25,31.8309886183791,291.039106923967
719985,25,977,A,1,4,4,0,75,5.7,NA,21,154,150,9,2,2,NA,100,NA,,X,IFN3,25_977,IFN3_25_977_A_1_4,IFN3_25_977_0,25_977_A_1,15.2,31.8309886183791,181.458391671346
719986,25,977,A,1,5,5,4,90,6.1,NA,21,209,208,8,2,2,NA,100,NA,,X,IFN3,25_977,IFN3_25_977_A_1_5,IFN3_25_977_4,25_977_A_1,20.85,31.8309886183791,341.430253087547
719987,25,977,A,1,6,6,5,173,0.7,NA,21,235,230,8.5,2,2,NA,100,NA,,X,IFN3,25_977,IFN3_25_977_A_1_6,IFN3_25_977_5,25_977_A_1,23.25,14.1471060526129,424.556794701533
719988,25,977,A,1,7,7,0,217,8.8,NA,21,189,177,7.5,2,2,NA,100,NA,,X,IFN3,25_977,IFN3_25_977_A_1_7,IFN3_25_977_0,25_977_A_1,18.3,31.8309886183791,263.021990940171
719989,25,977,A,1,8,8,0,219,9.5,NA,21,172,177,8,2,2,NA,100,NA,,X,IFN3,25_977,IFN3_25_977_A_1_8,IFN3_25_977_0,25_977_A_1,17.45,31.8309886183791,239.155704249931
719990,25,977,A,1,9,9,0,226,7.9,NA,21,164,161,8.5,2,2,NA,100,NA,,X,IFN3,25_977,IFN3_25_977_A_1_9,IFN3_25_977_0,25_977_A_1,16.25,31.8309886183791,207.394202522139
719991,25,977,A,1,10,10,0,240,5.8,NA,21,161,142,7.5,2,2,NA,100,NA,,X,IFN3,25_977,IFN3_25_977_A_1_10,IFN3_25_977_0,25_977_A_1,15.15,31.8309886183791,180.266549958391
719992,25,977,A,1,11,11,6,259,5,NA,21,193,200,7,2,2,NA,100,NA,,X,IFN3,25_977,IFN3_25_977_A_1_11,IFN3_25_977_6,25_977_A_1,19.65,31.8309886183791,303.259902346431
719993,25,977,A,1,12,12,0,260,11.2,NA,21,257,246,10,2,2,NA,100,NA,,X,IFN3,25_977,IFN3_25_977_A_1_12,IFN3_25_977_0,25_977_A_1,25.15,14.1471060526129,496.782009807562
719994,25,977,A,1,13,13,0,325,7.6,NA,21,172,174,8,2,2,NA,100,NA,,X,IFN3,25_977,IFN3_25_977_A_1_13,IFN3_25_977_0,25_977_A_1,17.3,31.8309886183791,235.061816323222
719995,25,977,A,1,14,14,0,327,7.2,NA,21,195,196,8,2,2,NA,100,NA,,X,IFN3,25_977,IFN3_25_977_A_1_14,IFN3_25_977_0,25_977_A_1,19.55,31.8309886183791,300.181141545913
719996,25,977,A,1,15,15,0,335,8.6,NA,26,126,129,7.5,2,2,NA,100,NA,,X,IFN3,25_977,IFN3_25_977_A_1_15,IFN3_25_977_0,25_977_A_1,12.75,31.8309886183791,127.676288937298
719997,25,977,A,1,16,16,0,372,5.2,NA,21,153,158,8.5,2,2,NA,100,NA,,X,IFN3,25_977,IFN3_25_977_A_1_16,IFN3_25_977_0,25_977_A_1,15.55,31.8309886183791,189.911239404911
726850,25,1277,A,4,1,1,0,75,4.7,NA,45,80,85,3.5,2,5,429,100,NA,,E,IFN3,25_1277,IFN3_25_1277_A_4_1,IFN3_25_1277_0,25_1277_A_4,8.25,127.323954473516,53.4561624962388
726851,25,1277,A,4,2,2,0,80,4.2,NA,45,102,83,3.5,2,5,429,100,NA,,E,IFN3,25_1277,IFN3_25_1277_A_4_2,IFN3_25_1277_0,25_1277_A_4,9.25,127.323954473516,67.2006303556942
726852,25,1277,A,4,3,3,0,81,5.2,NA,45,93,111,3.5,2,5,49,100,NA,,E,IFN3,25_1277,IFN3_25_1277_A_4_3,IFN3_25_1277_0,25_1277_A_4,10.2,127.323954473516,81.7128249198705
726853,25,1277,A,4,4,4,0,90,4.1,NA,45,101,108,3.5,2,5,49,100,NA,,E,IFN3,25_1277,IFN3_25_1277_A_4_4,IFN3_25_1277_0,25_1277_A_4,10.45,127.323954473516,85.7674429384098
726854,25,1277,A,4,5,5,0,92,6.8,NA,21,125,125,5,2,3,NA,100,NA,,E,IFN3,25_1277,IFN3_25_1277_A_4_5,IFN3_25_1277_0,25_1277_A_4,12.5,31.8309886183791,122.718463030851
726855,25,1277,A,4,6,6,0,164,8.7,NA,21,162,156,6.5,2,3,NA,100,NA,,E,IFN3,25_1277,IFN3_25_1277_A_4_6,IFN3_25_1277_0,25_1277_A_4,15.9,31.8309886183791,198.556509688509
726856,25,1277,A,4,7,7,0,210,9.2,NA,21,141,139,6.5,2,3,NA,100,NA,,E,IFN3,25_1277,IFN3_25_1277_A_4_7,IFN3_25_1277_0,25_1277_A_4,14,31.8309886183791,153.9380400259
726857,25,1277,A,4,8,8,0,297,5,NA,21,108,116,4.5,2,3,NA,100,NA,,E,IFN3,25_1277,IFN3_25_1277_A_4_8,IFN3_25_1277_0,25_1277_A_4,11.2,127.323954473516,98.5203456165759
726858,25,1277,A,4,9,9,0,382,4.6,NA,21,174,177,6.5,2,2,NA,100,NA,,E,IFN3,25_1277,IFN3_25_1277_A_4_9,IFN3_25_1277_0,25_1277_A_4,17.55,31.8309886183791,241.904597821823
726859,25,1277,A,4,10,10,0,396,2.6,NA,21,77,77,3,2,3,NA,100,NA,,E,IFN3,25_1277,IFN3_25_1277_A_4_10,IFN3_25_1277_0,25_1277_A_4,7.7,127.323954473516,46.5662571078347
729825,25,1456,A,4,1,1,0,1,9.1,NA,22,151,151,14,2,2,NA,100,NA,,E,IFN3,25_1456,IFN3_25_1456_A_4_1,IFN3_25_1456_0,25_1456_A_4,15.1,31.8309886183791,179.078635236252
729826,25,1456,A,4,2,2,0,8,6.6,NA,22,250,194,12.2,2,2,NA,100,NA,,E,IFN3,25_1456,IFN3_25_1456_A_4_2,IFN3_25_1456_0,25_1456_A_4,22.2,31.8309886183791,387.075630848798
729827,25,1456,A,4,3,3,0,12,10.6,NA,22,255,239,11.5,2,2,NA,100,NA,,E,IFN3,25_1456,IFN3_25_1456_A_4_3,IFN3_25_1456_0,25_1456_A_4,24.7,14.1471060526129,479.163565507149
729828,25,1456,A,4,4,4,0,38,9.5,NA,22,143,139,12.1,2,2,NA,100,NA,,E,IFN3,25_1456,IFN3_25_1456_A_4_4,IFN3_25_1456_0,25_1456_A_4,14.1,31.8309886183791,156.145008865047
729829,25,1456,A,4,5,5,0,44,1.1,NA,22,140,138,6.5,2,3,NA,100,NA,,E,IFN3,25_1456,IFN3_25_1456_A_4_5,IFN3_25_1456_0,25_1456_A_4,13.9,31.8309886183791,151.746779150021
729830,25,1456,A,4,6,6,0,49,9.2,NA,22,234,234,12.9,2,2,NA,100,NA,,E,IFN3,25_1456,IFN3_25_1456_A_4_6,IFN3_25_1456_0,25_1456_A_4,23.4,14.1471060526129,430.052618349907
729831,25,1456,A,4,7,7,0,56,7.6,NA,22,184,198,11.5,2,2,42,100,NA,,E,IFN3,25_1456,IFN3_25_1456_A_4_7,IFN3_25_1456_0,25_1456_A_4,19.1,31.8309886183791,286.521103989023
729832,25,1456,A,4,8,8,0,60,7.6,NA,22,176,178,11.5,2,2,42,100,NA,,E,IFN3,25_1456,IFN3_25_1456_A_4_8,IFN3_25_1456_0,25_1456_A_4,17.7,31.8309886183791,246.057390610787
729833,25,1456,A,4,9,9,0,64,5,NA,22,158,159,11.9,2,2,41,100,NA,,E,IFN3,25_1456,IFN3_25_1456_A_4_9,IFN3_25_1456_0,25_1456_A_4,15.85,31.8309886183791,197.309690104115
729834,25,1456,A,4,10,10,0,68,9.8,NA,22,144,143,10.9,2,2,NA,100,NA,,E,IFN3,25_1456,IFN3_25_1456_A_4_10,IFN3_25_1456_0,25_1456_A_4,14.35,31.8309886183791,161.731153302211
729835,25,1456,A,4,11,11,0,84,9.9,NA,22,240,254,14.5,2,2,NA,100,NA,,E,IFN3,25_1456,IFN3_25_1456_A_4_11,IFN3_25_1456_0,25_1456_A_4,24.7,14.1471060526129,479.163565507149
729836,25,1456,A,4,12,12,0,86,10.4,NA,22,254,256,14.8,2,2,NA,100,NA,,E,IFN3,25_1456,IFN3_25_1456_A_4_12,IFN3_25_1456_0,25_1456_A_4,25.5,14.1471060526129,510.705155749191
729837,25,1456,A,4,13,13,0,89,7,NA,22,254,252,14.5,2,2,NA,100,NA,,E,IFN3,25_1456,IFN3_25_1456_A_4_13,IFN3_25_1456_0,25_1456_A_4,25.3,14.1471060526129,502.725510409073
729838,25,1456,A,4,14,14,0,91,2.9,NA,22,75,82,7.7,2,3,NA,100,NA,,E,IFN3,25_1456,IFN3_25_1456_A_4_14,IFN3_25_1456_0,25_1456_A_4,7.85,127.323954473516,48.3981983239592
729839,25,1456,A,4,15,15,0,94,14.5,NA,22,236,233,12.2,2,2,NA,100,NA,,E,IFN3,25_1456,IFN3_25_1456_A_4_15,IFN3_25_1456_0,25_1456_A_4,23.45,14.1471060526129,431.892413547665
729840,25,1456,A,4,16,16,0,126,16.1,NA,22,254,265,13.5,2,2,NA,100,NA,,E,IFN3,25_1456,IFN3_25_1456_A_4_16,IFN3_25_1456_0,25_1456_A_4,25.95,14.1471060526129,528.88908672725
729841,25,1456,A,4,17,17,0,127,9.8,NA,22,262,261,14.3,2,2,NA,100,NA,,E,IFN3,25_1456,IFN3_25_1456_A_4_17,IFN3_25_1456_0,25_1456_A_4,26.15,14.1471060526129,537.072935589851
729842,25,1456,A,4,18,18,0,127,7.1,NA,22,144,139,10.4,2,2,NA,100,NA,,E,IFN3,25_1456,IFN3_25_1456_A_4_18,IFN3_25_1456_0,25_1456_A_4,14.15,31.8309886183791,157.254383770846
729843,25,1456,A,4,19,19,0,128,9.8,NA,22,282,265,13.3,2,2,NA,100,NA,,E,IFN3,25_1456,IFN3_25_1456_A_4_19,IFN3_25_1456_0,25_1456_A_4,27.35,14.1471060526129,587.495497679968
729844,25,1456,A,4,20,20,0,130,15.3,NA,22,244,239,12.8,2,2,NA,100,NA,,E,IFN3,25_1456,IFN3_25_1456_A_4_20,IFN3_25_1456_0,25_1456_A_4,24.15,14.1471060526129,458.061880352068
729845,25,1456,A,4,21,21,0,139,9.9,NA,22,163,153,11.8,2,2,NA,100,NA,,E,IFN3,25_1456,IFN3_25_1456_A_4_21,IFN3_25_1456_0,25_1456_A_4,15.8,31.8309886183791,196.066797510539
729846,25,1456,A,4,22,22,0,162,11.7,NA,22,163,171,10.9,2,2,NA,100,NA,,E,IFN3,25_1456,IFN3_25_1456_A_4_22,IFN3_25_1456_0,25_1456_A_4,16.7,31.8309886183791,219.039693789914
729847,25,1456,A,4,23,23,0,177,5.5,NA,21,394,370,15.7,2,2,NA,100,NA,,E,IFN3,25_1456,IFN3_25_1456_A_4_23,IFN3_25_1456_0,25_1456_A_4,38.2,14.1471060526129,1146.08441595609
729848,25,1456,A,4,24,24,0,205,3.9,NA,22,91,84,7.4,2,3,NA,100,NA,,E,IFN3,25_1456,IFN3_25_1456_A_4_24,IFN3_25_1456_0,25_1456_A_4,8.75,127.323954473516,60.1320468851171
729849,25,1456,A,4,25,25,0,215,11.9,NA,22,189,190,12.4,2,2,NA,100,NA,,E,IFN3,25_1456,IFN3_25_1456_A_4_25,IFN3_25_1456_0,25_1456_A_4,18.95,31.8309886183791,282.038443971432
729850,25,1456,A,4,26,26,0,219,7.3,NA,22,179,172,12.3,2,2,NA,100,NA,,E,IFN3,25_1456,IFN3_25_1456_A_4_26,IFN3_25_1456_0,25_1456_A_4,17.55,31.8309886183791,241.904597821823
729851,25,1456,A,4,27,27,0,235,12.9,NA,22,286,289,16,2,2,NA,100,NA,,E,IFN3,25_1456,IFN3_25_1456_A_4_27,IFN3_25_1456_0,25_1456_A_4,28.75,14.1471060526129,649.180669433203
729852,25,1456,A,4,28,28,0,240,2.8,NA,22,176,176,13.8,2,2,NA,100,NA,,E,IFN3,25_1456,IFN3_25_1456_A_4_28,IFN3_25_1456_0,25_1456_A_4,17.6,31.8309886183791,243.284935093994
729853,25,1456,A,4,29,29,0,252,10.5,NA,22,439,419,17.8,2,2,41,100,NA,,E,IFN3,25_1456,IFN3_25_1456_A_4_29,IFN3_25_1456_0,25_1456_A_4,42.9,5.09295817894065,1445.4546338983
729854,25,1456,A,4,30,30,0,282,9.4,NA,22,213,201,15.7,2,2,42,100,NA,,E,IFN3,25_1456,IFN3_25_1456_A_4_30,IFN3_25_1456_0,25_1456_A_4,20.7,31.8309886183791,336.535259034173
729855,25,1456,A,4,31,31,0,285,9.6,NA,22,268,273,16,2,2,42,100,NA,,E,IFN3,25_1456,IFN3_25_1456_A_4_31,IFN3_25_1456_0,25_1456_A_4,27.05,14.1471060526129,574.677799653321
729856,25,1456,A,4,32,32,0,298,6.9,NA,22,335,347,17.6,2,2,NA,100,NA,,E,IFN3,25_1456,IFN3_25_1456_A_4_32,IFN3_25_1456_0,25_1456_A_4,34.1,14.1471060526129,913.268838380187
729857,25,1456,A,4,33,33,0,306,1.7,NA,22,230,240,13.8,2,2,NA,100,NA,,E,IFN3,25_1456,IFN3_25_1456_A_4_33,IFN3_25_1456_0,25_1456_A_4,23.5,14.1471060526129,433.736135736241
729858,25,1456,A,4,34,34,0,327,2.8,NA,22,172,170,12.7,2,2,NA,100,NA,,E,IFN3,25_1456,IFN3_25_1456_A_4_34,IFN3_25_1456_0,25_1456_A_4,17.1,31.8309886183791,229.658276959048
729859,25,1456,A,4,35,35,0,329,2.4,NA,22,96,94,6,2,3,NA,100,NA,,E,IFN3,25_1456,IFN3_25_1456_A_4_35,IFN3_25_1456_0,25_1456_A_4,9.5,127.323954473516,70.8821842466197
729860,25,1456,A,4,36,36,0,341,9.4,NA,22,154,158,13.1,2,2,NA,100,NA,,E,IFN3,25_1456,IFN3_25_1456_A_4_36,IFN3_25_1456_0,25_1456_A_4,15.6,31.8309886183791,191.134497044403
729861,25,1456,A,4,37,37,0,349,7.5,NA,21,311,317,13.7,2,2,NA,100,NA,,E,IFN3,25_1456,IFN3_25_1456_A_4_37,IFN3_25_1456_0,25_1456_A_4,31.4,14.1471060526129,774.371173183348
729862,25,1456,A,4,38,38,0,362,1.9,NA,22,116,112,11.2,2,2,41,100,NA,,E,IFN3,25_1456,IFN3_25_1456_A_4_38,IFN3_25_1456_0,25_1456_A_4,11.4,127.323954473516,102.070345315132
729863,25,1456,A,4,39,39,0,371,7.7,NA,22,159,160,12,2,2,NA,100,NA,,E,IFN3,25_1456,IFN3_25_1456_A_4_39,IFN3_25_1456_0,25_1456_A_4,15.95,31.8309886183791,199.807256263719
729864,25,1456,A,4,40,40,0,371,4.6,NA,22,191,184,12.1,2,2,NA,100,NA,,E,IFN3,25_1456,IFN3_25_1456_A_4_40,IFN3_25_1456_0,25_1456_A_4,18.75,31.8309886183791,276.116541819415
729865,25,1456,A,4,41,41,0,392,5.7,NA,22,226,244,11.3,2,2,NA,100,NA,,E,IFN3,25_1456,IFN3_25_1456_A_4_41,IFN3_25_1456_0,25_1456_A_4,23.5,14.1471060526129,433.736135736241
729866,25,1456,A,4,42,42,0,395,11.3,NA,22,306,282,13.9,2,2,NA,100,NA,,E,IFN3,25_1456,IFN3_25_1456_A_4_42,IFN3_25_1456_0,25_1456_A_4,29.4,14.1471060526129,678.866756514218
738009,25,1825,A,1,1,1,1,20,5.7,NA,45,125,125,6,2,5,49,100,NA,,X,IFN3,25_1825,IFN3_25_1825_A_1_1,IFN3_25_1825_1,25_1825_A_1,12.5,31.8309886183791,122.718463030851
738010,25,1825,A,1,2,2,2,33,4.2,NA,45,165,138,5.5,2,5,49,100,NA,,X,IFN3,25_1825,IFN3_25_1825_A_1_2,IFN3_25_1825_2,25_1825_A_1,15.15,31.8309886183791,180.266549958391
738011,25,1825,A,1,3,3,3,37,6.2,NA,45,145,130,6.5,2,5,49,100,NA,,X,IFN3,25_1825,IFN3_25_1825_A_1_3,IFN3_25_1825_3,25_1825_A_1,13.75,31.8309886183791,148.48934026733
738012,25,1825,A,1,4,4,4,37,6.9,NA,45,125,151,6,2,5,49,100,NA,,X,IFN3,25_1825,IFN3_25_1825_A_1_4,IFN3_25_1825_4,25_1825_A_1,13.8,31.8309886183791,149.57122623741
738013,25,1825,A,1,5,5,5,46,5.9,NA,45,136,126,6,2,5,49,100,NA,,X,IFN3,25_1825,IFN3_25_1825_A_1_5,IFN3_25_1825_5,25_1825_A_1,13.1,31.8309886183791,134.782178820636
738014,25,1825,A,1,6,6,6,69,6,NA,45,162,160,7,2,5,NA,100,NA,,X,IFN3,25_1825,IFN3_25_1825_A_1_6,IFN3_25_1825_6,25_1825_A_1,16.1,31.8309886183791,203.583057934253
738015,25,1825,A,1,7,7,7,72,8.5,NA,45,176,188,6,2,5,49,100,NA,,X,IFN3,25_1825,IFN3_25_1825_A_1_7,IFN3_25_1825_7,25_1825_A_1,18.2,31.8309886183791,260.155287643771
738016,25,1825,A,1,8,8,8,73,7.6,NA,45,176,165,6,2,5,429,100,NA,,X,IFN3,25_1825,IFN3_25_1825_A_1_8,IFN3_25_1825_8,25_1825_A_1,17.05,31.8309886183791,228.317209595047
738017,25,1825,A,1,9,9,9,74,7.3,NA,45,170,164,6,2,5,429,100,NA,,X,IFN3,25_1825,IFN3_25_1825_A_1_9,IFN3_25_1825_9,25_1825_A_1,16.7,31.8309886183791,219.039693789914
738018,25,1825,A,1,10,10,10,75,8.1,NA,45,155,181,6.5,2,5,49,100,NA,,X,IFN3,25_1825,IFN3_25_1825_A_1_10,IFN3_25_1825_10,25_1825_A_1,16.8,31.8309886183791,221.670777637296
738019,25,1825,A,1,11,11,11,87,4,NA,21,159,148,8.5,2,2,NA,100,NA,,X,IFN3,25_1825,IFN3_25_1825_A_1_11,IFN3_25_1825_11,25_1825_A_1,15.35,31.8309886183791,185.057478755115
738020,25,1825,A,1,12,12,12,106,3.6,NA,21,136,119,7.5,2,3,NA,100,NA,,X,IFN3,25_1825,IFN3_25_1825_A_1_12,IFN3_25_1825_12,25_1825_A_1,12.75,31.8309886183791,127.676288937298
738021,25,1825,A,1,13,13,13,121,4.3,NA,21,144,137,8,2,2,NA,100,NA,,X,IFN3,25_1825,IFN3_25_1825_A_1_13,IFN3_25_1825_13,25_1825_A_1,14.05,31.8309886183791,155.039560950065
738022,25,1825,A,1,14,14,0,128,8.9,NA,21,132,136,8,2,2,NA,100,NA,,X,IFN3,25_1825,IFN3_25_1825_A_1_14,IFN3_25_1825_0,25_1825_A_1,13.4,31.8309886183791,141.026094219646
738023,25,1825,A,1,15,15,14,136,7.4,NA,21,197,190,8,2,2,NA,100,NA,,X,IFN3,25_1825,IFN3_25_1825_A_1_15,IFN3_25_1825_14,25_1825_A_1,19.35,31.8309886183791,294.070743834681
738024,25,1825,A,1,16,16,15,138,4.3,NA,21,130,130,7,2,3,NA,100,NA,,X,IFN3,25_1825,IFN3_25_1825_A_1_16,IFN3_25_1825_15,25_1825_A_1,13,31.8309886183791,132.732289614169
738025,25,1825,A,1,17,17,0,147,8,NA,21,138,144,8.5,2,2,NA,100,NA,,X,IFN3,25_1825,IFN3_25_1825_A_1_17,IFN3_25_1825_0,25_1825_A_1,14.1,31.8309886183791,156.145008865047
738026,25,1825,A,1,18,18,16,148,2.2,NA,21,108,106,7.5,2,3,NA,100,NA,,X,IFN3,25_1825,IFN3_25_1825_A_1_18,IFN3_25_1825_16,25_1825_A_1,10.7,127.323954473516,89.9202357273738
738027,25,1825,A,1,19,19,0,153,5.4,NA,21,133,130,7.5,2,3,NA,100,NA,,X,IFN3,25_1825,IFN3_25_1825_A_1_19,IFN3_25_1825_0,25_1825_A_1,13.15,31.8309886183791,135.813013910095
738028,25,1825,A,1,20,20,17,155,8.5,NA,21,140,139,7,2,3,NA,100,NA,,X,IFN3,25_1825,IFN3_25_1825_A_1_20,IFN3_25_1825_17,25_1825_A_1,13.95,31.8309886183791,152.840446092552
738029,25,1825,A,1,21,21,18,163,10,NA,21,162,159,7.5,2,2,NA,100,NA,,X,IFN3,25_1825,IFN3_25_1825_A_1_21,IFN3_25_1825_18,25_1825_A_1,16.05,31.8309886183791,202.320530386591
738030,25,1825,A,1,22,22,19,165,6.5,NA,21,172,165,6.5,2,2,NA,100,NA,,X,IFN3,25_1825,IFN3_25_1825_A_1_22,IFN3_25_1825_19,25_1825_A_1,16.85,31.8309886183791,222.992210047212
738031,25,1825,A,1,23,23,20,168,2.7,NA,21,144,145,8,2,2,NA,100,NA,,X,IFN3,25_1825,IFN3_25_1825_A_1_23,IFN3_25_1825_20,25_1825_A_1,14.45,31.8309886183791,163.993100012796
738032,25,1825,A,1,24,24,21,185,3.7,NA,21,149,146,7,2,2,NA,100,NA,,X,IFN3,25_1825,IFN3_25_1825_A_1_24,IFN3_25_1825_21,25_1825_A_1,14.75,31.8309886183791,170.873187924157
738033,25,1825,A,1,25,25,0,195,6.4,NA,21,134,130,7,2,3,NA,100,NA,,X,IFN3,25_1825,IFN3_25_1825_A_1_25,IFN3_25_1825_0,25_1825_A_1,13.2,31.8309886183791,136.847775990371
738034,25,1825,A,1,26,26,22,200,10,NA,21,152,152,7.5,2,2,NA,100,NA,,X,IFN3,25_1825,IFN3_25_1825_A_1_26,IFN3_25_1825_22,25_1825_A_1,15.2,31.8309886183791,181.458391671346
738035,25,1825,A,1,27,27,0,215,5.7,NA,21,134,117,7,2,3,NA,100,NA,,X,IFN3,25_1825,IFN3_25_1825_A_1_27,IFN3_25_1825_0,25_1825_A_1,12.55,31.8309886183791,123.702174230507
738036,25,1825,A,1,28,28,23,216,7.2,NA,21,157,167,8.5,2,2,NA,100,NA,,X,IFN3,25_1825,IFN3_25_1825_A_1_28,IFN3_25_1825_23,25_1825_A_1,16.2,31.8309886183791,206.119894002026
738037,25,1825,A,1,29,29,24,219,4.3,NA,21,133,138,7,2,2,NA,100,NA,,X,IFN3,25_1825,IFN3_25_1825_A_1_29,IFN3_25_1825_24,25_1825_A_1,13.55,31.8309886183791,144.20106629518
738038,25,1825,A,1,30,30,25,227,9,NA,21,170,170,8,2,2,NA,100,NA,,X,IFN3,25_1825,IFN3_25_1825_A_1_30,IFN3_25_1825_25,25_1825_A_1,17,31.8309886183791,226.980069221863
738039,25,1825,A,1,31,31,26,248,4.2,NA,21,170,162,7.5,2,2,NA,100,NA,,X,IFN3,25_1825,IFN3_25_1825_A_1_31,IFN3_25_1825_26,25_1825_A_1,16.6,31.8309886183791,216.424317905801
738040,25,1825,A,1,32,32,27,258,0.7,NA,21,135,135,7.5,2,2,NA,100,NA,,X,IFN3,25_1825,IFN3_25_1825_A_1_32,IFN3_25_1825_27,25_1825_A_1,13.5,31.8309886183791,143.138815279185
738041,25,1825,A,1,33,33,28,267,10.3,NA,45,279,299,5.5,2,4,NA,100,NA,,X,IFN3,25_1825,IFN3_25_1825_A_1_33,IFN3_25_1825_28,25_1825_A_1,28.9,14.1471060526129,655.972400051183
738042,25,1825,A,1,34,34,29,272,8.3,NA,45,213,238,5.5,2,5,NA,100,NA,,X,IFN3,25_1825,IFN3_25_1825_A_1_34,IFN3_25_1825_29,25_1825_A_1,22.55,14.1471060526129,399.376929583011
738043,25,1825,A,1,35,35,30,272,2.6,NA,21,187,180,7.5,2,2,NA,100,NA,,X,IFN3,25_1825,IFN3_25_1825_A_1_35,IFN3_25_1825_30,25_1825_A_1,18.35,31.8309886183791,264.461233074597
738044,25,1825,A,1,36,36,31,310,2.2,NA,21,161,171,7.5,2,2,NA,100,NA,,X,IFN3,25_1825,IFN3_25_1825_A_1_36,IFN3_25_1825_31,25_1825_A_1,16.6,31.8309886183791,216.424317905801
738045,25,1825,A,1,37,37,32,335,12.1,NA,45,280,294,6.5,2,5,NA,100,NA,,X,IFN3,25_1825,IFN3_25_1825_A_1_37,IFN3_25_1825_32,25_1825_A_1,28.7,14.1471060526129,646.924613208844
738046,25,1825,A,1,38,38,33,362,3.7,NA,21,215,215,8.5,2,2,NA,100,NA,,X,IFN3,25_1825,IFN3_25_1825_A_1_38,IFN3_25_1825_33,25_1825_A_1,21.5,31.8309886183791,363.05030103047
738047,25,1825,A,1,39,39,34,385,1.2,NA,21,157,161,8.5,2,2,NA,100,NA,,X,IFN3,25_1825,IFN3_25_1825_A_1_39,IFN3_25_1825_34,25_1825_A_1,15.9,31.8309886183791,198.556509688509
738048,25,1825,A,1,40,40,35,399,2.7,NA,21,180,180,8.5,2,2,NA,100,NA,,X,IFN3,25_1825,IFN3_25_1825_A_1_40,IFN3_25_1825_35,25_1825_A_1,18,31.8309886183791,254.469004940773
