"","INVENTORY_ID","PLOT_ID","AGE","MUNICIPALITY","SPECIE_IFN_ID","BASAL_AREA","DENSITY","MEAN_DBH","MEAN_H","QM_DBH","DOMINANT_H"
"3264","IFN2","15_1004_IFN2",25,5,26,40.1436416666667,871.603203901482,22.5155007304009,13.9783314397013,24.2160906678306,16.4510869565217
"3268","IFN2","15_1006_IFN2",22,31,26,5.52058888888889,70.7355302630646,31.1,15.4,31.5231026391756,15.4
"3270","IFN2","15_1008_IFN2",2,41,26,1.80710625,95.4929658551372,15.3833333333333,14.1666666666667,15.5224836930177,14.1666666666667
"3275","IFN2","15_1016_IFN2",2,5,26,38.8053902777778,1828.51345730022,15.7911025145068,13.8878143133462,16.4381147059826,16.0625
"3279","IFN2","15_1022_IFN2",22,5,26,9.1644875,583.568124670283,12.8745454545455,12.7878787878788,14.1404545381489,14.8333333333333
"3285","IFN2","15_1027_IFN2",4,31,26,5.47013055555556,198.059484736581,16.7535714285714,11.3571428571429,18.7523665173226,11.3571428571429
"3292","IFN2","15_1036_IFN2",32,31,26,18.2146403333333,396.826324775792,21.3442067736185,10.4789661319073,24.1749242515224,15.3282051282051
"3302","IFN2","15_1047_IFN2",15,31,26,26.7486604166667,1099.93749559065,17.0242765273312,11.9067524115756,17.5963290438641,13.0625
"3304","IFN2","15_1049_IFN2",12,21,26,17.6113536388889,479.021010941473,19.677658003544,13.1565268753692,21.6358592126329,15.6222826086957
"3306","IFN2","15_1053_IFN2",12,31,26,31.4218808611111,1787.20390762659,13.5643829652497,10.7544526240798,14.961808626206,18.6949152542373
"3310","IFN2","15_1056_IFN2",2,24,26,2.86104377777778,33.3871702841665,32.106779661017,19.1101694915254,33.0314398255534,19.1101694915254
"3314","IFN2","15_1058_IFN2",27,21,26,8.913525,279.405344539105,19.4848101265823,14.3607594936709,20.154055407463,15.1029411764706
"3320","IFN2","15_1061_IFN2",22,31,26,26.5781583333333,735.649514735872,20.8495192307692,15.1778846153846,21.4477641384472,17
"3321","IFN2","15_1064_IFN2",6,21,26,8.626476,175.989999294505,20.2977491961415,15.0192926045016,24.9820327718701,15.0192926045016
"3322","IFN2","15_1070_IFN2",32,17,26,13.67447775,359.902377978473,19.569909591195,11.0233883647799,21.9947016695617,19.6989247311828
"3329","IFN2","15_1166_IFN2",2,17,26,25.2654118333333,243.04728198389,34.4736903376019,22.6664726426077,36.3808520249714,24.3046875
"3333","IFN2","15_1177_IFN2",2,64,26,22.8955525555556,654.5865970544,18.4641020099416,13.8621136805706,21.1031394872387,20.9973404255319
"3334","IFN2","15_118_IFN2",7,54,26,2.92768125,413.802852038928,9.33461538461538,5.46153846153846,9.49118011629745,5.8
"3344","IFN2","15_1202_IFN2",28,63,26,17.2279583333333,1085.79038953804,12.7345276872964,10.3501628664495,14.2134324228099,19.2297297297297
"3362","IFN2","15_1229_IFN2",24,27,26,23.9736229166667,923.098669932993,17.1036398467433,12.8352490421456,18.1843520896275,17.75
"3372","IFN2","15_1263_IFN2",12,50,26,27.3456770833333,877.120575262001,18.3280241935484,14.5987903225806,19.9236888405769,19.75
"3374","IFN2","15_1282_IFN2",2,39,26,13.6916673611111,431.486734604694,19.5110655737705,10.1024590163934,20.1001595499744,11.375
"3375","IFN2","15_1285_IFN2",8,50,26,0.731025,127.323954473516,8.55,7,8.55,7
"3390","IFN2","15_1316_IFN2",2,3,26,10.94143125,159.154943091895,28.8722222222222,15.4111111111111,29.5857144581638,16.4375
"3391","IFN2","15_1322_IFN2",2,3,26,15.1985923611111,505.759041380912,18.1765734265734,14.2762237762238,19.5607235447569,16.875
"3393","IFN2","15_1325_IFN2",20,50,26,29.2399013888889,1046.88584789336,18.4682432432432,14.9712837837838,18.8579007924344,15.5625
"3394","IFN2","15_1334_IFN2",20,3,26,9.243925,569.42101861767,13.7869565217391,8.33850931677019,14.3769419428239,9.68571428571429
"3396","IFN2","15_1340_IFN2",25,50,26,9.76646875,604.788783749202,14.0078947368421,7.39473684210526,14.3391027760126,7.625
"3402","IFN2","15_1349_IFN2",32,52,26,35.5455501111111,275.5856259049,39.8389117043121,21.9969199178645,40.5246617310853,23.5294117647059
"3405","IFN2","15_1354_IFN2",2,52,26,8.616,636.619772367581,12.985,9.575,13.1270712651376,6.875
"3409","IFN2","15_1368_IFN2",7,52,26,22.7954744722222,320.997836333787,29.3233362714852,13.7007492287351,30.0696466604859,14.3978494623656
"3410","IFN2","15_1371_IFN2",2,16,26,11.594625,633.082995854428,14.4905027932961,5.82960893854749,15.2704940596831,7.82857142857143
"3414","IFN2","15_1378_IFN2",22,52,26,26.6838236111111,882.213533440942,17.9555003207184,12.1297305965362,19.6242122323639,18.0923913043478
"3416","IFN2","15_1381_IFN2",7,52,26,5.42709722222222,56.5884242104517,34.5625,18.625,34.9441965854132,18.625
"3417","IFN2","15_1392_IFN2",32,52,26,47.3868766111111,692.359370214876,28.1864732325296,19.1969758888435,29.5201333047637,21.1693548387097
"3419","IFN2","15_1393_IFN2",17,52,26,21.2902434444444,471.947457915167,23.1662470023981,15.2378597122302,23.9661651363527,16.6385869565217
"3428","IFN2","15_1404_IFN2",27,52,26,17.607069,469.966863067801,19.664238410596,10.7030403371463,21.8406205543955,16.2150259067358
"3430","IFN2","15_1414_IFN2",2,52,26,17.2324819444444,774.554056380557,15.5844748858447,12.5502283105023,16.8307360444838,14.375
"3431","IFN2","15_1439_IFN2",22,52,26,24.1087861111111,788.70116243317,18.8219730941704,11.6345291479821,19.7281558826249,13.3125
"3436","IFN2","15_1445_IFN2",10,34,26,6.6165625,555.273912565057,11.7286624203822,6.0859872611465,12.3173599723276,7.30645161290323
"3438","IFN2","15_1463_IFN2",32,92,26,26.7774541666667,742.723067762178,20.4404761904762,12.102380952381,21.4252671261894,14.0625
"3440","IFN2","15_1476_IFN2",7,34,26,37.6716880833333,1704.30186615828,15.5376068730804,12.7044907445837,16.7760356486369,24.580310880829
"3446","IFN2","15_1477_IFN2",2,92,26,16.1046993055556,392.582192960009,22.0220720720721,11.1441441441441,22.8542025035238,12.4375
"3449","IFN2","15_1510_IFN2",2,92,26,24.8869972222222,675.524314012267,19.4502617801047,11.9319371727749,21.6581230302563,16.875
"3450","IFN2","15_1511_IFN2",17,92,26,39.0873270833333,891.267681314614,22.4974206349206,14.3452380952381,23.6302853750174,16.1875
"3453","IFN2","15_1517_IFN2",2,92,26,11.9672958333333,406.729299012621,18.9286956521739,12.5260869565217,19.3553194575638,14.1764705882353
"3456","IFN2","15_1527_IFN2",32,92,26,19.2967569444444,877.120575262001,15.5645161290323,9.5383064516129,16.7366129700629,12.75
"3460","IFN2","15_1536_IFN2",32,92,26,26.6824504444444,507.315223046699,23.927440044618,13.6939486893475,25.8778962803229,16.2961956521739
"3461","IFN2","15_1541_IFN2",2,92,26,4.34661875,286.478897565412,13.2722222222222,9.66666666666667,13.8990307415861,10.25
"3463","IFN2","15_1542_IFN2",2,92,26,20.12014975,616.955294954449,17.7333295115799,9.14549415271727,20.3771675187709,14.2608695652174
"3465","IFN2","15_1546_IFN2",32,92,26,29.1725006944444,675.524314012267,22.8452879581152,13.1780104712042,23.4488417758377,15.375
"3466","IFN2","15_1547_IFN2",22,92,26,27.3268902777778,1050.42262440651,16.7037037037037,10.5,18.1998635618522,14.75
"3467","IFN2","15_1549_IFN2",32,92,26,37.7012569444444,725.039185196412,24.8375609756098,14.7439024390244,25.7307375265175,16.5625
"3474","IFN2","15_1559_IFN2",7,92,26,15.13295,558.81068907821,17.9867088607595,12.4082278481013,18.5688285146119,16.125
"3475","IFN2","15_1560_IFN2",22,92,26,15.2454826388889,509.295817894065,18.4399305555556,11.7604166666667,19.5227320314607,14.5
"3476","IFN2","15_1561_IFN2",27,92,26,19.5325283611111,321.422249515366,26.3076804577465,16.2946742957746,27.8161053803355,17.7253886010363
"3482","IFN2","15_1564_IFN2",27,92,26,24.3091683611111,652.323060085982,20.0134352635003,12.9592279332032,21.782551241839,16.616847826087
"3483","IFN2","15_1565_IFN2",1,92,26,19.0741347222222,664.913984472807,17.0547872340426,9.70212765957447,19.111498850113,14.5625
"3486","IFN2","15_1566_IFN2",2,92,26,7.39285833333333,159.154943091895,24.0444444444444,12.0333333333333,24.3193064594093,12.6875
"3488","IFN2","15_1573_IFN2",7,93,26,22.8446416666667,675.524314012267,20.1743455497382,12.9476439790576,20.7504128515038,16.0625
"3490","IFN2","15_1576_IFN2",27,92,26,24.58234375,459.78094670992,25.2665384615385,14.75,26.0910296255835,16.5
"3494","IFN2","15_1583_IFN2",22,93,26,16.05174375,763.943726841098,14.55625,7.5,16.3563156762151,13.125
"3496","IFN2","15_1585_IFN2",32,93,26,23.4461423611111,558.81068907821,21.7503164556962,12.8892405063291,23.1131110389479,16.75
"3497","IFN2","15_1587_IFN2",22,93,26,25.3162930555556,1068.10650697228,16.0403973509934,10.5264900662252,17.3719206142503,13.0625
"3499","IFN2","15_1589_IFN2",2,92,26,12.9113118055556,282.942121052258,22.963125,13.1,24.1041289253522,14.9375
"3500","IFN2","15_1591_IFN2",12,93,26,29.9605198055556,529.243237428249,25.7990510558674,17.8898690189789,26.8473900590073,26.0837988826816
"3503","IFN2","15_1596_IFN2",32,93,26,31.2702305555556,593.754041028164,25.0665951870384,16.7962830593281,25.8950832619936,21.300518134715
"3506","IFN2","15_1597_IFN2",37,93,26,27.5989282777778,534.760608788768,24.5122486772487,14.5863756613757,25.6343000674309,17.5307692307692
"3507","IFN2","15_1598_IFN2",12,93,26,3.44693125,159.154943091895,16.55,8.1,16.6058574003271,8.25
"3512","IFN2","15_1615_IFN2",17,93,26,9.09413125,477.464829275686,15.43,7.33333333333333,15.5727379309698,7.375
"3513","IFN2","15_1616_IFN2",17,93,26,10.4560409722222,385.508639933702,17.5582568807339,11.9633027522936,18.5832487210262,13.9594594594595
"3516","IFN2","15_1625_IFN2",22,93,26,17.6844368055556,290.015674078565,27.1018292682927,11.9451219512195,27.8637741258535,13
"3517","IFN2","15_1628_IFN2",32,93,26,31.5395207222222,588.661082849224,25.0226387887527,16.810982936794,26.1186028401881,19.3451086956522
"3520","IFN2","15_1633_IFN2",12,93,26,29.6574292777778,1073.19946515122,17.3708937516478,10.8940812022146,18.7577864489675,18.9266304347826
"3522","IFN2","15_1640_IFN2",7,93,26,11.8638743055556,385.508639933702,18.6463302752294,13.0229357798165,19.7948069132777,16.8378378378378
"3523","IFN2","15_1646_IFN2",2,93,26,0.6561,127.323954473516,8.1,3,8.1,3
"3527","IFN2","15_1673_IFN2",27,77,26,7.80808194444444,190.985931710274,22.5037037037037,10.1759259259259,22.8153193336472,10.8125
"3530","IFN2","15_17_IFN2",25,22,26,5.18455555555556,116.713624934057,23.5121212121212,8.31818181818182,23.7820915562084,8.31818181818182
"3535","IFN2","15_174_IFN2",42,76,26,9.63956666666667,226.353696841807,19.4125,11.125,23.2857386612493,11.125
"3544","IFN2","15_1783_IFN2",2,86,26,19.1088486111111,866.510245722541,16.150612244898,9.63673469387755,16.7565832326478,12.2068965517241
"3550","IFN2","15_180_IFN2",1,76,26,0.874225,5.09295817894065,46.75,14,46.75,14
"3553","IFN2","15_1872_IFN2",7,59,26,6.81954791666667,233.427249868113,18.8386363636364,9.89393939393939,19.2866622542391,9.76666666666667
"3554","IFN2","15_189_IFN2",1,76,26,2.87226944444444,42.4413181578388,29.2833333333333,11.6666666666667,29.3544005786753,11.6666666666667
"3555","IFN2","15_191_IFN2",17,76,26,1.911025,132.416912652457,11.2980769230769,8.25,13.5555303786371,8.25
"3559","IFN2","15_1911_IFN2",27,59,26,11.4610280277778,154.769340215585,27.9400822669104,13.9259597806216,30.7060802787942,15.2013808975834
"3561","IFN2","15_1912_IFN2",42,60,26,13.3008111111111,205.133037762887,27.4241379310345,19.6810344827586,28.7326919415306,20.875
"3565","IFN2","15_1923_IFN2",2,59,26,9.18313736111111,353.253238133745,15.0820384461354,9.889467360833,18.1931342313465,10.6725109580463
"3566","IFN2","15_1926_IFN2",7,59,26,24.4879561388889,549.615070144012,21.7254954954955,14.079407979408,23.8178202025723,19.4552631578947
"3572","IFN2","15_1976_IFN2",10,38,26,0.731025,31.8309886183791,17.1,11.5,17.1,11.5
"3577","IFN2","15_204_IFN2",37,76,26,8.26507013888889,258.184685460186,17.6308219178082,10.5684931506849,20.1889202286799,14.527027027027
"3589","IFN2","15_2091_IFN2",22,23,26,18.57985,802.423855304205,16.4732898448519,10.9914492242595,17.1701561742037,12.1793628808864
"3594","IFN2","15_2129_IFN2",22,34,26,27.9504791666667,739.186291249025,21.2866028708134,11.8205741626794,21.941824452107,14.5625
"3595","IFN2","15_213_IFN2",2,76,26,11.6799468055556,159.862298394526,27.5276548672566,13.7867256637168,30.5001844256719,14.9767955801105
"3611","IFN2","15_2164_IFN2",2,34,26,21.1181090277778,905.414787367227,15.6939453125,11,17.2329164160662,16.25
"3619","IFN2","15_2175_IFN2",2,53,26,46.5265298611111,1924.00642315536,16.2861213235294,11.6700367647059,17.5469699233984,14.5
"3630","IFN2","15_2264_IFN2",22,45,26,20.4129307222222,627.565624493909,19.0227231740307,10.9828674481515,20.3506444544504,17.758152173913
"3632","IFN2","15_2266_IFN2",22,77,26,44.0019019444444,827.181290896277,24.9225927826236,13.8954164528818,26.0249816670701,15.6528497409326
"3652","IFN2","15_237_IFN2",12,76,26,8.92527611111111,126.899541291938,27.1673355629877,14.5635451505017,29.9251174314946,14.5635451505017
"3657","IFN2","15_2403_IFN2",2,88,26,20.06979725,323.402844362731,26.9317366579178,17.4809711286089,28.1095979699372,21.1603260869565
"3658","IFN2","15_2408_IFN2",32,7,26,32.3616547777778,710.467665962221,23.313201911589,17.6853843090402,24.0823165606616,19.580310880829
"3659","IFN2","15_2415_IFN2",2,88,26,4.84965069444444,120.25040144721,21.1426470588235,11.0294117647059,22.6603712783041,11.0294117647059
"3666","IFN2","15_2435_IFN2",7,88,26,15.2323180555556,424.413181578388,21.0175,17.7125,21.3768459241925,19.125
"3681","IFN2","15_2593_IFN2",12,78,26,0.748225,5.09295817894065,43.25,13.5,43.25,13.5
"3688","IFN2","15_2602_IFN2",2,78,26,8.50302291666667,226.353696841807,21.42734375,13.4140625,21.8699574545197,14.0810810810811
"3697","IFN2","15_2631_IFN2",2,66,26,13.6189875,1128.23170769588,12.0413793103448,9.69435736677116,12.3973345046956,10.9193548387097
"3717","IFN2","15_281_IFN2",7,25,26,1.7313375,95.4929658551372,14.9,5.83333333333333,15.1935841722748,5.83333333333333
"3737","IFN2","15_2955_IFN2",2,53,26,6.07385625,923.098669932993,9.06724137931035,4.48275862068966,9.15299555261593,5.2
"3740","IFN2","15_2962_IFN2",2,53,26,32.22966525,602.808188901837,24.8619220840178,13.1385824923727,26.0911598176271,16.7744565217391
"3744","IFN2","15_2981_IFN2",2,62,26,39.2740631944444,739.186291249025,24.9806220095694,14.5574162679426,26.0094413755824,17.4375
"3757","IFN2","15_3026_IFN2",20,42,26,17.6856965277778,983.223870656598,14.7785971223022,6.22841726618705,15.1335193617804,7.04285714285714
"3762","IFN2","15_304_IFN2",2,81,26,5.33056255555555,175.989999294505,15.4480707395498,7.22508038585209,19.6380149667118,7.22508038585209
"3765","IFN2","15_3087_IFN2",18,42,26,28.75145,643.693325393888,23.5126373626374,10.9093406593407,23.8476413928086,11.8125
"3780","IFN2","15_3126_IFN2",26,74,26,47.39689375,806.385044998936,26.7875,14.5592105263158,27.3563887707963,16.5625
"3784","IFN2","15_3136_IFN2",10,33,26,8.94176958333333,227.061052144437,19.0549221183801,7.99345794392523,22.3921334442906,7.99345794392523
"3786","IFN2","15_3137_IFN2",30,33,26,41.3799545555556,532.072658638772,31.0209784631747,18.0368253124169,31.4676704059323,18.7826086956522
"3787","IFN2","15_3146_IFN2",28,74,26,54.9831784722222,1361.65895756399,21.8720779220779,16.4493506493506,22.6744001481389,18.5625
"3789","IFN2","15_3157_IFN2",2,74,26,24.2857153055556,678.212264162263,19.6316332916145,15.4246975385899,21.3524488248465,23.0456989247312
"3793","IFN2","15_3179_IFN2",22,13,26,11.5038995,216.875135786556,22.8794520547945,11.3473581213307,25.9879915441917,13.9807692307692
"3796","IFN2","15_3180_IFN2",27,13,26,20.9166784722222,322.978431181153,27.3544678055191,17.9154621112571,28.7153860456586,20.0932203389831
"3797","IFN2","15_3182_IFN2",27,74,26,26.8640325,447.472964444147,24.7721783117294,18.4298134682264,27.6475887514368,22.2791878172589
"3799","IFN2","15_3201_IFN2",12,82,26,1.176921,36.9239467973197,17.3172413793103,9.1551724137931,20.1453425780305,9.1551724137931
"3803","IFN2","15_3218_IFN2",7,82,26,24.0093745,436.155279602056,24.5795004865391,14.5830360038923,26.4743261761409,18.180790960452
"3805","IFN2","15_3226_IFN2",22,82,26,40.2443534722222,348.726164196908,36.9737728194726,23.0778904665314,38.3323345917458,24.8135135135135
"3807","IFN2","15_3236_IFN2",2,82,26,25.5769493333333,813.034184843664,18.3698799373586,13.142596137115,20.0135913449947,17.639896373057
"3808","IFN2","15_3238_IFN2",12,82,26,2.95010277777778,109.64007190775,18.2096774193548,8.95161290322581,18.5092566205443,8.95161290322581
"3810","IFN2","15_3247_IFN2",2,82,26,15.3206805833333,447.190022323094,18.8695191395128,12.6297057893072,20.8856519252555,18.0842391304348
"3814","IFN2","15_3256_IFN2",2,89,26,18.7238883333333,501.79785168618,19.0776994643361,14.4095009867494,21.7965963542566,19.1036269430052
"3816","IFN2","15_3264_IFN2",2,89,26,21.9275152777778,629.546219341275,19.3859550561798,14.4943820224719,21.0589134828616,21.9375
"3819","IFN2","15_3307_IFN2",9,85,26,11.872825,1782.53536262923,9.125,6.67857142857143,9.20901150271531,7.5
"3821","IFN2","15_3317_IFN2",12,71,26,18.6832708333333,615.399113288662,18.1201149425287,11.4626436781609,19.6608858151021,15.1875
"3822","IFN2","15_3321_IFN2",17,73,26,20.1159854722222,844.865173462043,16.0665354989953,13.6860348292029,17.4113326054553,17.9993726474279
"3828","IFN2","15_3325_IFN2",7,73,26,4.73615,318.309886183791,13.24,7.65,13.763938389865,9.625
"3830","IFN2","15_3326_IFN2",12,73,26,39.1968053055556,593.18815678606,26.9566062485094,16.8598855234915,29.0057540016444,19.6692708333333
"3835","IFN2","15_3335_IFN2",25,73,26,41.1259895833333,1000.90775322236,21.9659010600707,18.7031802120141,22.872635717475,20.5625
"3838","IFN2","15_3341_IFN2",17,73,26,42.0415,409.70019128367,35.6910220994475,23.1795580110497,36.1460693399612,24.0301507537688
"3839","IFN2","15_3346_IFN2",2,73,26,38.6389198611111,710.467665962221,23.9438769414576,18.0991636798088,26.3145161641215,23.8264248704663
"3845","IFN2","15_3350_IFN2",7,11,26,0.697225,127.323954473516,8.35,3.5,8.35,3.5
"3847","IFN2","15_3362_IFN2",20,11,26,34.5076923611111,962.003211577678,19.8071691176471,14.0588235294118,21.3709957119594,16.875
"3849","IFN2","15_3368_IFN2",2,50,26,16.9388871111111,254.223495765454,28.3020589872009,20.5773511407902,29.1265907038959,22.1373056994819
"3851","IFN2","15_338_IFN2",1,61,26,34.8070444444444,2026.5729420368,14.0972076788831,9.93019197207679,14.7879343298921,12.1969696969697
"3875","IFN2","15_385_IFN2",27,44,26,29.3077583333333,728.575961709565,21.9917475728155,8.8373786407767,22.6312707879104,11.0625
"3892","IFN2","15_413_IFN2",7,44,26,32.2097783888889,752.767513059533,20.3337154670175,11.0692538996429,23.3409481381696,18.7964824120603
"3895","IFN2","15_425_IFN2",22,58,26,6.99239861111111,139.490465678763,23.2865111561866,14.4046653144016,25.2636377927512,16.1504599211564
"3898","IFN2","15_429_IFN2",27,58,26,24.0216268888889,238.803150168106,34.6616113744076,21.5462085308057,35.7879022226454,24.4543147208122
"3906","IFN2","15_444_IFN2",1,75,26,16.4299008888889,161.842893241892,35.6146853146853,22.1503496503496,35.9522201382214,22.6344086021505
"3908","IFN2","15_448_IFN2",37,51,26,24.0448931388889,224.231630933915,35.4971293375394,20.893690851735,36.9503066626052,24.7421052631579
"3910","IFN2","15_451_IFN2",27,51,26,22.0277583333333,477.464829275686,22.8014814814815,13.3777777777778,24.2364784754075,16.3125
"3915","IFN2","15_476_IFN2",22,35,26,2.74145694444444,77.809083289371,21.0727272727273,8,21.1802277007247,8
"3916","IFN2","15_520_IFN2",17,91,26,6.43533680555556,116.713624934057,26.1954545454545,14.7121212121212,26.4959759666301,14.7121212121212
"3925","IFN2","15_552_IFN2",1,50,26,3.18328333333333,56.5884242104517,26.675,15.5,26.7626372018903,15.5
"3934","IFN2","15_581_IFN2",4,50,26,27.4855048611111,1121.15815466957,15.9837539432177,10.7476340694006,17.6674340398387,15.125
"3937","IFN2","15_599_IFN2",7,50,26,1.636325,254.647908947033,8.975,4.25,9.0452335514347,4.5
"3942","IFN2","15_671_IFN2",7,40,26,17.4364037777778,464.873904888861,20.9458916615946,11.4487218502739,21.8532449598894,14.0733695652174
"3944","IFN2","15_677_IFN2",2,40,26,15.0204451388889,293.552450591718,25.0114457831325,15.921686746988,25.5242862142507,17
"3952","IFN2","15_686_IFN2",15,14,26,25.945775,2323.66216914167,11.7041095890411,6.52739726027397,11.9234487518078,7.375
"3953","IFN2","15_695_IFN2",2,14,26,26.15963525,556.405681049266,22.339448258327,14.4377065853038,24.4666846059373,18.8502824858757
"3955","IFN2","15_745_IFN2",2,14,26,16.2719194444444,473.928052762533,20.5537313432836,12.4216417910448,20.908276944218,13.5625
"3973","IFN2","15_881_IFN2",17,19,26,16.4481458333333,569.42101861767,16.9714285714286,9.49689440993789,19.1777117333949,15.8125
"3974","IFN2","15_882_IFN2",2,19,26,6.82186388888889,113.176848420903,27.44375,11.9375,27.703062781938,11.9375
"3976","IFN2","15_887_IFN2",11,19,26,2.490025,381.971863420549,9.08333333333333,6.33333333333333,9.11047931413783,7
"3979","IFN2","15_891_IFN2",12,19,26,12.2461451388889,332.456992236404,19.6303191489362,7.92021276595745,21.6564379155827,12.125
"3980","IFN2","15_893_IFN2",27,41,26,26.7048956944444,564.611002559782,22.1006890503633,12.996867952894,24.540072069651,16.7011173184358
"3981","IFN2","15_894_IFN2",37,19,26,28.8636381111111,296.523342862767,32.3669370229008,14.9699427480916,35.2047407866464,17.6532663316583
"3984","IFN2","15_896_IFN2",12,14,26,3.47246225,114.733030086691,18.6590012330456,12.6245376078915,19.6304201166984,12.6245376078915
"3987","IFN2","15_902_IFN2",17,19,26,10.1367152222222,108.791245544593,33.032899869961,16.4674902470741,34.4434549149173,16.4674902470741
"3989","IFN2","15_903_IFN2",7,19,26,27.5363773333333,213.904243515507,39.6595238095238,22.9325396825397,40.4854304579447,23.2078651685393
"3990","IFN2","15_904_IFN2",7,19,26,11.9568048611111,595.73463587553,13.8525884587984,11.5370458323439,15.9858673446685,15.9239130434783
"3991","IFN2","15_909_IFN2",12,41,26,5.21971458333333,88.4194128288307,26.798,13.42,27.4160336299765,13.42
"3993","IFN2","15_910_IFN2",27,41,26,24.7241888611111,460.063888830972,24.4457410824108,15.5162976629766,26.1581491933,18.7287234042553
"3994","IFN2","15_911_IFN2",12,41,26,16.2785784722222,466.854499736226,19.5200757575758,12.7083333333333,21.0703875394025,14.8125
"3995","IFN2","15_912_IFN2",22,19,26,13.2668826388889,339.53054526271,21.4619791666667,14.8854166666667,22.3048895751208,18.2121212121212
"3996","IFN2","15_913_IFN2",22,19,26,27.6047067777778,302.889540586443,33.1501167678655,18.0861746847268,34.0646938572071,20.4748603351955
"3997","IFN2","15_914_IFN2",12,19,26,10.3165784722222,919.56189341984,11.1640384615385,8.69038461538461,11.9517752945873,11.9714285714286
"4000","IFN2","15_919_IFN2",5,41,26,1.88513611111111,28.2942121052258,28.825,21.5,29.1257832512707,21.5
"4001","IFN2","15_920_IFN2",17,41,26,18.1265291666667,502.222264867759,19.8056338028169,12.3485915492958,21.4370196123238,16.3125
"4002","IFN2","15_921_IFN2",17,41,26,3.53303788888889,47.5342763367794,29.9327380952381,15.7380952380952,30.7627930221527,15.7380952380952
"4006","IFN2","15_922_IFN2",12,41,26,26.7723972222222,450.726798836248,26.3245448838669,16.4868173258004,27.5005892192769,19.7038043478261
"4007","IFN2","15_923_IFN2",17,19,26,6.87620902777778,148.544613552436,23.6607142857143,13.1904761904762,24.2773422194048,14.1969696969697
"4008","IFN2","15_926_IFN2",2,41,26,18.4138646111111,334.720529204822,24.735798816568,13.0965765004227,26.4658811204666,17.9804469273743
"4010","IFN2","15_928_IFN2",17,19,26,20.4028292222222,434.17468475469,23.2095470837406,12.9455848810688,24.4606508008643,16.6397849462366
"4011","IFN2","15_929_IFN2",7,41,26,17.9860888888889,541.126806512444,19.0627450980392,9.81372549019608,20.5718762271035,13.8125
"4019","IFN2","15_930_IFN2",12,41,26,17.7133568888889,262.853230457548,27.5011840688913,15.2346609257266,29.2919872436919,19.0762711864407
"4021","IFN2","15_931_IFN2",12,19,26,4.97156180555556,88.4194128288307,25.242,10.62,26.7563992345756,10.62
"4023","IFN2","15_935_IFN2",12,41,26,12.1612777777778,127.323954473516,34.5444444444444,14.3888888888889,34.8730236397388,14.25
"4024","IFN2","15_937_IFN2",22,41,26,13.5147402777778,445.633840657307,17.2547619047619,8.06984126984127,19.6503291704729,12.4375
"4026","IFN2","15_938_IFN2",17,41,26,7.09507847222222,251.111132433879,18.4922535211268,10,18.9670888052563,10.1285714285714
"4027","IFN2","15_939_IFN2",22,41,26,2.38180555555556,60.1252007236049,22.0411764705882,15.5294117647059,22.4584583830052,15.5294117647059
"4034","IFN2","15_948_IFN2",12,41,26,7.70781666666667,261.721461973339,16.7527027027027,10.2432432432432,19.3642677337633,14.5
"4039","IFN2","15_955_IFN2",12,41,26,20.1904971388889,595.310222693952,19.6138902091255,11.2385931558935,20.7805431817531,13.1506602641056
"4043","IFN2","15_957_IFN2",22,5,26,17.9445757777778,319.724596789052,23.7048672566372,10.7203539823009,26.7321342208212,12.6543956043956
"4048","IFN2","15_960_IFN2",17,41,26,2.90837211111111,24.3330224104942,37.7104651162791,16.8837209302326,39.0105449369663,16.8837209302326
"4054","IFN2","15_967_IFN2",22,41,26,32.2783848888889,517.784081525633,23.775737704918,11.6666666666667,28.1732280002893,17.5
"4057","IFN2","15_97_IFN2",32,36,26,4.98624177777778,97.0491475209246,22.714139941691,12.4081632653061,25.5767797388096,12.4081632653061
"4059","IFN2","15_972_IFN2",12,41,26,0.798044444444444,14.1471060526129,26.8,12.5,26.8,12.5
"4060","IFN2","15_973_IFN2",7,5,26,9.14605411111111,94.6441394919804,32.4155455904335,19.0724962630792,35.0772129304142,19.0724962630792
"4062","IFN2","15_977_IFN2",7,41,26,13.6572395833333,526.979700459831,16.9607382550336,10.0503355704698,18.1651747535085,13.75
"4067","IFN2","15_984_IFN2",7,5,26,3.38413611111111,56.5884242104517,27.3375,11.125,27.5940324164483,11.125
"14360","IFN2","27_1077_IFN2",1,1,26,15.4205125,279.405344539105,25.9012658227848,11.8860759493671,26.508619329082,13.875
"14361","IFN2","27_1095_IFN2",1,44,26,31.5200944444444,855.899916183082,21.2380165289256,11.6900826446281,21.6539596134783,13.3125
"14388","IFN2","27_1131_IFN2",1,53,26,8.97031319444444,378.435086907396,15.8322429906542,9.66822429906542,17.3725337791165,10.5285714285714
"14415","IFN2","27_118_IFN2",1,38,26,2.93280094444444,82.9020414683117,19.8150170648464,12.820819112628,21.2233404340808,12.820819112628
"14431","IFN2","27_1203_IFN2",23,18,26,19.4099375,1464.22547644544,12.6565217391304,8.16086956521739,12.991615188936,10.225
"14434","IFN2","27_1221_IFN2",23,18,26,18.27401875,1174.20980236687,13.6305722891566,7.7710843373494,14.0766477025664,10.5857142857143
"14435","IFN2","27_1222_IFN2",26,18,26,33.5386361111111,1389.95316966922,16.6223918575064,9.37531806615776,17.5278106899492,11.0625
"14611","IFN2","27_1741_IFN2",5,40,26,0.798044444444444,14.1471060526129,26.8,15,26.8,15
"14634","IFN2","27_1881_IFN2",20,32,26,42.3428180555556,2054.86715414203,15.5092943201377,10.2977624784854,16.1976892701901,12.875
"14649","IFN2","27_1927_IFN2",12,28,26,35.8145722222222,1421.7841582876,16.9878109452736,12.9651741293532,17.9088668663824,16.9375
"14655","IFN2","27_1935_IFN2",15,14,26,22.03541875,1605.69653697157,12.9650881057269,8.79955947136564,13.2185548654638,10.1290322580645
"14656","IFN2","27_1938_IFN2",2,14,26,8.34724305555556,537.590029999291,13.3953947368421,9.33552631578947,14.060507168737,11.4857142857143
"14689","IFN2","27_2005_IFN2",5,36,26,0.771469444444445,14.1471060526129,26.35,9.5,26.35,9.5
"14692","IFN2","27_2011_IFN2",8,26,26,3.56705277777778,155.618166578742,14.5409090909091,7.59090909090909,17.0836112320338,7.59090909090909
"14715","IFN2","27_2058_IFN2",5,36,26,0.697225,127.323954473516,8.35,3.5,8.35,3.5
"14717","IFN2","27_2088_IFN2",4,26,26,1.3456,14.1471060526129,34.8,15,34.8,15
"14774","IFN2","27_245_IFN2",7,13,26,2.05023125,190.985931710274,11.6583333333333,4.75,11.6911112959091,4.75
"14785","IFN2","27_2537_IFN2",2,58,26,32.4422284722222,1096.4007190775,18.6085483870968,12.5,19.4100092652585,14.5
"14788","IFN2","27_2553_IFN2",7,58,26,0.8464,127.323954473516,9.2,4,9.2,4
"14799","IFN2","27_258_IFN2",7,19,26,3.09495555555556,155.618166578742,13.0181818181818,7.68181818181818,15.9130021166226,7.68181818181818
"14808","IFN2","27_2700_IFN2",7,31,26,35.0137724722222,1758.48528233979,14.0773411102172,11.0393805309735,15.9222758253261,13.6307692307692
"14814","IFN2","27_2756_IFN2",4,41,26,5.30669488888889,47.5342763367794,37.027380952381,18.422619047619,37.7019380264779,18.422619047619
"14824","IFN2","27_2770_IFN2",13,59,26,4.914175,318.309886183791,13.79,7.65,14.0202353760556,7.625
"14825","IFN2","27_2788_IFN2",35,50,26,29.4666416666667,1018.59163578813,18.3447916666667,14.7951388888889,19.1920040859034,17.1875
"14827","IFN2","27_2789_IFN2",30,50,26,40.0454763888889,1952.30063526058,15.7809782608696,10.491847826087,16.1606358279097,12
"14828","IFN2","27_2801_IFN2",30,50,26,31.1025888888889,2079.6245897341,13.2261904761905,9.81292517006803,13.7994207706498,13.0833333333333
"14829","IFN2","27_2802_IFN2",30,50,26,37.15666875,1863.88122243175,15.1623339658444,11.5759013282732,15.9317810087277,13.3125
"14831","IFN2","27_2804_IFN2",20,50,26,19.3443541666667,820.532151051549,16.9318965517241,9.67456896551724,17.3254440904421,10.4264705882353
"14833","IFN2","27_2814_IFN2",22,50,26,32.1197152777778,1892.17543453698,14.3205607476636,11.8766355140187,14.701451069585,12.9193548387097
"14834","IFN2","27_2825_IFN2",15,47,26,24.041325,1432.39448782706,14.3111111111111,10.6,14.6185042554519,11.375
"14839","IFN2","27_2828_IFN2",12,50,26,5.36519375,604.788783749202,10.4763157894737,6.63157894736842,10.6278618436834,7.14285714285714
"14840","IFN2","27_2837_IFN2",20,31,26,4.52444722222222,123.787177960363,20.0914285714286,9.8,21.5724758496959,9.8
"14844","IFN2","27_2857_IFN2",10,52,26,6.276725,1050.42262440651,8.63939393939394,3.90909090909091,8.72247184870866,3.8
"14845","IFN2","27_286_IFN2",1,19,26,17.0337909722222,831.142480591009,15.3597872340426,10.0553191489362,16.1537358171744,12.7837837837838
"14847","IFN2","27_2866_IFN2",10,52,26,1.98935,381.971863420549,8.13333333333333,4.16666666666667,8.14319757016042,4.5
"14849","IFN2","27_2877_IFN2",25,50,26,21.23165,1496.05646506382,12.8,9.35106382978723,13.4422800750848,11.5
"14853","IFN2","27_2884_IFN2",25,50,26,20.4735659722222,894.804457827767,16.352766798419,10.4723320158103,17.0682005020871,14.2027027027027
"14864","IFN2","27_324_IFN2",5,19,26,0.632025,127.323954473516,7.95,8,7.95,8
"14871","IFN2","27_346_IFN2",1,19,26,27.6787442777778,977.706499296079,17.3102445376935,14.7738388076979,18.9855857141941,27.5163043478261
"14873","IFN2","27_350_IFN2",1,2,26,22.4477902777778,588.661082849224,20.2114876231675,12.331290555155,22.0348041590636,18.0679347826087
"14875","IFN2","27_351_IFN2",6,2,26,28.7902126666667,1097.53248756171,16.8841969579789,12.8447409126063,18.2754804694225,16.3305084745763
"14880","IFN2","27_366_IFN2",6,5,26,0.7056,127.323954473516,8.4,4.5,8.4,4.5
"14897","IFN2","27_400_IFN2",1,5,26,11.9023381944444,983.223870656598,11.9372302158273,7.54856115107914,12.4149505919854,10.5857142857143
"14899","IFN2","27_413_IFN2",1,2,26,21.7060635555556,251.394074554932,31.9280247608329,16.9147439504783,33.1564538712236,19.1090425531915
"14903","IFN2","27_423_IFN2",1,27,26,8.8231125,212.206590789194,22.1616666666667,12.1,23.008406072564,13.8181818181818
"14905","IFN2","27_424_IFN2",1,5,26,33.7525143333333,2067.03366534727,12.9360550270344,12.5023612346862,14.418973694724,21.0217391304348
"14919","IFN2","27_435_IFN2",6,2,26,19.8957368055556,601.252007236049,20.2185294117647,12.2235294117647,20.5261171509401,13.4375
"14920","IFN2","27_446_IFN2",1,5,26,16.4032534722222,530.516476972984,18.8963333333333,9.58333333333333,19.8413226205647,12.0606060606061
"14921","IFN2","27_447_IFN2",1,5,26,12.4327591111111,115.440385389321,36.2142156862745,14.8725490196078,37.030530594071,15.2737430167598
"14935","IFN2","27_465_IFN2",1,51,26,0.9604,5.09295817894065,49,21,49,21
"14943","IFN2","27_516_IFN2",5,21,26,3.11571388888889,56.5884242104517,26.3125,11.125,26.47707735004,11.125
"14946","IFN2","27_555_IFN2",20,65,26,9.37357569444444,427.949958091541,16.4871900826446,7.99586776859504,16.6997977173873,8.41935483870968
"14987","IFN2","27_673_IFN2",2,27,26,43.137907,994.965968680267,22.1134650931324,14.5614247120717,23.4952722054935,18.3587570621469
"14996","IFN2","27_682_IFN2",28,30,26,16.4238409722222,544.663583025597,19.2412337662338,7.21103896103896,19.5942324372555,8.72972972972973
"15006","IFN2","27_704_IFN2",7,27,26,18.1084623611111,869.622609054116,14.3368065723117,13.2211647958354,16.2828505033385,17.1735751295337
"15026","IFN2","27_731_IFN2",7,27,26,7.56081527777778,569.42101861767,12.1055900621118,9.3695652173913,13.002373170869,10.4428571428571
"15041","IFN2","27_763_IFN2",25,1,26,3.3344875,254.647908947033,12.65,3.625,12.9121793280608,4.25
"15043","IFN2","27_770_IFN2",30,44,26,35.5253958333333,1474.8358059849,16.8038369304556,7.11870503597122,17.5126829683005,9.8125
"15053","IFN2","27_796_IFN2",2,51,26,13.1558375,335.993768749557,21.5673684210526,13.1842105263158,22.3279421353603,15.9375
"15083","IFN2","27_9_IFN2",1,25,26,38.7047023611111,1014.6304460934,20.788852481874,15.6348298940323,22.0385481265806,18.2746113989637
"17503","IFN2","36_1001_IFN2",15,45,26,1.00503125,63.6619772367581,14.175,6.25,14.1776672975493,6.25
"17517","IFN2","36_1020_IFN2",1,57,26,16.8776694444444,169.765272631355,35.2625,19.1666666666667,35.5784374071337,19.75
"17531","IFN2","36_1087_IFN2",1,33,26,17.2787263888889,293.552450591718,26.8156626506024,17.5,27.3758787062582,18.5625
"17532","IFN2","36_1090_IFN2",1,33,26,19.20003,213.338359273403,33.2132625994695,20.3368700265252,33.8510027121116,21.2824858757062
"17540","IFN2","36_1102_IFN2",6,39,26,8.25233680555556,297.089227104871,18.2375,14.1011904761905,18.8061579643731,15.4833333333333
"17541","IFN2","36_1120_IFN2",1,37,26,22.8221423611111,328.92021572325,29.3543010752688,19.3924731182796,29.7226810502889,20.5625
"17557","IFN2","36_1226_IFN2",10,13,26,5.5112,891.267681314614,8.85714285714286,5.21428571428572,8.87307323149249,5.5
"17560","IFN2","36_1249_IFN2",1,9,26,39.2966348888889,441.814122023101,31.5419148254883,20.9854306756324,33.652159874711,25.8689839572192
"17572","IFN2","36_1270_IFN2",10,36,26,2.241125,254.647908947033,10.575,4.5,10.5856624733646,4.5
"17577","IFN2","36_1278_IFN2",15,36,26,3.18653125,254.647908947033,12.59375,6.75,12.6224626163043,7.5
"17582","IFN2","36_1349_IFN2",15,49,26,4.679325,169.765272631355,14.8125,8.5,18.7336428651771,8.5
"17585","IFN2","36_1369_IFN2",8,55,26,3.935725,509.295817894065,9.8625,6.375,9.91933087461044,6.5
"17587","IFN2","36_1387_IFN2",10,55,26,3.1211125,236.964026381266,12.2776119402985,5.91044776119403,12.9499639831229,6.96774193548387
"17591","IFN2","36_1459_IFN2",7,54,26,9.99058125,1432.39448782706,9.33,5.11111111111111,9.4236493285068,5.6
"17593","IFN2","36_15_IFN2",20,20,26,21.0432256944444,1319.21763940615,13.6558981233244,10.5455764075067,14.251251062151,12.6451612903226
"17597","IFN2","36_1511_IFN2",21,9,26,24.1460600277778,394.138374625796,27.2318916008615,18.7112347451543,27.9289003616823,20.7092391304348
"17598","IFN2","36_1512_IFN2",6,14,26,17.2386451388889,719.521813835893,15.7053185214314,13.3673810460087,17.4656455246916,15.7255434782609
"17604","IFN2","36_1514_IFN2",21,14,26,12.439975,318.309886183791,20.4377777777778,12.7722222222222,22.3069271752073,21.25
"17610","IFN2","36_1518_IFN2",1,50,26,12.9254875555556,142.602829010338,33.5738095238095,20.0654761904762,33.971479050652,20.8700564971751
"17611","IFN2","36_1526_IFN2",16,14,26,11.1582368055556,201.596261249734,26.1324561403509,19.3245614035088,26.5467652570711,20.125
"17612","IFN2","36_1527_IFN2",26,14,26,25.6116740833333,958.042021882947,16.2367468989959,11.5623154164206,18.449379458588,18.9119170984456
"17613","IFN2","36_1530_IFN2",16,50,26,31.9077969444444,611.720865714983,23.6725485661425,19.2191258094357,25.7707359948989,23.8480662983425
"17620","IFN2","36_1534_IFN2",6,1,26,2.92609444444444,74.2723067762178,21.7380952380952,11.1666666666667,22.3967897359463,11.1666666666667
"17622","IFN2","36_1536_IFN2",1,14,26,2.618825,190.985931710274,12.75,8.25,13.2131878565823,8.25
"17623","IFN2","36_1550_IFN2",21,1,26,20.4475433333333,621.623839951812,17.5812699135184,12.4347974510696,20.465002264988,18.7849462365591
"17624","IFN2","36_1554_IFN2",16,50,26,26.1002309444444,917.581298572474,17.3705057045945,13.6253469010176,19.0307085244924,18.9864130434783
"17625","IFN2","36_1556_IFN2",16,1,26,10.387575,290.015674078565,20.8621951219512,15.0548780487805,21.3550902140164,15.7297297297297
"17626","IFN2","36_1563_IFN2",21,50,26,26.0594736111111,537.024145757186,20.9911485774499,12.6548998946259,24.8565570016185,20.0226130653266
"17628","IFN2","36_1564_IFN2",16,34,26,35.8682171111111,1099.0886692275,18.7038872441756,15.0030892006693,20.3841961124793,20.8118279569892
"17631","IFN2","36_157_IFN2",36,17,26,30.3157563333333,586.256074820279,23.6232384169884,13.8581081081081,25.6593461319442,20.6693548387097
"17637","IFN2","36_1637_IFN2",35,36,26,50.4239188611111,851.93872648835,26.7377366323481,13.7578047160412,27.451695740946,15.559585492228
"17638","IFN2","36_1670_IFN2",1,61,26,23.0522861111111,618.935889801815,21.5028571428571,12.9485714285714,21.7765575135938,13.875
"17639","IFN2","36_173_IFN2",81,17,26,10.1111592777778,213.762772454981,23.6708140304434,11.5119126406353,24.5408442074492,12
"17643","IFN2","36_186_IFN2",21,17,26,16.2668410555556,342.642908594285,23.0165152766309,10.6457473162675,24.5858822268392,13.839378238342
"17653","IFN2","36_253_IFN2",6,59,26,0.863041,5.09295817894065,46.45,17.5,46.45,17.5
"17654","IFN2","36_3_IFN2",1,59,26,11.5183291666667,208.669814276041,25.1118644067797,15.3305084745763,26.5106262673054,16.875
"17689","IFN2","36_441_IFN2",26,60,26,18.12803125,279.405344539105,26.8006329113924,16.9240506329114,28.7417379432768,20.375
"17690","IFN2","36_447_IFN2",21,5,26,23.4206275833333,685.28581718857,18.5287056151941,13.1910611065235,20.8601992160576,23.5349462365591
"17692","IFN2","36_478_IFN2",1,7,26,49.1627756944444,827.605704077856,26.8916666666667,16.491452991453,27.5018253084981,17.75
"17693","IFN2","36_485_IFN2",26,40,26,9.78781158333333,144.583423857704,26.7101272015656,14.7255381604697,29.358820730688,16.4830614805521
"17694","IFN2","36_486_IFN2",16,2,26,4.22975625,318.309886183791,12.425,7.2,13.0073152495048,9.125
"17698","IFN2","36_491_IFN2",38,61,26,32.7605766666667,332.315521175877,34.5918688803746,21.063644103874,35.4287243391772,23.2265193370166
"17704","IFN2","36_504_IFN2",1,46,26,2.54385,381.971863420549,9.13333333333333,5.5,9.20842005992342,6.5
"17705","IFN2","36_541_IFN2",10,2,26,17.6583027777778,905.414787367227,15.402734375,8.927734375,15.7581687645646,10.1451612903226
"17720","IFN2","36_757_IFN2",6,28,26,24.7034236388889,536.741203636134,21.9864654717976,17.4167105956774,24.2075682253141,24.0645161290323
"17724","IFN2","36_766_IFN2",1,28,26,46.7125301388889,561.074226046628,31.6626954109934,18.957513867877,32.5582906119062,19.5502793296089
"17725","IFN2","36_769_IFN2",6,38,26,19.9312152777778,1669.35851420832,11.8968220338983,10.8601694915254,12.3295475847278,13.5161290322581
"17727","IFN2","36_778_IFN2",27,28,26,22.8751618055556,450.726798836248,23.0490426867546,10.5483364720653,25.4202873991694,13.1548913043478
"17731","IFN2","36_902_IFN2",1,12,26,47.1713801666667,1108.56723028275,22.6851327207759,13.1572230729964,23.2762671278898,16.4402173913043
"4855","IFN3","15_1004_A_4_IFN3",13,5,26,20.7120364444444,1014.6304460934,14.8219325153374,11.7912716118238,16.1217623545511,16.8290155440415
"4858","IFN3","15_1006_A_1_IFN3",30,31,26,7.24285277777778,179.951188989236,18.2130503144654,9.67767295597484,22.6377118637833,9.67767295597484
"4859","IFN3","15_1008_A_1_IFN3",10,41,26,0.966944444444444,14.1471060526129,29.5,18,29.5,18
"4867","IFN3","15_1016_A_4_IFN3",10,5,26,3.32419375,190.985931710274,14.775,14.25,14.8866690924017,14.625
"4876","IFN3","15_1022_A_1_IFN3",5,5,26,10.8601673611111,176.838825657661,26.573,16.08,27.963047938306,17.25
"4881","IFN3","15_1026_A_3E_IFN3",6,31,26,9.339725,700.281749604339,12.6590909090909,10.1136363636364,13.0312386908606,13.125
"4883","IFN3","15_1027_A_1_IFN3",12,31,26,3.12864236111111,60.1252007236049,23.5911764705882,8.47058823529412,25.7397752401175,8.47058823529412
"4890","IFN3","15_1036_A_1_IFN3",40,31,26,33.6808690555556,297.51364028645,35.462482168331,15.9091773656681,37.9658618272931,18.475
"4901","IFN3","15_1047_A_4_IFN3",20,31,26,46.7825978888889,561.498639228207,32.1197278911565,16.2973041068279,32.5703835424422,17.0483870967742
"4903","IFN3","15_1048_A_4_IFN3",6,31,26,6.86045625,891.267681314614,9.64107142857143,9.51785714285714,9.89982413263705,10.625
"4904","IFN3","15_1049_A_1_IFN3",20,21,26,22.2200950277778,364.570922975835,24.7489522700815,16.1753977493209,27.8571704430151,24.0478723404255
"4909","IFN3","15_1053_A_3E_IFN3",20,31,26,42.0319496944444,1149.02795359322,19.421121644915,11.4979684806698,21.5813958126635,17.6476683937824
"4916","IFN3","15_1056_A_4_IFN3",15,24,26,26.67450375,643.268912212309,21.4260721354739,20.7879920826919,22.9777210037188,25.580310880829
"4919","IFN3","15_1058_A_1_IFN3",20,21,26,22.3213784722222,622.04825313339,19.7837730270639,15.4766886513532,21.3748722377337,18.880829015544
"4922","IFN3","15_1061_A_1_IFN3",30,31,26,34.2838780277778,666.470166138595,24.8380704733602,15.643812354065,25.5923209339739,17.0489130434783
"4927","IFN3","15_1064_A_4_IFN3",14,21,26,20.0308909722222,700.281749604339,17.7840909090909,17.3333333333333,19.0839727959554,24.5
"4932","IFN3","15_1070_A_1_IFN3",40,17,26,16.0488820277778,306.426317099596,22.4303554939981,12.2349953831948,25.8234593690656,20.2877094972067
"4938","IFN3","15_1075_A_1_IFN3",5,21,26,1.99230625,190.985931710274,10.7416666666667,11.0833333333333,11.5247740397227,11.0833333333333
"4944","IFN3","15_1077_A_4_IFN3",5,21,26,13.11475625,1764.85148006346,9.44458917835671,11.5581162324649,9.72704867634083,14.1774193548387
"4954","IFN3","15_1086_A_1_IFN3",7,17,26,2.1001,254.647908947033,9.95,4.5,10.2471947380734,5
"4977","IFN3","15_11_A_1_IFN3",35,22,26,44.0882481111111,456.102699136241,34.5282258064516,17.833746898263,35.0820658321614,19.1243093922652
"5024","IFN3","15_1132_A_6C_IFN3",6,1,26,6.82831875,572.957795130823,11.9472222222222,12.1111111111111,12.3182960131126,16.25
"5026","IFN3","15_1134_A_4_IFN3",1,26,26,0.42575625,31.8309886183791,13.05,10.5,13.05,10.5
"5045","IFN3","15_1144_A_1_IFN3",4,21,26,4.30882847222222,314.773109670637,11.4825842696629,7.94943820224719,13.2018821010959,9.27358490566038
"5048","IFN3","15_1145_A_1_IFN3",6,21,26,10.8494444444444,1414.71060526129,9.709,6.46,9.88154846165316,8.8
"5075","IFN3","15_1159_A_4_IFN3",4,63,26,2.00435555555556,28.2942121052258,30,24.75,30.0326489008213,24.75
"5086","IFN3","15_1166_A_1_IFN3",10,17,26,27.3041203055556,1431.5456614639,13.9294248443522,19.3706393912442,15.5835554690647,24.4284116331096
"5178","IFN3","15_1225_A_1_IFN3",5,39,26,4.07966527777778,346.604098289017,10.8020408163265,12.5,12.2419465405646,13.3709677419355
"5249","IFN3","15_1282_A_4_IFN3",10,39,26,14.0214944444444,1174.20980236687,11.7042168674699,13.4352409638554,12.3304623272941,14.9428571428571
"5252","IFN3","15_1285_A_4_IFN3",10,50,26,7.09896875,604.788783749202,12.1605263157895,14.5263157894737,12.225055160784,15.875
"5254","IFN3","15_1289_A_4_IFN3",5,3,26,0.990025,127.323954473516,9.95,9.5,9.95,9.5
"5275","IFN3","15_1301_A_6C_IFN3",6,39,26,5.4790875,700.281749604339,9.83636363636364,12.8181818181818,9.98097053032784,14.3333333333333
"5299","IFN3","15_1322_A_4_IFN3",10,3,26,1.751225,190.985931710274,10.55,6.5,10.8050142680763,6.5
"5301","IFN3","15_1325_A_4_IFN3",30,50,26,42.9211028055556,967.096169756619,22.8318387946167,17.613516676419,23.7714494699724,20.5244565217391
"5317","IFN3","15_1349_A_1_IFN3",40,52,26,38.1026614444444,212.206590789194,46.9190666666667,24.3533333333333,47.8138022611324,24.975
"5321","IFN3","15_1354_A_4_IFN3",10,52,26,31.4890256944444,2369.64026381266,12.4863432835821,8.29477611940299,13.0074888016624,9
"5345","IFN3","15_1371_A_1_IFN3",10,16,26,8.42550138888889,346.604098289017,16.7051020408163,6.89285714285714,17.5928455425981,8.24285714285714
"5356","IFN3","15_1378_A_4_IFN3",30,52,26,37.2673596666667,737.064225341133,21.7155086372361,17.9445297504798,25.3727012233708,27.6526315789474
"5365","IFN3","15_1381_A_4_IFN3",15,52,26,30.1261138888889,1807.2927982213,13.9197651663405,11.1634050880626,14.568416767902,13.5882352941176
"5376","IFN3","15_1392_A_1_IFN3",40,52,26,45.3608874722222,488.64104305725,33.0694412275623,21.4439779965258,34.3796031712904,24.6019900497512
"5414","IFN3","15_1414_A_4_IFN3",10,52,26,2.99990625,222.816920328653,12.7642857142857,7.85714285714286,13.0928688332891,7.85714285714286
"5442","IFN3","15_1439_A_4_IFN3",30,52,26,26.4039145833333,756.870173814791,20.0890186915888,12.9602803738318,21.0755308909752,15.5625
"5451","IFN3","15_1445_A_4_IFN3",7,34,26,10.90815,682.597867038573,13.6025906735751,12.3704663212435,14.2642238800979,15.6129032258065
"5455","IFN3","15_1449_A_4_IFN3",3,52,26,1.163125,254.647908947033,7.625,9.75,7.62602452133482,10
"5468","IFN3","15_1461_A_4_IFN3",4,92,26,2.13820277777778,268.795014999645,9.42894736842105,9.42105263157895,10.0639599300516,9.8
"5470","IFN3","15_1463_A_1_IFN3",40,92,26,29.8432846111111,508.871404712487,26.4141784820684,15.2958020572699,27.3258919144196,18.0621761658031
"5484","IFN3","15_1478_A_1_IFN3",2,92,26,9.13665833333333,261.721461973339,20.5959459459459,12.6351351351351,21.0828385442065,13.9310344827586
"5514","IFN3","15_1511_A_1_IFN3",2,92,26,8.46242944444444,71.8672987472736,37.8728346456693,30.240157480315,38.7201408962264,30.240157480315
"5532","IFN3","15_1527_A_1_IFN3",40,92,26,22.4231493055556,500.241670020393,23.0556419683258,12.4927884615385,23.8898504399696,14.1467391304348
"5540","IFN3","15_1536_A_4_IFN3",40,92,26,13.6188479166667,219.2801438155,27.2379032258065,16.2661290322581,28.1206652573535,17.4375
"5551","IFN3","15_1546_A_1_IFN3",40,92,26,38.1694751666667,560.366870743998,28.5578641757132,16.1215602120677,29.4494323312037,18.5054347826087
"5552","IFN3","15_1547_A_1_IFN3",30,92,26,28.2622090277778,602.808188901837,23.5220018774935,13.850973949777,24.4325355683178,17.2472826086957
"5553","IFN3","15_1549_A_1_IFN3",40,92,26,38.6621832777778,483.689555938836,31.0071658379643,18.6147996490202,31.9017782527683,20.0188172043011
"5564","IFN3","15_1560_A_2E_IFN3",30,92,26,10.7962048611111,597.715230722896,13.1636094674556,7.78402366863905,15.1650363798564,13.6764705882353
"5566","IFN3","15_1561_A_1_IFN3",35,92,26,14.0714207777778,156.325521881373,31.7830769230769,19.5968325791855,33.853929906818,21.9128205128205
"5571","IFN3","15_1563_A_1_IFN3",4,92,26,2.994825,509.295817894065,8.6375,9.625,8.6527813447469,9.5
"5572","IFN3","15_1564_A_1_IFN3",35,92,26,16.9422431666667,280.537113023314,26.9064044377206,16.1974281391831,27.7297116141283,17.771186440678
"5574","IFN3","15_1565_A_1_IFN3",9,92,26,35.372825,2583.40303626764,12.7180877279448,13.1848201084278,13.2036453066543,17.9050632911392
"5576","IFN3","15_1566_A_6C_IFN3",10,92,26,1.221025,127.323954473516,11.05,8,11.05,8
"5586","IFN3","15_1576_A_4_IFN3",35,92,26,28.0194904722222,448.746203988882,26.8682692307692,17.1648802017654,28.1958234237538,20.1062176165803
"5595","IFN3","15_1583_A_1_IFN3",30,93,26,14.1031840833333,269.926783483854,23.7116614255765,12.2764675052411,25.7923347573015,15.3050847457627
"5599","IFN3","15_1585_A_1_IFN3",40,93,26,29.9011381944444,556.830094230844,24.4618267276423,17.8474339430894,26.1479454293802,21.2092391304348
"5601","IFN3","15_1587_A_1_IFN3",30,93,26,30.3222959444444,627.565624493909,22.307957619477,13.7513525698828,24.8031321422664,18.7173913043478
"5603","IFN3","15_1589_A_1_IFN3",10,92,26,13.4820451388889,502.222264867759,18.1919014084507,20.5246478873239,18.487788603962,22.4558823529412
"5620","IFN3","15_1596_A_1_IFN3",40,93,26,34.1250778055556,478.172184578317,29.0317603550296,19.4177514792899,30.1439200818243,22.6692307692308
"5622","IFN3","15_1597_A_1_IFN3",45,93,26,30.5912620277778,499.817256838814,26.7691055759977,15.2468157373337,27.915674964396,17.7146892655367
"5623","IFN3","15_1598_A_1_IFN3",20,93,26,20.4177875,679.06109052542,18.6973958333333,10.21875,19.566131851365,13
"5649","IFN3","15_1615_A_1_IFN3",25,93,26,20.8605340277778,523.442923946678,21.8753378378378,12.9222972972973,22.5259493755595,14.9375
"5651","IFN3","15_1616_A_4_IFN3",25,93,26,6.816525,130.860730986669,25.0054054054054,12.5,25.7532417271974,12.5
"5663","IFN3","15_1625_A_1_IFN3",30,93,26,23.4432256666667,278.556518175948,31.9067039106145,16.0393600812595,32.7346031869955,16.7258064516129
"5669","IFN3","15_1628_A_1_IFN3",40,93,26,30.8885625833333,1028.77755214601,16.9298611111111,15.8836633663366,19.5520891566039,21.1865284974093
"5686","IFN3","15_1640_A_4_IFN3",15,93,26,10.39034375,693.208196578033,12.6691326530612,7.30867346938776,13.8145954869981,9.70588235294118
"5687","IFN3","15_1641_A_1_IFN3",5,93,26,17.7550826388889,1283.84987427462,12.551652892562,16.3953168044077,13.2696444634861,19.5833333333333
"5693","IFN3","15_1646_A_6C_IFN3",10,93,26,2.042125,159.154943091895,12.4,10.7,12.7816274394147,10.7
"5729","IFN3","15_1673_A_1_IFN3",35,77,26,10.41265,155.618166578742,29.0818181818182,13.7727272727273,29.1880813159942,13.5625
"5786","IFN3","15_1723_A_3E_IFN3",3,29,26,3.28171233333333,47.5342763367794,28.9625,26.25,29.6484415996139,26.25
"5805","IFN3","15_174_A_1_IFN3",50,76,26,16.5434516944444,1419.80356344023,11.3905490235153,15.7193104822639,12.1801880166754,17.6590628853268
"5871","IFN3","15_1775_A_6C_IFN3",8,86,26,2.679625,254.647908947033,11.575,12.5,11.5750269978087,12.5
"5903","IFN3","15_180_A_4_IFN3",9,76,26,16.7595412777778,876.696162080423,13.7583024043892,15.7406809746652,15.6013281037007,17.0890840652447
"5906","IFN3","15_1804_A_4_IFN3",5,86,26,11.3805626666667,129.587491441934,32.407423580786,20.4541484716157,33.4391619898758,20.9301675977654
"5961","IFN3","15_1859_A_6C_IFN3",8,59,26,18.0812048611111,1015.05485927498,14.4353658536585,18.088850174216,15.0599657930027,21.9428571428571
"5985","IFN3","15_1872_A_4_IFN3",15,59,26,1.525525,95.4929658551372,14.2333333333333,9.16666666666667,14.2619540503163,9.16666666666667
"6018","IFN3","15_189_A_6C_IFN3",2,76,26,7.87941944444444,364.287980854783,16.295145631068,19.3834951456311,16.5950951930388,20.4193548387097
"6049","IFN3","15_191_A_1_IFN3",25,76,26,30.5146483888889,2621.88316473075,11.0947229266713,12.3678843144661,12.1731388826949,17.4327176781003
"6053","IFN3","15_1911_A_4_IFN3",35,59,26,27.4300279166667,544.239169844019,23.0609435924097,16.1819599688069,25.3322220605616,21.3756476683938
"6054","IFN3","15_1912_A_4_IFN3",10,60,26,5.88465911111111,39.6118969473162,43.1328571428571,20.2571428571429,43.4913505358085,20.2571428571429
"6075","IFN3","15_1926_A_3E_IFN3",15,59,26,11.44499375,541.126806512444,16.3382352941176,17.6176470588235,16.4101788713053,18.25
"6079","IFN3","15_1928_A_6C_IFN3",5,59,26,2.20438125,127.323954473516,14.8125,17,14.8471588191142,17
"6103","IFN3","15_1939_A_6C_IFN3",5,59,26,12.300175,732.112738222719,14.295652173913,18.3478260869565,14.6258704683353,20.25
"6109","IFN3","15_1942_A_4_IFN3",8,38,26,3.07290625,222.816920328653,12.0928571428571,6.78571428571429,13.2512128824928,6.78571428571429
"6189","IFN3","15_2014_A_6C_IFN3",2,47,26,1.210025,254.647908947033,7.775,5.75,7.7782549456803,6
"6208","IFN3","15_204_A_1_IFN3",6,76,26,13.6944794166667,666.470166138595,13.4669603056676,11.7520696242836,16.1747458860682,19.4430022573363
"6251","IFN3","15_2088_A_2E_IFN3",6,37,26,3.58348055555556,42.4413181578388,32.1833333333333,17.1666666666667,32.7878661499444,17.1666666666667
"6256","IFN3","15_2091_A_4_IFN3",30,23,26,31.6933253333333,497.41224880987,25.8600682593857,15.0250284414107,28.4826718173814,21.7569832402235
"6289","IFN3","15_2123_A_4_IFN3",3,23,26,0.587777777777778,14.1471060526129,23,10,23,10
"6295","IFN3","15_2129_A_4_IFN3",30,34,26,30.7256881944444,594.178454209743,24.6360119047619,14.0089285714286,25.6594544791324,16.75
"6335","IFN3","15_2164_A_1_IFN3",10,34,26,10.6450319444444,679.06109052542,13.4791666666667,13.1640625,14.1277864139551,16.6
"6340","IFN3","15_2173_A_3E_IFN3",10,53,26,2.19537013888889,60.1252007236049,20.5676470588235,7.38235294117647,21.561584166399,7.38235294117647
"6344","IFN3","15_2175_A_1_IFN3",10,53,26,2.0993,95.4929658551372,16.6,8.66666666666667,16.7304114314821,8.66666666666667
"6355","IFN3","15_2185_A_1_IFN3",5,34,26,0.731025,127.323954473516,8.55,4,8.55,4
"6360","IFN3","15_219_A_6C_IFN3",8,76,26,7.50036111111111,442.097064144154,13.9648,17.22,14.6972922676254,22.9285714285714
"6441","IFN3","15_2254_A_4_IFN3",7,45,26,14.1940784722222,1075.18005999858,12.3919407894737,13.5953947368421,12.9648668092495,15.9411764705882
"6450","IFN3","15_2264_A_1_IFN3",30,45,26,20.3187180555556,362.590328128469,24.7307062036676,14.5786188060866,26.7113048368405,20.6091370558376
"6455","IFN3","15_2266_A_1_IFN3",30,77,26,48.7265608611111,697.735270514869,26.8895884022709,13.8787510137875,29.8189674307045,16.8715846994536
"6543","IFN3","15_2335_A_4_IFN3",5,13,26,0.831744,5.09295817894065,45.6,16,45.6,16
"6592","IFN3","15_2357_A_1_IFN3",1,13,26,4.13781044444444,114.733030086691,20.5421701602959,20.7028360049322,21.4287147314802,20.7028360049322
"6634","IFN3","15_2379_A_4_IFN3",4,13,26,7.51714861111111,491.611935328299,13.5676258992806,11.2913669064748,13.9530907331385,11.5806451612903
"6637","IFN3","15_2380_A_4_IFN3",6,13,26,29.6609805555556,1276.77632124832,16.6465373961219,21.7354570637119,17.198493298692,25.3783783783784
"6656","IFN3","15_2394_A_4_IFN3",2,56,26,3.24072025,196.078889889215,13.6386363636364,9.35714285714286,14.5064254683961,9.35714285714286
"6679","IFN3","15_2403_A_4_IFN3",10,88,26,14.9988381944444,1223.72467355102,12.0657514450867,19.2369942196532,12.492288661873,20.4838709677419
"6690","IFN3","15_2408_A_4_IFN3",40,7,26,31.4407308888889,495.856067144083,26.8760057061341,20.3460770328103,28.4134232206461,22.8692307692308
"6703","IFN3","15_2415_A_4_IFN3",10,88,26,13.68769375,1305.07053335354,11.2085365853659,6.5609756097561,11.5558848908146,7.875
"6725","IFN3","15_2425_A_4_IFN3",4,13,26,11.0596064444444,915.600703725108,10.8374381953028,13.8319684796044,12.401432016877,18.1617473435655
"6741","IFN3","15_2435_A_4_IFN3",15,88,26,18.4333270833333,1234.33500309048,12.9525787965616,10.9054441260745,13.7892422564016,17.4411764705882
"6763","IFN3","15_2449_A_4_IFN3",7,88,26,14.8311673611111,1255.5556621694,11.6443661971831,8.60985915492958,12.2637910297972,18.3225806451613
"6766","IFN3","15_245_A_6C_IFN3",7,81,26,9.14373125,986.760647169751,10.6209677419355,13.3387096774194,10.8620269301939,16.625
"6773","IFN3","15_2456_A_1_IFN3",5,2,26,19.257357,1983.70721069738,10.5514120667522,16.0908215661104,11.117691379844,20.2650602409639
"6809","IFN3","15_2474_A_1_IFN3",5,2,26,14.7646259444444,1433.95066949285,10.4785812943962,13.1947020520916,11.4498336799424,16.4012074643249
"6820","IFN3","15_2479_A_6C_IFN3",5,78,26,10.14340625,986.760647169751,10.991935483871,14.4032258064516,11.4403960285614,19
"6860","IFN3","15_2507_A_1_IFN3",2,78,26,7.20104613888889,125.34335962615,25.6709367945824,16.4604966139955,27.0459468700825,16.4604966139955
"6869","IFN3","15_2515_A_6C_IFN3",2,78,26,0.4761,31.8309886183791,13.8,11.5,13.8,11.5
"6960","IFN3","15_2602_A_6C_IFN3",10,78,26,4.395075,509.295817894065,10.3875,11.625,10.482217084186,14
"7015","IFN3","15_2631_A_6C_IFN3",10,66,26,0.590336111111111,14.1471060526129,23.05,17,23.05,17
"7166","IFN3","15_272_A_6C_IFN3",5,81,26,10.091075,1400.56349920868,9.52272727272727,10.4545454545455,9.57794578469441,11
"7287","IFN3","15_281_A_1_IFN3",15,25,26,25.8114715277778,1305.07053335354,13.8670731707317,9.49728997289973,15.8688132643038,14.375
"7322","IFN3","15_2831_A_6C_IFN3",5,6,26,0.40640625,31.8309886183791,12.75,10.5,12.75,10.5
"7352","IFN3","15_286_A_6C_IFN3",6,81,26,7.00510625,954.929658551372,9.435,10.95,9.66444083569591,13.4166666666667
"7365","IFN3","15_2871_A_4_IFN3",4,6,26,5.01174375,491.611935328299,10.0219424460432,9.62230215827338,11.3930047640628,14.1129032258065
"7488","IFN3","15_2955_A_4_IFN3",10,53,26,3.04043125,445.633840657307,9.14642857142857,3.71428571428571,9.32037897757995,4.33333333333333
"7499","IFN3","15_2962_A_6C_IFN3",10,53,26,2.69135,381.971863420549,9.43333333333333,7.83333333333333,9.47162428871979,7.5
"7516","IFN3","15_2975_A_6C_IFN3",5,53,26,1.683625,254.647908947033,9.175,6,9.17503405988228,6
"7524","IFN3","15_2981_A_6C_IFN3",10,62,26,11.28605625,827.605704077856,12.4942307692308,11.8653846153846,13.1769357065816,17
"7566","IFN3","15_301_A_6C_IFN3",5,61,26,3.056075,509.295817894065,8.7375,11,8.74081660944788,11
"7587","IFN3","15_3026_A_1_IFN3",30,42,26,41.8847951388889,891.267681314614,23.7263888888889,11.3214285714286,24.4612799393213,13.0625
"7610","IFN3","15_304_A_6C_IFN3",10,81,26,17.8569055555556,756.870173814791,16.6420560747664,19.1121495327103,17.3319514785864,22.6176470588235
"7683","IFN3","15_3089_A_4_IFN3",15,42,26,36.84715375,1368.30809740872,16.8826871381307,11.2817928039702,18.5167636852645,15.9715025906736
"7749","IFN3","15_3138_A_4_IFN3",6,33,26,8.3074375,668.45076098596,12.2761904761905,5.85714285714286,12.5792251256548,6.375
"7758","IFN3","15_3144_A_6C_IFN3",5,74,26,15.91751875,2005.35228295788,9.80079365079365,11.9206349206349,10.0530398940376,11.875
"7763","IFN3","15_3146_A_4_IFN3",30,74,26,61.1288943611111,918.147182814578,27.3631510015408,16.9192604006163,29.1153608277918,22.7108108108108
"7786","IFN3","15_3157_A_4_IFN3",10,74,26,25.9105569444444,859.012279514656,18.0233695652174,15.2272727272727,19.5971874788625,27.240932642487
"7828","IFN3","15_3179_A_4_IFN3",30,13,26,11.2512562222222,96.2003211577678,37.3147058823529,17.1117647058824,38.5893360002628,17.1117647058824
"7833","IFN3","15_3180_A_4_IFN3",35,13,26,22.5615700555556,506.041983501964,21.3023203802069,11.9327648867766,23.8257425158161,19.6622340425532
"7837","IFN3","15_3182_A_4_IFN3",35,74,26,22.9450083055556,286.337426504885,29.3471590909091,19.2408596837945,31.9418532629455,23.4889502762431
"7846","IFN3","15_3188_A_4_IFN3",5,74,26,3.09541875,159.154943091895,15.63,11.2,15.7363750590789,11.25
"7872","IFN3","15_3201_A_4_IFN3",20,82,26,2.98191011111111,47.5342763367794,27.7458333333333,12.6011904761905,28.2617395540163,12.6011904761905
"7884","IFN3","15_321_A_6C_IFN3",8,61,26,9.621225,509.295817894065,15.26875,16.71875,15.5090497774686,17.875
"7886","IFN3","15_3212_A_6C_IFN3",7,82,26,3.5069125,268.795014999645,12.5013157894737,12.0828947368421,12.8886348344088,13.0741935483871
"7902","IFN3","15_3218_A_4_IFN3",15,82,26,5.32184388888889,102.142105699865,22.535595567867,11.643351800554,25.7563146118048,11.643351800554
"7914","IFN3","15_3226_A_4_IFN3",30,82,26,7.97959444444445,311.236333157484,15.7545454545455,7.86363636363637,18.0675940441846,9.15384615384615
"7933","IFN3","15_3236_A_4_IFN3",10,82,26,3.4875,286.478897565412,11.7777777777778,9.94444444444444,12.4498995979887,12.875
"7938","IFN3","15_3238_A_4_IFN3",20,82,26,1.96203125,159.154943091895,12.45,4.1,12.5284675838668,4.1
"7943","IFN3","15_324_A_6C_IFN3",5,61,26,10.23345625,732.112738222719,13.2239130434783,14.3913043478261,13.3406578613617,15.125
"7959","IFN3","15_3246_A_4_IFN3",8,89,26,9.49509375,800.867673638417,11.6959459459459,12.4689984101749,12.2863902564012,17.6329113924051
"7960","IFN3","15_3247_A_4_IFN3",10,82,26,0.55130625,31.8309886183791,14.85,11,14.85,11
"7972","IFN3","15_3256_A_4_IFN3",10,89,26,13.0917625,1573.86554835319,9.95460674157303,7.20674157303371,10.2913015523037,10.9838709677419
"7989","IFN3","15_3264_A_6C_IFN3",10,89,26,1.4795125,63.6619772367581,17.2,16.5,17.2018167645165,16.5
"8085","IFN3","15_3317_A_1_IFN3",20,71,26,21.2063808611111,581.587529822917,20.4486621260034,13.0177572366821,21.5467014832112,16.7336956521739
"8097","IFN3","15_3325_A_1_IFN3",15,73,26,32.5107788333333,1771.50061990819,13.9048474684555,12.1455039131129,15.2861491166194,16.1088082901554
"8099","IFN3","15_3326_A_4_IFN3",20,73,26,30.7287776944444,332.315521175877,33.3176458067263,20.2971477224351,34.3125021586133,22.828729281768
"8107","IFN3","15_3335_A_1_IFN3",25,73,26,46.1359395277778,745.835431093753,27.457558801214,23.5186836115326,28.0642369499052,24.5181347150259
"8112","IFN3","15_3341_A_4_IFN3",25,73,26,38.145773,436.862634904687,32.7530440414508,22.6917098445596,33.3430880210934,23.6954314720812
"8114","IFN3","15_3346_A_4_IFN3",13,73,26,4.0764125,159.154943091895,17.68,15.8,18.0585990597277,16.5
"8118","IFN3","15_3349_A_1_IFN3",5,67,26,4.45992569444444,459.78094670992,10.4373076923077,6.02692307692308,11.1133088958863,6.99137931034483
"8120","IFN3","15_3350_A_4_IFN3",15,11,26,45.6673534722222,2896.6199642725,13.4678266178266,9.10989010989011,14.1681198349717,10.0625
"8130","IFN3","15_3362_A_1_IFN3",25,11,26,37.2606949444444,438.843229752053,31.9050290135397,19.9785622179239,32.8795475976428,20.8590425531915
"8134","IFN3","15_3368_A_4_IFN3",10,50,26,13.7847869722222,1242.96473778257,11.2697530161621,16.9595379012065,11.8829887166475,19.8205268935236
"8137","IFN3","15_338_A_6C_IFN3",9,61,26,14.5953027777778,569.42101861767,17.8782608695652,18.3540372670807,18.065287052059,17.3142857142857
"8187","IFN3","15_385_A_1_IFN3",35,44,26,27.4259640277778,403.899877802099,28.3935026269702,10.5588441330998,29.4035081511322,13.1512820512821
"8232","IFN3","15_413_A_4_IFN3",15,44,26,31.2403236111111,1234.33500309048,17.380229226361,13.6160458452722,17.9513162873086,15.5
"8238","IFN3","15_418_A_4_IFN3",4,44,26,0.616225,127.323954473516,7.85,7,7.85,7
"8265","IFN3","15_444_A_6C_IFN3",9,75,26,0.98605,159.154943091895,8.62,4.1,8.88166651028961,4.1
"8272","IFN3","15_448_A_4_IFN3",2,51,26,5.404251,25.4647908947033,51.93,26.3,51.9819728367441,26.3
"8279","IFN3","15_451_A_1_IFN3",35,51,26,18.7943053888889,248.989066525987,28.51,16.3877840909091,31.001168278939,18.7236842105263
"8301","IFN3","15_464_A_4_IFN3",3,48,26,6.16569513888889,116.713624934057,25.5833333333333,20.5151515151515,25.9349433752763,20.5151515151515
"8319","IFN3","15_470_A_3E_IFN3",5,15,26,8.16793125,1114.08460164327,9.53,12.4285714285714,9.66166578361546,13.2857142857143
"8329","IFN3","15_476_A_1_IFN3",35,35,26,2.90416388888889,42.4413181578388,29.45,10.5,29.5169301701018,10.5
"8333","IFN3","15_480_A_1_IFN3",5,15,26,0.915849,5.09295817894065,47.85,16,47.85,16
"8385","IFN3","15_519_A_4_IFN3",6,50,26,7.18869652777778,778.090832893711,10.5679545454545,13.6659090909091,10.845884745335,16.2741935483871
"8387","IFN3","15_520_A_4_IFN3",25,91,26,22.6278571666667,1005.57629821973,14.9714124929657,8.59102419808666,16.9265816107483,18.2062146892655
"8431","IFN3","15_551_A_6C_IFN3",2,50,26,1.677125,159.154943091895,11.38,13.2,11.5831774569848,13.2
"8432","IFN3","15_552_A_4_IFN3",5,50,26,3.28827777777778,74.2723067762178,23.1190476190476,10.5952380952381,23.742467477176,10.5952380952381
"8447","IFN3","15_560_A_4_IFN3",4,50,26,8.86998680555556,569.42101861767,13.282298136646,7.15962732919255,14.083149814429,10.4857142857143
"8494","IFN3","15_599_A_1_IFN3",15,50,26,16.4522194444444,693.208196578033,16.6862244897959,9.14285714285714,17.3834295364574,10.4852941176471
"8497","IFN3","15_60_A_4_IFN3",3,61,26,3.95856388888889,219.2801438155,14.5274193548387,10.6612903225806,15.1608738789752,10.6612903225806
"8524","IFN3","15_617_A_1_IFN3",3,18,26,1.96,5.09295817894065,70,23,70,23
"8527","IFN3","15_62_A_4_IFN3",7,61,26,12.8312402777778,1000.90775322236,12.3144876325088,14.4770318021201,12.775924935226,17.4838709677419
"8555","IFN3","15_66_A_4_IFN3",5,61,26,10.804425,742.2986545806,11.8579759862779,15.8301886792453,13.6133983290426,20.0783132530121
"8558","IFN3","15_67_A_6C_IFN3",5,61,26,1.43890625,95.4929658551372,13.85,13.3333333333333,13.8511431537858,13.3333333333333
"8571","IFN3","15_677_A_1_IFN3",10,40,26,15.4976638888889,1488.98291203751,10.6503562945368,8.36935866983373,11.5118022676265,17.4705882352941
"8580","IFN3","15_68_A_6C_IFN3",2,61,26,1.95124513888889,60.1252007236049,19.4911764705882,17.8823529411765,20.3274408851969,17.8823529411765
"8629","IFN3","15_701_A_1_IFN3",3,68,26,1.1025,14.1471060526129,31.5,22,31.5,22
"8671","IFN3","15_72_A_1_IFN3",8,61,26,4.44031875,318.309886183791,13.295,14.15,13.3271433548229,14.375
"8718","IFN3","15_74_A_4_IFN3",4,61,26,3.308674,264.833825304914,10.3576923076923,11.0096153846154,12.6123298951707,11.4814814814815
"8747","IFN3","15_752_A_4_IFN3",7,68,26,4.847275,459.78094670992,10.6961538461538,6.51923076923077,11.5858634019753,8.0948275862069
"8750","IFN3","15_753_A_4_IFN3",7,14,26,5.6324625,291.571855744352,14.0065502183406,10.7620087336245,15.6830820037189,16.1645569620253
"8762","IFN3","15_757_A_4_IFN3",2,14,26,4.27545902777778,201.596261249734,14.5885964912281,12.5263157894737,16.4325588764523,12.5263157894737
"8765","IFN3","15_758_A_3E_IFN3",2,14,26,5.85859375,318.309886183791,15.205,17.3,15.3082902376457,17.5
"8825","IFN3","15_790_A_4_IFN3",2,29,26,0.58905625,31.8309886183791,15.35,11.5,15.35,11.5
"8850","IFN3","15_804_A_6C_IFN3",8,29,26,17.0517652777778,1000.90775322236,14.2067137809187,17.7667844522968,14.7279637151354,19.9354838709677
"8934","IFN3","15_881_A_4_IFN3",25,19,26,18.7644576388889,371.361533881089,24.4957142857143,12.6809523809524,25.364400906257,13.875
"8936","IFN3","15_882_A_4_IFN3",20,19,26,4.19425277777778,74.2723067762178,25.7476190476191,10.7619047619048,26.8144506172467,10.7619047619048
"8942","IFN3","15_891_A_4_IFN3",20,19,26,16.6477755,420.451991883656,20.5701547779273,10.5975773889637,22.4530300451845,15.6683937823834
"8943","IFN3","15_893_A_4_IFN3",35,41,26,14.3065590277778,431.486734604694,17.5110655737705,9.12295081967213,20.5465510048943,19.3125
"8946","IFN3","15_894_A_4_IFN3",45,19,26,12.7812605555556,69.037877536751,48.030737704918,17.9672131147541,48.5510009435743,17.9672131147541
"8949","IFN3","15_896_A_1_IFN3",20,14,26,9.31062222222222,258.184685460186,18.3095890410959,11.2191780821918,21.4278783971428,14.3513513513514
"8953","IFN3","15_902_A_1_IFN3",25,19,26,6.68366055555556,43.5730866420478,42.6292207792208,21.6363636363636,44.1929597877897,21.6363636363636
"8955","IFN3","15_903_A_6C_IFN3",15,19,26,12.2525291666667,286.478897565412,23.1407407407407,10.720987654321,23.3357419391767,11.825
"8956","IFN3","15_904_A_4_IFN3",15,19,26,1.525,45.978094670992,18.6923076923077,12.1538461538462,20.5501263331322,12.1538461538462
"8961","IFN3","15_909_A_4_IFN3",20,41,26,13.3878166666667,675.524314012267,13.9418848167539,9.04188481675393,15.8850814136511,15.1724137931034
"8964","IFN3","15_910_A_1_IFN3",35,41,26,34.6351106944444,334.154644962717,34.4974809483489,18.589966130398,36.3278418366182,22.502808988764
"8966","IFN3","15_911_A_4_IFN3",20,41,26,14.2811701388889,242.056984560207,26.0810929281122,15.624780829924,27.4080505446501,17.6413043478261
"8968","IFN3","15_912_A_4_IFN3",30,19,26,24.0787685277778,342.218495412706,28.560500206697,16.0310045473336,29.9309468989105,18.0161290322581
"8971","IFN3","15_913_A_4_IFN3",30,19,26,14.4038055555556,161.842893241892,33.2388111888112,17.9510489510489,33.6625388373934,18.3279569892473
"8973","IFN3","15_914_A_1_IFN3",20,19,26,29.5373583333333,1018.59163578813,18.0284722222222,12.5295138888889,19.2150196244153,17.125
"8975","IFN3","15_917_A_4_IFN3",15,19,26,9.81435,159.154943091895,27.5888888888889,15.9333333333333,28.020492501025,16.625
"8978","IFN3","15_918_A_1_IFN3",7,41,26,8.15038194444444,555.273912565057,12.5891719745223,10.0127388535032,13.670689040919,14.4193548387097
"8980","IFN3","15_919_A_1_IFN3",13,41,26,17.1683444444444,597.715230722896,17.9319526627219,10.5562130177515,19.1237081398392,16.4705882352941
"8982","IFN3","15_920_A_1_IFN3",25,41,26,26.5850708333333,456.951525499397,24.8095665634675,15.047213622291,27.216915468438,20.1794871794872
"8983","IFN3","15_921_A_6C_IFN3",25,41,26,6.89600069444444,601.252007236049,11.5197058823529,10.6558823529412,12.0844096207615,14.1209677419355
"8986","IFN3","15_922_A_4_IFN3",20,41,26,2.60198611111111,60.1252007236049,22.4764705882353,9.52941176470588,23.473577135354,9.52941176470588
"8989","IFN3","15_923_A_4_IFN3",25,19,26,15.7879854166667,505.759041380912,17.2590909090909,9.25174825174825,19.9363931724691,16.25
"8994","IFN3","15_926_A_4_IFN3",10,41,26,18.4060701388889,643.693325393888,18.4365384615385,18.3527472527473,19.0807786171677,18.8172413793103
"8995","IFN3","15_928_A_4_IFN3",25,19,26,13.78441825,192.117700194483,29.0455449189985,18.4263622974963,30.2249499793108,20.1242937853107
"8997","IFN3","15_929_A_3E_IFN3",30,41,26,32.9333145555556,759.558123964788,22.1725088470851,14.3633823803315,23.4959102102934,18.5376344086021
"9001","IFN3","15_930_A_4_IFN3",20,41,26,9.58403958333333,258.184685460186,19.222602739726,8.83561643835616,21.7402292649629,12.0810810810811
"9003","IFN3","15_931_A_4_IFN3",20,19,26,21.8513661388889,320.997836333787,26.7597840458352,14.9563684442486,29.440372711541,22.2258064516129
"9008","IFN3","15_935_A_4_IFN3",20,41,26,12.58898625,431.062321423116,18.120955037742,9.74105677715786,19.2832577904801,12.1154328732748
"9010","IFN3","15_937_A_1_IFN3",30,41,26,22.5935507222222,425.544950062597,24.0738696808511,12.8866356382979,26.0000739373437,19.3333333333333
"9013","IFN3","15_938_A_1_IFN3",25,41,26,17.54365625,244.037579407573,29.5760869565217,12.6449275362319,30.2542756590234,13.25
"9014","IFN3","15_939_A_3E_IFN3",30,41,26,15.7720138888889,198.059484736581,31.4964285714286,17.4642857142857,31.8420347743581,19.0625
"9026","IFN3","15_948_A_4_IFN3",8,41,26,19.4720530833333,1087.34657120383,13.5445029924538,11.4294821753838,15.0999996445761,18.4402173913043
"9030","IFN3","15_951_A_4_IFN3",8,5,26,6.11138055555555,297.089227104871,13.8452380952381,10.3571428571429,16.1838286423148,15.5
"9031","IFN3","15_955_A_1_IFN3",20,41,26,33.4987073611111,477.32335821516,28.0016449318317,18.8307646710136,29.892534562242,26.1878453038674
"9036","IFN3","15_957_A_1_IFN3",30,5,26,23.7171134722222,254.506437886506,30.6391050583658,16.0755975541968,34.4458248344696,20.1933701657459
"9042","IFN3","15_960_A_1_IFN3",25,41,26,10.4121563888889,254.223495765454,21.0818586533111,12.3455759599332,22.8358697598886,14.6989966555184
"9051","IFN3","15_966_A_6C_IFN3",7,5,26,3.57637777777778,205.133037762887,14.1793103448276,7.86206896551724,14.899062687482,7.86206896551724
"9053","IFN3","15_967_A_4_IFN3",30,41,26,42.7277124166667,731.829796101666,22.9108544364972,12.3748308525034,27.2649582165349,23.8502673796791
"9062","IFN3","15_972_A_4_IFN3",20,41,26,17.3732174444444,375.181252515295,21.4405354449472,13.2733785822021,24.2814502717641,20.6462765957447
"9064","IFN3","15_973_A_4_IFN3",15,5,26,26.8410638888889,1029.20196532759,16.3415807560137,14.7835051546392,18.2223598533623,20.125
"9065","IFN3","15_977_A_1_IFN3",15,41,26,6.51788194444444,148.544613552436,23.0309523809524,12.2857142857143,23.6363194097155,13.7272727272727
"9073","IFN3","15_984_A_3E_IFN3",15,5,26,5.94227569444444,300.626003618025,14.9358823529412,9.23647058823529,15.8642003561849,10.258064516129
"9086","IFN3","15_998_A_1_IFN3",8,41,26,3.74205486111111,123.787177960363,19.1928571428571,11.8142857142857,19.6187938321542,11.8142857142857
"36926","IFN3","27_1077_A_6C_IFN3",10,1,26,7.9386875,923.098669932993,10.3137931034483,5.18965517241379,10.4641835768986,6.25
"36947","IFN3","27_1095_A_6C_IFN3",10,44,26,4.80415,572.957795130823,10.1555555555556,4.88888888888889,10.3324193144146,5.33333333333333
"36979","IFN3","27_1131_A_4_IFN3",10,53,26,2.02591736111111,77.809083289371,17.425,6.77272727272727,18.2075190512052,6.77272727272727
"37032","IFN3","27_118_A_1_IFN3",10,38,26,10.5469933055556,249.130537586513,20.7100227143668,18.5088018171494,23.2169898712681,22.1765389082462
"37121","IFN3","27_1278_A_6C_IFN3",6,20,26,1.4383125,63.6619772367581,16.95,9.25,16.9606161444683,9.25
"37518","IFN3","27_160_A_1_IFN3",5,38,26,2.83622569444444,77.809083289371,21.3386363636364,15.4090909090909,21.5432044759109,15.4090909090909
"37792","IFN3","27_186_A_3E_IFN3",5,66,26,2.4817625,222.816920328653,11.7571428571429,7.71428571428571,11.908610330345,7.71428571428571
"37818","IFN3","27_1881_A_4_IFN3",31,32,26,39.3231229166667,799.31149197263,24.5263274336283,16.3805309734513,25.0277052236329,17.75
"37861","IFN3","27_1919_A_1_IFN3",1,11,26,0.47955625,31.8309886183791,13.85,7.5,13.85,7.5
"37865","IFN3","27_1927_A_1_IFN3",20,28,26,19.7524526111111,620.492071467603,18.8078203374373,17.7908116735066,20.1324882973596,23.4619565217391
"37882","IFN3","27_1938_A_2E_IFN3",10,14,26,5.738725,795.774715459477,9.404,6,9.58225443202173,7.2
"38042","IFN3","27_2058_A_4_IFN3",15,36,26,49.2051076388889,2680.87659697015,14.6954485488127,10.05672823219,15.286981523169,11.6379310344828
"38086","IFN3","27_2088_A_4_IFN3",15,26,26,18.5234416666667,859.436692696235,15.0765432098765,9.18724279835391,16.565668052472,11.5625
"38509","IFN3","27_252_A_6C_IFN3",8,13,26,15.1417625,1050.42262440651,13.2030303030303,15.2424242424242,13.5475649159366,16.375
"38532","IFN3","27_2537_A_6C_IFN3",10,58,26,2.0830125,318.309886183791,8.9,3.7,9.12800635407316,3.83333333333333
"38554","IFN3","27_2553_A_1_IFN3",18,58,26,14.1922451388889,1015.05485927498,12.8524390243902,9.95993031358885,13.3424582959735,11.3428571428571
"38562","IFN3","27_256_A_1_IFN3",3,13,26,9.04774147222222,221.968093965497,19.0337476099426,13.8878266411727,22.7813719215596,13.8878266411727
"38584","IFN3","27_258_A_6C_IFN3",8,19,26,24.579225,2291.83118052329,11.3722222222222,12.9930555555556,11.685514537238,15
"38630","IFN3","27_2632_A_4_IFN3",2,47,26,1.856825,159.154943091895,12.14,6.8,12.1879448636757,6.8
"38662","IFN3","27_267_A_6C_IFN3",8,19,26,15.961125,1336.90152197192,11.9785714285714,14.3214285714286,12.3292625199447,16.25
"38686","IFN3","27_2700_A_3E_IFN3",7,31,26,3.751325,190.985931710274,15.6666666666667,10.9166666666667,15.8141813994065,11.625
"38717","IFN3","27_273_A_6C_IFN3",8,19,26,11.91520625,859.436692696235,13.1425925925926,12.0740740740741,13.286142181765,14.125
"38797","IFN3","27_2788_A_6C_IFN3",8,50,26,1.4321,254.647908947033,8.45,5,8.46197376502669,5
"38814","IFN3","27_2802_A_3E_IFN3",3,50,26,1.1552,254.647908947033,7.6,5,7.6,5.5
"38826","IFN3","27_2813_A_6C_IFN3",6,47,26,0.7225,127.323954473516,8.5,4,8.5,4
"38827","IFN3","27_2814_A_6C_IFN3",8,50,26,2.777975,509.295817894065,8.3125,4.875,8.33362916141581,5
"38835","IFN3","27_2825_A_4_IFN3",8,47,26,1.569625,141.471060526129,10.125,6.25,11.8855479469817,6.25
"38865","IFN3","27_286_A_4_IFN3",10,19,26,18.6977861111111,1206.04079098525,13.4231671554252,15.024926686217,14.0497680551919,20
"38867","IFN3","27_2866_A_1_IFN3",20,52,26,44.9481034722222,2620.75139624654,14.1605263157895,7.28070175438596,14.7773933053663,8.23333333333333
"38923","IFN3","27_294_A_1_IFN3",3,19,26,11.3308777777778,367.824757367936,15.8307692307692,12.2307692307692,19.8046129047677,18.375
"38958","IFN3","27_321_A_1_IFN3",8,19,26,15.0651076388889,1237.87177960363,11.7752857142857,11.4885714285714,12.4481080031121,21.4142857142857
"38963","IFN3","27_323_A_6C_IFN3",8,19,26,14.8687902777778,1096.4007190775,12.37,14.5,13.1403889813295,21.4677419354839
"38965","IFN3","27_326_A_6C_IFN3",6,19,26,15.35950625,1718.87338539247,10.3824074074074,13.4166666666667,10.6664952243167,16.125
"38983","IFN3","27_346_A_1_IFN3",5,19,26,8.67258125,954.929658551372,10.4683333333333,9.53333333333333,10.7533444409945,11.25
"38987","IFN3","27_350_A_4_IFN3",10,2,26,3.08265725,291.571855744352,10.4539301310044,7.55458515283843,11.6023210484709,7.98449612403101
"38990","IFN3","27_351_A_1_IFN3",15,2,26,21.7867104166667,827.605704077856,17.0373931623932,12.6602564102564,18.3079261593554,18
"38992","IFN3","27_352_A_1_IFN3",5,2,26,3.413777,142.602829010338,11.9910714285714,5.33928571428572,17.4585657445605,5.33928571428572
"39050","IFN3","27_400_A_3E_IFN3",10,5,26,11.75350625,891.267681314614,12.7446428571429,12.1607142857143,12.9579023048816,14.25
"39058","IFN3","27_414_A_1_IFN3",5,2,26,6.43450416666667,215.743367302347,19.0737704918033,9.33606557377049,19.4869502362016,9.47058823529412
"39073","IFN3","27_423_A_6C_IFN3",10,27,26,14.185825,1305.07053335354,11.6439024390244,12.3048780487805,11.7642803725059,12.75
"39075","IFN3","27_424_A_6C_IFN3",10,5,26,2.03725,381.971863420549,8.23333333333333,10.5,8.24065126876106,10
"39116","IFN3","27_46_A_1_IFN3",5,25,26,9.46825,1145.91559026165,10.1888888888889,9.44444444444444,10.2568405358462,10
"39117","IFN3","27_461_A_6C_IFN3",6,51,26,12.59226875,1400.56349920868,10.6238636363636,12.4204545454545,10.6993070081452,13.625
"39121","IFN3","27_465_A_3E_IFN3",6,51,26,9.57086527777778,693.208196578033,11.7765306122449,12.8775510204082,13.2586350376358,18.1176470588235
"39128","IFN3","27_47_A_4_IFN3",8,25,26,9.06577538888889,515.944957738793,13.4685769125308,15.6366876885111,14.9573911325717,19.4626038781163
"39171","IFN3","27_516_A_4_IFN3",3,21,26,2.72087222222222,28.2942121052258,34.95,14.5,34.9913203523388,14.5
"39324","IFN3","27_672_A_1_IFN3",6,30,26,12.2447625,795.774715459477,13.812,14.08,13.997006822889,15
"39325","IFN3","27_673_A_6C_IFN3",10,27,26,15.0935,1018.59163578813,13.51875,15.671875,13.7356743554876,18
"39364","IFN3","27_704_A_1_IFN3",15,27,26,15.7660965277778,587.104901183436,17.2105421686747,18.605421686747,18.4909530956504,25.8125
"39503","IFN3","27_796_A_6C_IFN3",10,51,26,18.210325,1000.90775322236,14.4985865724382,17.0106007067138,15.2200781004947,23.1935483870968
"39507","IFN3","27_8_A_3E_IFN3",4,64,26,0.731025,127.323954473516,8.55,10,8.55,10
"39542","IFN3","27_823_A_1_IFN3",8,61,26,15.350625,1496.05646506382,11.1021276595745,12.8191489361702,11.4299438765585,17.375
"39622","IFN3","27_9_A_1_IFN3",10,25,26,19.2641013888889,834.679257104162,15.7919491525424,17.7648305084746,17.1423211301391,22.1875
"48046","IFN3","36_1001_A_1_IFN3",25,45,26,11.92765625,417.339628552081,17.7402542372881,10.1737288135593,19.0760215311691,12.2567567567568
"48077","IFN3","36_1020_A_1_IFN3",10,57,26,23.2135756944444,1099.93749559065,15.7979099678457,14.604501607717,16.3923824066128,17.625
"48155","IFN3","36_1087_A_1_IFN3",10,33,26,7.6702,541.126806512444,13.2058823529412,7.35294117647059,13.4341093533456,8.25
"48161","IFN3","36_1090_A_1_IFN3",10,33,26,8.35302777777778,1287.38665078778,8.90549450549451,6.56593406593407,9.08913431726931,8
"48213","IFN3","36_1120_A_1_IFN3",10,37,26,15.972675,1559.71844230057,11.2367346938776,13.6428571428571,11.4188083298333,18
"48368","IFN3","36_1226_A_4_IFN3",25,13,26,32.22691,379.142442210026,32.4692537313433,20.7365671641791,32.8975223628154,22.0179487179487
"48390","IFN3","36_1240_A_4_IFN3",5,9,26,1.10600277777778,14.1471060526129,31.55,15.5,31.55,15.5
"48394","IFN3","36_1249_A_4_IFN3",10,9,26,1.74363611111111,141.471060526129,10.045,6.7,12.5270607087217,6.7
"48531","IFN3","36_1369_A_1_IFN3",18,55,26,32.34810625,1160.06269631426,18.50625,14.4634146341463,18.8425101976563,14.5625
"48603","IFN3","36_1416_A_1_IFN3",5,55,26,0.585225,31.8309886183791,15.3,13.5,15.3,13.5
"48719","IFN3","36_1509_A_1_IFN3",9,9,26,0.6241,127.323954473516,7.9,7,7.9,7
"48723","IFN3","36_1511_A_3E_IFN3",30,9,26,31.7094626944444,511.983768044062,26.6478999723681,21.3596297319702,28.0815712811861,23.4381720430108
"48724","IFN3","36_1512_A_1_IFN3",30,14,26,37.2457324722222,682.173453856995,25.1992223143924,21.1949398589797,26.3661010038333,23.3834196891192
"48727","IFN3","36_1514_A_1_IFN3",30,14,26,16.1858538888889,339.813487383762,21.4136136552873,15.1852622814321,24.6264925244127,24.6675531914894
"48734","IFN3","36_1518_A_4_IFN3",10,50,26,5.62775625,795.774715459477,9.382,5.58,9.48915696993152,5.5
"48743","IFN3","36_1526_A_4_IFN3",25,14,26,15.6016391111111,175.989999294505,32.7479099678457,21.8987138263666,33.5966657356508,21.8978494623656
"48746","IFN3","36_1527_A_1_IFN3",35,14,26,19.1680066666667,312.368101641693,26.0159873188406,15.6908967391304,27.9518267661564,20.8446327683616
"48754","IFN3","36_1530_A_1_IFN3",25,50,26,20.9433771111111,228.192820628646,32.272783632982,21.4739615623063,34.1843579518511,25.8883248730964
"48758","IFN3","36_1534_A_4_IFN3",15,1,26,13.73614375,714.428855656952,14.8121287128713,17.8861386138614,15.6461676419879,19.8709677419355
"48760","IFN3","36_1536_A_4_IFN3",10,14,26,0.63600625,31.8309886183791,15.95,7.5,15.95,7.5
"48781","IFN3","36_1550_A_1_IFN3",30,1,26,35.4011902777778,785.022914859491,20.3892773472698,14.8512344566589,23.9619867944447,23.3729281767956
"48788","IFN3","36_1554_A_1_IFN3",25,50,26,27.5793118611111,519.057321070368,24.0019215044971,17.6310983919324,26.0099257082797,23.2204301075269
"48789","IFN3","36_1556_A_1_IFN3",25,1,26,3.42448958333333,74.2723067762178,24.0690476190476,14.3571428571429,24.2292252691426,14.3571428571429
"48803","IFN3","36_1563_A_3E_IFN3",30,50,26,45.2789528888889,1116.20666755116,19.6589226869455,14.1803548795944,22.7264153994306,24.2
"48805","IFN3","36_1564_A_1_IFN3",25,34,26,27.7773912222222,786.720567585804,19.1668045315591,17.66633698975,21.2026690699031,22.0516304347826
"48920","IFN3","36_1670_A_6C_IFN3",10,61,26,1.576825,254.647908947033,8.875,6.25,8.87925954120049,6.5
"48935","IFN3","36_173_A_1_IFN3",90,17,26,3.261061,15.278874536822,51.4833333333333,14.8333333333333,52.130133640087,14.8333333333333
"48943","IFN3","36_178_A_1_IFN3",9,17,26,13.7376930277778,622.04825313339,13.4962133272686,8.00625426427109,16.7687204915253,13.6806775407779
"48958","IFN3","36_186_A_1_IFN3",30,17,26,12.8106840277778,227.909878507594,25.9306331471136,13.7098075729361,26.7522087301758,16.4048913043478
"48997","IFN3","36_217_A_6C_IFN3",9,17,26,7.399125,1273.23954473516,8.565,5.35,8.6018166685881,6
"49078","IFN3","36_277_A_6C_IFN3",1,20,26,0.680625,127.323954473516,8.25,5,8.25,5
"49085","IFN3","36_280_A_4_IFN3",3,20,26,1.618421,10.1859163578813,44.975,13,44.9780640979578,13
"49299","IFN3","36_441_A_1_IFN3",35,60,26,8.385264,125.34335962615,27.1917607223476,15.367381489842,29.1852060609767,15.367381489842
"49366","IFN3","36_478_A_1_IFN3",2,7,26,0.9409,127.323954473516,9.7,4,9.7,4
"49684","IFN3","36_766_A_1_IFN3",10,28,26,0.585225,127.323954473516,7.65,6.5,7.65,6.5
"49687","IFN3","36_769_A_4_IFN3",15,38,26,3.52271875,350.14087480217,11.0318181818182,5.90909090909091,11.3180768523793,6.14285714285714
"49737","IFN3","36_802_A_4_IFN3",5,12,26,1.132096,5.09295817894065,53.2,10.5,53.2,10.5
